donor,receiver,err_scratch,err_as_is,err_tuned,gain_as_is,gain_tuned,d_log_sqm,same_use
Rat_public_Jason,Rat_public_Wilma,0.309725878313372,0.34307071713710013,0.23045575066342666,-10.765919530298579,25.5936404415462,0.46819465977747454,1
Rat_public_Carole,Rat_public_Wilma,0.309725878313372,0.3149347193052906,0.1820979701432163,-1.681758405298131,41.2067305661251,0.3280132224960855,1
Rat_health_Rosaria,Rat_public_Wilma,0.309725878313372,0.3731034180704641,0.4693955796016883,-20.462461871838965,-51.551940754129355,0.05169895101482547,0
Rat_education_Tim,Rat_public_Wilma,0.309725878313372,0.3189864544943166,0.2229789914807957,-2.98992652192111,28.007632847781682,0.7225082250663064,0
Rat_public_Sean,Rat_public_Wilma,0.309725878313372,0.529267062587229,0.7316138065376729,-70.88241559580996,-136.21332854771873,1.0603424037629618,1
Rat_education_Adrian,Rat_public_Wilma,0.309725878313372,0.35290058561576065,0.20168897100213307,-13.939651261140565,34.8814596634803,0.9239444129743319,0
Rat_public_Margart,Rat_public_Wilma,0.309725878313372,0.33989259959784307,0.23457527792282903,-9.739812975507721,24.26358456057317,0.2055663880900721,1
Rat_assembly_Kimberley,Rat_public_Wilma,0.309725878313372,0.3009238083024178,0.24322975929717322,2.8418904028576337,21.469345531702672,0.1608667796041646,0
Rat_public_Johnny,Rat_public_Wilma,0.309725878313372,0.3213321791708168,0.5218616519783261,-3.747281602895921,-68.49145922844751,0.5051588148644677,1
Rat_public_Frederick,Rat_public_Wilma,0.309725878313372,0.3403280766601416,0.20395683491711805,-9.88041377537305,34.14924318633775,0.09202229749693774,1
Rat_health_Guy,Rat_public_Wilma,0.309725878313372,0.2967049570771005,0.4005213524301455,4.204014629703404,-29.314784612511197,2.6353742631278987,0
Rat_assembly_Suzanne,Rat_public_Wilma,0.309725878313372,0.39270110925028495,0.23377185376212814,-26.789892852595585,24.522983021262338,1.4177587612680418,0
Rat_assembly_Pauline,Rat_public_Wilma,0.309725878313372,0.5114603476869005,0.43352348800504903,-65.1332302202463,-39.970056866356536,1.8918310246238443,0
Rat_other_Hazel,Rat_public_Wilma,0.309725878313372,0.28688870692580803,0.3586486318205855,7.3733494637015635,-15.795500774305596,0.5057949947196382,0
Rat_education_Candida,Rat_public_Wilma,0.309725878313372,0.3352973566973384,0.34907598301171555,-8.256164619894593,-12.704816566386553,0.5814214005543992,0
Rat_education_Conrad,Rat_public_Wilma,0.309725878313372,0.5329696692931205,0.3366412289842415,-72.07786194535436,-8.690055483073737,2.0753233994165607,0
Rat_education_Alfonso,Rat_public_Wilma,0.309725878313372,0.30278804720340596,0.2651094166907588,2.2399907775696217,14.40514491897622,1.113658148743481,0
Rat_education_Kandice,Rat_public_Wilma,0.309725878313372,0.3717340121288505,0.6406423599086419,-20.020327056023515,-106.8417283687409,1.2475493427283648,0
Rat_education_Liz,Rat_public_Wilma,0.309725878313372,0.3594093034896041,0.32695889208443596,-16.041095902862786,-5.563956704201536,0.9771670745106278,0
Rat_assembly_Mirta,Rat_public_Wilma,0.309725878313372,0.3307557857081844,0.25079327208440433,-6.789845107335508,19.027343323679695,1.1221397019757229,0
Rat_assembly_Gerald,Rat_public_Wilma,0.309725878313372,0.5831822621431471,0.6967041884468542,-88.28980817453667,-124.9421947693852,0.6005211867817322,0
Rat_parking_Ronnie,Rat_public_Wilma,0.309725878313372,0.40195331774117093,0.3572169669271348,-29.777117730694037,-15.33326465078666,1.490860398545128,0
Rat_education_Dreama,Rat_public_Wilma,0.309725878313372,0.2861427604521829,0.4497489773972657,7.614190325203748,-45.20871805946491,1.258464586515499,0
Rat_assembly_Kaitlyn,Rat_public_Wilma,0.309725878313372,0.33010680074554444,0.21400567665841155,-6.58030983499273,30.904812402570194,0.3225821396154348,0
Rat_assembly_Ida,Rat_public_Wilma,0.309725878313372,0.30959702075867745,0.42328269958869275,0.04160374179782801,-36.663652999775216,0.058772979241791035,0
Rat_public_Michelle,Rat_public_Wilma,0.309725878313372,0.40529451345255696,0.4665074827403717,-30.855876706075968,-50.619472057279125,0.5180398893123199,1
Rat_lodging_Lorenzo,Rat_public_Wilma,0.309725878313372,0.3915844873945595,0.22041753891483243,-26.42937345983251,28.834639160561164,1.233347896353393,0
Rat_office_Ramiro,Rat_public_Wilma,0.309725878313372,0.31761325308644445,0.19107866812956817,-2.546566278550421,38.307167237656486,1.1466039992826695,0
Rat_public_Amber,Rat_public_Wilma,0.309725878313372,0.34893866964728093,0.3823162206066248,-12.660482729904318,-23.43696390128819,0.18599477629756325,1
Rat_public_Duane,Rat_public_Wilma,0.309725878313372,0.5154731668381292,0.3068012031026128,-66.42883366580942,0.9442786074853345,1.300311353135504,1
Rat_public_Alanna,Rat_public_Wilma,0.309725878313372,0.3065864290263671,0.23886185560727025,1.0136218852944776,22.87959375302942,2.249861540849788,1
Rat_office_Kasey,Rat_public_Wilma,0.309725878313372,0.31782746937982226,0.3331167857922585,-2.615729467155886,-7.55213210025035,0.5057949947196382,0
Rat_public_Dexter,Rat_public_Wilma,0.309725878313372,0.31539906236092224,0.24417412513364015,-1.8316790571210422,21.16444177564279,0.49678497829019724,1
Rat_public_Emilee,Rat_public_Wilma,0.309725878313372,0.37044391515020536,0.2280921769225919,-19.603798419259157,26.35675838109511,0.22064323560145593,1
Rat_public_Roma,Rat_public_Wilma,0.309725878313372,0.3377251738275563,0.30351919953126716,-9.040024574845303,2.0039264448626737,0.18923484941775154,1
Rat_education_Terese,Rat_public_Wilma,0.309725878313372,0.3077622521691714,0.23177500799137468,0.633988401257789,25.16769691524736,1.6172809873813698,0
Rat_assembly_Deandre,Rat_public_Wilma,0.309725878313372,0.3624673786508314,0.18968290063852464,-17.028444837953455,38.75781330528385,0.20659007882677188,0
Rat_education_Adell,Rat_public_Wilma,0.309725878313372,0.40864809110972844,0.22066116014815845,-31.93863339254775,28.75598211238273,1.2507386127509244,0
Rat_public_Tricia,Rat_public_Wilma,0.309725878313372,0.4326678937550966,0.5304681765557466,-39.69381445012331,-71.27021463122101,0.6660318287126674,1
Rat_public_Wilma,Rat_public_Jason,0.3431444331224469,0.3128732702003948,0.26846957193744,8.821697221370986,21.761932870512318,0.46819465977747454,1
Rat_public_Carole,Rat_public_Jason,0.3431444331224469,0.28553309663252113,0.24819672273317658,16.78923827080356,27.66989676192398,0.7962078822735601,1
Rat_health_Rosaria,Rat_public_Jason,0.3431444331224469,0.34117496224031557,0.4418502197080357,0.5739480790086311,-28.76508462847969,0.5198936107923,0
Rat_education_Tim,Rat_public_Jason,0.3431444331224469,0.29788910696295484,0.24173096436005367,13.188419158571415,29.554164070091467,0.25431356528883187,0
Rat_public_Sean,Rat_public_Jason,0.3431444331224469,0.5359238816510451,0.683750003311786,-56.180264028881155,-99.2601182802223,0.5921477439854872,1
Rat_education_Adrian,Rat_public_Jason,0.3431444331224469,0.33322692652482133,0.25993021917832004,2.8901843189997605,24.2504921868958,0.45574975319685734,0
Rat_public_Margart,Rat_public_Jason,0.3431444331224469,0.40684175702268655,0.32766726441008454,-18.562831785037297,4.510394812915277,0.26262827168740244,1
Rat_assembly_Kimberley,Rat_public_Jason,0.3431444331224469,0.2837467928907514,0.25948730421026334,17.309807328420277,24.379567563123352,0.30732788017331,0
Rat_public_Johnny,Rat_public_Jason,0.3431444331224469,0.33139256661083283,0.4719115600920658,3.424758025265872,-37.525634846499145,0.9733534746419423,1
Rat_public_Frederick,Rat_public_Jason,0.3431444331224469,0.286910896984626,0.24096435156261306,16.387716282069086,29.777572268926228,0.5602169572744123,1
Rat_health_Guy,Rat_public_Jason,0.3431444331224469,0.2715612602780277,0.3633487881385083,20.860945402216576,-5.888003145559323,2.1671796033504243,0
Rat_assembly_Suzanne,Rat_public_Jason,0.3431444331224469,0.370264834217493,0.28845331643195066,-7.903494411453417,15.938220589165262,1.8859534210455164,0
Rat_assembly_Pauline,Rat_public_Jason,0.3431444331224469,0.474823487466633,0.4092131779439774,-38.3742359291599,-19.253917139304033,2.360025684401319,0
Rat_other_Hazel,Rat_public_Jason,0.3431444331224469,0.31438598836486203,0.3581095847094269,8.380857149829609,-4.361181514968608,0.037600334942163624,0
Rat_education_Candida,Rat_public_Jason,0.3431444331224469,0.3542374352369356,0.3589150641623837,-3.2327501319336025,-4.595916330750804,0.11322674077692456,0
Rat_education_Conrad,Rat_public_Jason,0.3431444331224469,0.5335491752804702,0.3945424416086131,-55.48822122085241,-14.978534845653597,1.6071287396390863,0
Rat_education_Alfonso,Rat_public_Jason,0.3431444331224469,0.32405429130440977,0.29136462451553985,5.563296377658284,15.089799981814092,0.6454634889660062,0
Rat_education_Kandice,Rat_public_Jason,0.3431444331224469,0.3214308878565602,0.5748765216845985,6.327815103483986,-67.53193879717139,0.7793546829508902,0
Rat_education_Liz,Rat_public_Jason,0.3431444331224469,0.3696512955737344,0.31722472061003903,-7.724695461350767,7.553586772937313,0.5089724147331531,0
Rat_assembly_Mirta,Rat_public_Jason,0.3431444331224469,0.3408602947207173,0.2886639268885834,0.6656492663876374,15.876843968622046,0.6539450421982482,0
Rat_assembly_Gerald,Rat_public_Jason,0.3431444331224469,0.573991909493426,0.6986550142228641,-67.27414292296096,-103.60377345056844,1.0687158465592068,0
Rat_parking_Ronnie,Rat_public_Jason,0.3431444331224469,0.38495863852605067,0.3427219933135383,-12.185599230946249,0.12310845467158166,1.9590550583226027,0
Rat_education_Dreama,Rat_public_Jason,0.3431444331224469,0.28437514837827044,0.39970314494994374,17.126690417036542,-16.482479786380374,0.7902699267380244,0
Rat_assembly_Kaitlyn,Rat_public_Jason,0.3431444331224469,0.3182393914816976,0.2707741571044626,7.257888876157942,21.09032495717622,0.14561252016203977,0
Rat_assembly_Ida,Rat_public_Jason,0.3431444331224469,0.268926795609473,0.36472510865268926,21.62868761635723,-6.289093876263335,0.5269676390192656,0
Rat_public_Michelle,Rat_public_Jason,0.3431444331224469,0.4127445748645081,0.41577597369332603,-20.283045570267266,-21.16646331982353,0.04984522953484534,1
Rat_lodging_Lorenzo,Rat_public_Jason,0.3431444331224469,0.3446580916634123,0.3044084433121054,-0.44111411838795056,11.288538024021804,1.7015425561308677,0
Rat_office_Ramiro,Rat_public_Jason,0.3431444331224469,0.32070039518250865,0.2889581800248449,6.540697086561618,15.791091991361636,0.6784093395051949,0
Rat_public_Amber,Rat_public_Jason,0.3431444331224469,0.3490233610672118,0.35858928263795065,-1.7132517323010417,-4.5009762725751195,0.2821998834799113,1
Rat_public_Duane,Rat_public_Jason,0.3431444331224469,0.46759624234190195,0.3500348905818673,-36.26805426712137,-2.0080341670475623,0.8321166933580294,1
Rat_public_Alanna,Rat_public_Jason,0.3431444331224469,0.27406216196042665,0.2531862751928949,20.13212644407642,26.215829034723566,1.7816668810723135,1
Rat_office_Kasey,Rat_public_Jason,0.3431444331224469,0.35646020911856985,0.31789434200619965,-3.8805163979948243,7.358444048322088,0.037600334942163624,0
Rat_public_Dexter,Rat_public_Jason,0.3431444331224469,0.29803729008771146,0.2695343368448789,13.145235265594273,21.451636445840627,0.9649796380676718,1
Rat_public_Emilee,Rat_public_Jason,0.3431444331224469,0.44419965832318564,0.34780146703184645,-29.449763844683556,-1.3571643482666458,0.2475514241760186,1
Rat_public_Roma,Rat_public_Jason,0.3431444331224469,0.32990451759182743,0.3135868269643491,3.858408953379401,8.613750743131115,0.278959810359723,1
Rat_education_Terese,Rat_public_Jason,0.3431444331224469,0.3060428821145825,0.2673676418335394,10.81222582288699,22.083060068722578,1.1490863276038952,0
Rat_assembly_Deandre,Rat_public_Jason,0.3431444331224469,0.37783681314010004,0.3668739197248937,-10.110139250102177,-6.915305717338915,0.6747847386042465,0
Rat_education_Adell,Rat_public_Jason,0.3431444331224469,0.45075616725768924,0.2943476583779031,-31.36047790606074,14.22047687048773,0.7825439529734497,0
Rat_public_Tricia,Rat_public_Jason,0.3431444331224469,0.3931700565836076,0.5040665878287715,-14.57859100494562,-46.89633261481512,1.134226488490142,1
Rat_public_Wilma,Rat_public_Carole,0.24765219832918747,0.21430467804884812,0.17461485629460818,13.465465077767139,29.491901354937962,0.3280132224960855,1
Rat_public_Jason,Rat_public_Carole,0.24765219832918747,0.21480822446646572,0.19296472315447,13.262137014856803,22.082370172230444,0.7962078822735601,1
Rat_health_Rosaria,Rat_public_Carole,0.24765219832918747,0.29614626406409966,0.38179999487349014,-19.5815203992061,-54.16781980912966,0.27631427148126003,0
Rat_education_Tim,Rat_public_Carole,0.24765219832918747,0.22487159481753774,0.18224639884752117,9.198627617821103,26.4103447992522,1.0505214475623919,0
Rat_public_Sean,Rat_public_Carole,0.24765219832918747,0.5151904626843625,0.6794577626286413,-108.02983626236757,-174.359673450378,1.3883556262590473,1
Rat_education_Adrian,Rat_public_Carole,0.24765219832918747,0.26464326332358173,0.19180573280199134,-6.860857730731378,22.5503613147674,1.2519576354704174,0
Rat_public_Margart,Rat_public_Carole,0.24765219832918747,0.34037278459506287,0.19518222587070713,-37.43983977991107,21.186960104725387,0.5335796105861577,1
Rat_assembly_Kimberley,Rat_public_Carole,0.24765219832918747,0.18267556145136862,0.1764179982181481,26.237052332339793,28.763806900010845,0.48888000210025007,0
Rat_public_Johnny,Rat_public_Carole,0.24765219832918747,0.26630898159462313,0.43667418746913583,-7.533461601110621,-76.3255849999337,0.17714559236838223,1
Rat_public_Frederick,Rat_public_Carole,0.24765219832918747,0.1997144050788996,0.15758002925256134,19.356901967236883,36.3704298545734,0.23599092499914776,1
Rat_health_Guy,Rat_public_Carole,0.24765219832918747,0.21831072432368295,0.3099903266765511,11.847855259698873,-25.17164344509541,2.9633874856239846,0
Rat_assembly_Suzanne,Rat_public_Carole,0.24765219832918747,0.2965880469079694,0.17968571932944577,-19.75990881927678,27.444326946534275,1.0897455387719563,0
Rat_assembly_Pauline,Rat_public_Carole,0.24765219832918747,0.43599793472894477,0.3452813930041401,-76.05251948920798,-39.42189705305208,1.563817802127759,0
Rat_other_Hazel,Rat_public_Carole,0.24765219832918747,0.20569052056183165,0.2825072217873496,16.94379377629387,-14.07418294419163,0.8338082172157237,0
Rat_education_Candida,Rat_public_Carole,0.24765219832918747,0.2581457034901342,0.2634573451063112,-4.237194433056649,-6.38199332925565,0.9094346230504846,0
Rat_education_Conrad,Rat_public_Carole,0.24765219832918747,0.503768436531824,0.33279700547378716,-103.41771239284472,-34.380800057111706,2.403336621912646,0
Rat_education_Alfonso,Rat_public_Carole,0.24765219832918747,0.24301123624676488,0.19473905803903543,1.8739838021763389,21.365907771922195,1.4416713712395663,0
Rat_education_Kandice,Rat_public_Carole,0.24765219832918747,0.30907234425364105,0.5373060579704153,-24.800969399355743,-116.9599388155684,1.5755625652244503,0
Rat_education_Liz,Rat_public_Carole,0.24765219832918747,0.3108977048868662,0.2388758302586146,-25.538035593615326,3.543828049895613,1.3051802970067132,0
Rat_assembly_Mirta,Rat_public_Carole,0.24765219832918747,0.2609916159684606,0.2029163242723168,-5.386351394927629,18.063992308037697,1.4501529244718083,0
Rat_assembly_Gerald,Rat_public_Carole,0.24765219832918747,0.5495076564467555,0.6358702812053418,-121.88684782693984,-156.7593930097572,0.2725079642856467,0
Rat_parking_Ronnie,Rat_public_Carole,0.24765219832918747,0.29616668390055695,0.24457701658948627,-19.58976576774918,1.2417340772455274,1.1628471760490426,0
Rat_education_Dreama,Rat_public_Carole,0.24765219832918747,0.21710465610014443,0.3930679533779825,12.334856074420241,-58.71773238027293,1.5864778090115845,0
Rat_assembly_Kaitlyn,Rat_public_Carole,0.24765219832918747,0.21919362206752752,0.16364094256948367,11.491348130022201,33.92308096859018,0.6505953621115202,0
Rat_assembly_Ida,Rat_public_Carole,0.24765219832918747,0.18992233959993282,0.3455745453283979,23.31086060157569,-39.540269644224516,0.26924024325429446,0
Rat_public_Michelle,Rat_public_Carole,0.24765219832918747,0.38818680101379854,0.43717729085127005,-56.746761641020385,-76.52873416861803,0.8460531118084054,1
Rat_lodging_Lorenzo,Rat_public_Carole,0.24765219832918747,0.26392807385259215,0.2219436434837474,-6.57206987590324,10.380911221013033,0.9053346738573076,0
Rat_office_Ramiro,Rat_public_Carole,0.24765219832918747,0.2169660761942089,0.18981377398174926,12.390813544965816,23.35469853998933,1.474617221778755,0
Rat_public_Amber,Rat_public_Carole,0.24765219832918747,0.28841354515385104,0.34852874136555445,-16.45910963022514,-40.73315065117191,0.5140079987936488,1
Rat_public_Duane,Rat_public_Carole,0.24765219832918747,0.3848243606961979,0.2431831608682485,-55.38903482079197,1.8045619990817003,1.6283245756315896,1
Rat_public_Alanna,Rat_public_Carole,0.24765219832918747,0.1773464715696876,0.18319557688099863,28.38889670022116,26.02707421256603,2.5778747633458736,1
Rat_office_Kasey,Rat_public_Carole,0.24765219832918747,0.30649664838548046,0.2441425651527143,-23.760923768613193,1.417162133084747,0.8338082172157237,0
Rat_public_Dexter,Rat_public_Carole,0.24765219832918747,0.16095624240824943,0.17253814704045567,35.007141671199264,30.330460135422555,0.16877175579411174,1
Rat_public_Emilee,Rat_public_Carole,0.24765219832918747,0.38840734701455226,0.2262629638835492,-56.835816372713325,8.63680378770836,0.5486564580975415,1
Rat_public_Roma,Rat_public_Carole,0.24765219832918747,0.2676392105498993,0.25876962188856023,-8.07059753781973,-4.489127750279492,0.517248071913837,1
Rat_education_Terese,Rat_public_Carole,0.24765219832918747,0.2158123382877262,0.1867091793008015,12.856683791330084,24.608309330401543,1.9452942098774553,0
Rat_assembly_Deandre,Rat_public_Carole,0.24765219832918747,0.2547500734701292,0.2477830623090951,-2.866065873361227,-0.0528418406097439,0.12142314366931362,0
Rat_education_Adell,Rat_public_Carole,0.24765219832918747,0.41555142488396857,0.2078943597845247,-67.79638044302918,16.053900919472294,1.5787518352470098,0
Rat_public_Tricia,Rat_public_Carole,0.24765219832918747,0.3393641799722662,0.43235625039697395,-37.03257320622373,-74.58203614339484,0.338018606216582,1
Rat_public_Wilma,Rat_health_Rosaria,0.37689423854558224,0.608389472772384,0.5858518059132208,-61.421802339067675,-55.44196381828398,0.05169895101482547,0
Rat_public_Jason,Rat_health_Rosaria,0.37689423854558224,0.603758671794999,0.631499164875938,-60.193128482111135,-67.55341427156452,0.5198936107923,0
Rat_public_Carole,Rat_health_Rosaria,0.37689423854558224,0.6303130991400586,0.6289335604870511,-67.23871969293249,-66.87269163733495,0.27631427148126003,0
Rat_education_Tim,Rat_health_Rosaria,0.37689423854558224,0.7073497903654946,0.5825211100745157,-87.67858938229604,-54.55824220673635,0.7742071760811319,0
Rat_public_Sean,Rat_health_Rosaria,0.37689423854558224,0.9057537842039796,0.7523429405317174,-140.32041129077544,-99.61646095598984,1.1120413547777872,0
Rat_education_Adrian,Rat_health_Rosaria,0.37689423854558224,0.7563357703696235,0.6896710312909345,-100.67586421280647,-82.98794748159159,0.9756433639891573,0
Rat_public_Margart,Rat_health_Rosaria,0.37689423854558224,0.773980094033035,0.647226038779749,-105.3573694890612,-71.72616946264951,0.2572653391048976,0
Rat_assembly_Kimberley,Rat_health_Rosaria,0.37689423854558224,0.6528650645769856,0.5121076428029036,-73.22235200420208,-35.87568883491127,0.21256573061899006,0
Rat_public_Johnny,Rat_health_Rosaria,0.37689423854558224,0.6541462408188421,0.3853395967198613,-73.5622819131337,-2.240776671691587,0.45345986384964226,0
Rat_public_Frederick,Rat_health_Rosaria,0.37689423854558224,0.6471469755040548,0.6560263038483238,-71.70519188655298,-74.06111231094951,0.04032334648211228,0
Rat_health_Guy,Rat_health_Rosaria,0.37689423854558224,0.612180885449227,0.3577862158333653,-62.427764301095515,5.069863308591277,2.6870732141427243,1
Rat_assembly_Suzanne,Rat_health_Rosaria,0.37689423854558224,0.7736594559897694,0.6320918245702734,-105.27229574410212,-67.7106625480631,1.3660598102532164,0
Rat_assembly_Pauline,Rat_health_Rosaria,0.37689423854558224,0.8587522790555303,0.7394321764875526,-127.84967007439975,-96.19089411952481,1.840132073609019,0
Rat_other_Hazel,Rat_health_Rosaria,0.37689423854558224,0.5893202959512607,0.34146169696308837,-56.362245871791764,9.401189500594768,0.5574939457344636,0
Rat_education_Candida,Rat_health_Rosaria,0.37689423854558224,0.5417163487346393,0.29226262960043414,-43.73166085666315,22.455002037637307,0.6331203515692245,0
Rat_education_Conrad,Rat_health_Rosaria,0.37689423854558224,0.9771716210329152,0.9597053068351831,-159.26945044418196,-154.63517578263927,2.1270223504313863,0
Rat_education_Alfonso,Rat_health_Rosaria,0.37689423854558224,0.5993537326953563,0.41002710821130633,-59.02438174917057,-8.791025777836865,1.1653570997583063,0
Rat_education_Kandice,Rat_health_Rosaria,0.37689423854558224,0.7255381574356565,0.5951175089369485,-92.50444374938587,-57.9003996541523,1.2992482937431902,0
Rat_education_Liz,Rat_health_Rosaria,0.37689423854558224,0.6256675808572184,0.39047880433416227,-66.00614094596968,-3.604344242831159,1.0288660255254531,0
Rat_assembly_Mirta,Rat_health_Rosaria,0.37689423854558224,0.714939504558561,0.6018584861258873,-89.69234109746016,-59.688959016309695,1.1738386529905482,0
Rat_assembly_Gerald,Rat_health_Rosaria,0.37689423854558224,1.1119797131668254,0.95019063690413,-195.03759926336488,-152.1106824479123,0.5488222357669068,0
Rat_parking_Ronnie,Rat_health_Rosaria,0.37689423854558224,0.559528004858413,0.33082642204713203,-48.45756385600539,12.223008947078581,1.4391614475303027,0
Rat_education_Dreama,Rat_health_Rosaria,0.37689423854558224,0.633927601200954,0.33618066464737895,-68.19774259411656,10.802386912390896,1.3101635375303244,0
Rat_assembly_Kaitlyn,Rat_health_Rosaria,0.37689423854558224,0.7143523377880925,0.5570803266533816,-89.5365502388006,-47.80813015426536,0.37428109063026027,0
Rat_assembly_Ida,Rat_health_Rosaria,0.37689423854558224,0.5404982433798804,0.2803501002232336,-43.40846532057338,25.61571084103278,0.0070740282269655674,0
Rat_public_Michelle,Rat_health_Rosaria,0.37689423854558224,0.6915246351373813,0.3874265711665821,-83.47975755902861,-2.7945061356320102,0.5697388403271454,0
Rat_lodging_Lorenzo,Rat_health_Rosaria,0.37689423854558224,0.7923232460296903,0.9407936606613863,-110.22429238696503,-149.6174163584634,1.1816489453385677,0
Rat_office_Ramiro,Rat_health_Rosaria,0.37689423854558224,0.6908512500452149,0.6732021232950594,-83.3010907015131,-78.61831103943531,1.198302950297495,0
Rat_public_Amber,Rat_health_Rosaria,0.37689423854558224,0.5778637707868849,0.42789764766480154,-53.32252703486128,-13.532552080403018,0.23769372731238872,0
Rat_public_Duane,Rat_health_Rosaria,0.37689423854558224,0.6631122071943311,0.5269050012484245,-75.94118969641217,-39.801819014726,1.3520103041503295,0
Rat_public_Alanna,Rat_health_Rosaria,0.37689423854558224,0.6002895759581375,0.509204358177759,-59.27268569416919,-35.10537071162337,2.3015604918646138,0
Rat_office_Kasey,Rat_health_Rosaria,0.37689423854558224,0.6184769406565418,0.41781361977519205,-64.0982741055465,-10.856993035371367,0.5574939457344636,0
Rat_public_Dexter,Rat_health_Rosaria,0.37689423854558224,0.5382256593303125,0.44256945999576563,-42.80548872471516,-17.425371558774973,0.4450860272753718,0
Rat_public_Emilee,Rat_health_Rosaria,0.37689423854558224,0.857111456293721,0.7996768412039821,-127.41431644093983,-112.17539548757729,0.2723421866162814,0
Rat_public_Roma,Rat_health_Rosaria,0.37689423854558224,0.6979706456034795,0.5276889404783742,-85.19005445583795,-40.009818806119696,0.240933800432577,0
Rat_education_Terese,Rat_health_Rosaria,0.37689423854558224,0.5947158387032461,0.46954413058905914,-57.79382592799176,-24.58246440725882,1.6689799383961952,0
Rat_assembly_Deandre,Rat_health_Rosaria,0.37689423854558224,0.7893480641508887,1.002062548300736,-109.4348980225718,-165.873671130567,0.15489112781194642,0
Rat_education_Adell,Rat_health_Rosaria,0.37689423854558224,0.7742695284445649,0.5792375942673335,-105.43416408604065,-53.68703870416939,1.3024375637657497,0
Rat_public_Tricia,Rat_health_Rosaria,0.37689423854558224,0.6495386504723795,0.27271033381278476,-72.33976644984536,27.6427427319766,0.6143328776978421,0
Rat_public_Wilma,Rat_education_Tim,0.19559317461758166,0.20776625065680096,0.21174418901612024,-6.223671180254505,-8.257452965890346,0.7225082250663064,0
Rat_public_Jason,Rat_education_Tim,0.19559317461758166,0.2651394687840647,0.27619216389536533,-35.55660584908344,-41.20746515586169,0.25431356528883187,0
Rat_public_Carole,Rat_education_Tim,0.19559317461758166,0.20653295382737194,0.23379293803864823,-5.593129326306723,-19.530212900196382,1.0505214475623919,0
Rat_health_Rosaria,Rat_education_Tim,0.19559317461758166,0.33107385746568735,0.2783434081309678,-69.26656981410203,-42.30732165126779,0.7742071760811319,0
Rat_public_Sean,Rat_education_Tim,0.19559317461758166,0.546045448095493,0.5656093923010923,-179.17408118310158,-189.17644667660622,0.3378341786966554,0
Rat_education_Adrian,Rat_education_Tim,0.19559317461758166,0.204744257235327,0.21653306712125478,-4.678630854904458,-10.705840091104516,0.20143618790802548,1
Rat_public_Margart,Rat_education_Tim,0.19559317461758166,0.3233350312360227,0.2631095584082501,-65.30997662275198,-34.51878314397965,0.5169418369762343,0
Rat_assembly_Kimberley,Rat_education_Tim,0.19559317461758166,0.19160270857008396,0.16818005659746774,2.040186757692208,14.015375574179053,0.5616414454621418,0
Rat_public_Johnny,Rat_education_Tim,0.19559317461758166,0.31315668766647625,0.30021937009846317,-60.10614290542168,-53.49174156278394,1.227667039930774,0
Rat_public_Frederick,Rat_education_Tim,0.19559317461758166,0.21503211680975617,0.23324161420344822,-9.938456303590854,-19.248340162930397,0.8145305225632442,0
Rat_health_Guy,Rat_education_Tim,0.19559317461758166,0.22649980202348244,0.20645900789720645,-15.801485643008023,-5.55532333930842,1.9128660380615925,0
Rat_assembly_Suzanne,Rat_education_Tim,0.19559317461758166,0.3389848286095376,0.2427444493817829,-73.31117472391934,-24.10680989067748,2.1402669863343484,0
Rat_assembly_Pauline,Rat_education_Tim,0.19559317461758166,0.42082113378182484,0.3442010123995393,-115.15123654217618,-75.97802841152897,2.614339249690151,0
Rat_other_Hazel,Rat_education_Tim,0.19559317461758166,0.23630331297194007,0.19726292239875906,-20.81368045380609,-0.8536840738139478,0.21671323034666823,0
Rat_education_Candida,Rat_education_Tim,0.19559317461758166,0.2529145893570111,0.20220336012503118,-29.306449395027556,-3.3795583717957283,0.1410868245119073,1
Rat_education_Conrad,Rat_education_Tim,0.19559317461758166,0.39640251998210274,0.3606780637601724,-102.66684701914468,-84.4021727574902,1.3528151743502546,1
Rat_education_Alfonso,Rat_education_Tim,0.19559317461758166,0.20945987544288097,0.18600898359323279,-7.089562737764801,4.900064147477344,0.39114992367717444,1
Rat_education_Kandice,Rat_education_Tim,0.19559317461758166,0.3244645645707253,0.4268725304727875,-65.88746780408336,-118.2451055909271,0.5250411176620584,1
Rat_education_Liz,Rat_education_Tim,0.19559317461758166,0.2656344216562277,0.23455195813788837,-35.809658069914114,-19.91827352691516,0.2546588494443213,1
Rat_assembly_Mirta,Rat_education_Tim,0.19559317461758166,0.17751851967461255,0.19748736582413967,9.240943595454278,-0.9684342054683045,0.3996314769094164,0
Rat_assembly_Gerald,Rat_education_Tim,0.19559317461758166,0.5570353685144829,0.5230035399833897,-184.7928459689777,-167.39355348465082,1.3230294118480386,0
Rat_parking_Ronnie,Rat_education_Tim,0.19559317461758166,0.32973112034580193,0.24558338002837046,-68.58007493895585,-25.55825657440668,2.2133686236114345,0
Rat_education_Dreama,Rat_education_Tim,0.19559317461758166,0.232287813912289,0.23228097250225216,-18.76069518604199,-18.757197410595467,0.5359563614491927,1
Rat_assembly_Kaitlyn,Rat_education_Tim,0.19559317461758166,0.24179777446699718,0.18036665246805575,-23.622807871365385,7.7847921734980705,0.3999260854508716,0
Rat_assembly_Ida,Rat_education_Tim,0.19559317461758166,0.2151434239295287,0.21658135322594407,-9.995363769810039,-10.730527100139316,0.7812812043080974,0
Rat_public_Michelle,Rat_education_Tim,0.19559317461758166,0.3500029969994968,0.2932244701794548,-78.94438171669992,-49.91549206804334,0.2044683357539865,0
Rat_lodging_Lorenzo,Rat_education_Tim,0.19559317461758166,0.28190327930061915,0.32648164172764416,-44.127360196381396,-66.91872932988177,1.9558561214196994,0
Rat_office_Ramiro,Rat_education_Tim,0.19559317461758166,0.20183270519261864,0.2513231144059564,-3.1900553724516922,-28.492783501948043,0.4240957742163631,0
Rat_public_Amber,Rat_education_Tim,0.19559317461758166,0.3005045134193162,0.3041335458182098,-53.63752544374532,-55.49292372438007,0.5365134487687432,0
Rat_public_Duane,Rat_education_Tim,0.19559317461758166,0.41717340164458233,0.25882780905583225,-113.2862777345008,-32.32967334462728,0.5778031280691975,0
Rat_public_Alanna,Rat_education_Tim,0.19559317461758166,0.1846170238034596,0.18985249775800847,5.611724864930656,2.935008785862391,1.5273533157834818,0
Rat_office_Kasey,Rat_education_Tim,0.19559317461758166,0.2521787382315417,0.2182788779132648,-28.930234260267284,-11.598412541765633,0.21671323034666823,0
Rat_public_Dexter,Rat_education_Tim,0.19559317461758166,0.22877794199925314,0.1817861686470606,-16.96621952506953,7.0590428308738975,1.2192932033565036,0
Rat_public_Emilee,Rat_education_Tim,0.19559317461758166,0.3577493152777228,0.31026993559713845,-82.90480533238663,-58.63024678840129,0.5018649894648505,0
Rat_public_Roma,Rat_education_Tim,0.19559317461758166,0.2643650782268354,0.22024137832319846,-35.160686840793225,-12.601770871508311,0.5332733756485548,0
Rat_education_Terese,Rat_education_Tim,0.19559317461758166,0.15652021478670342,0.16413168930160718,19.976647910783498,16.085165230068537,0.8947727623150634,1
Rat_assembly_Deandre,Rat_education_Tim,0.19559317461758166,0.2777150759901086,0.3970324135886981,-41.986077240726516,-102.98888975290924,0.9290983038930782,0
Rat_education_Adell,Rat_education_Tim,0.19559317461758166,0.3113714742578001,0.19872058674369275,-59.19342526475423,-1.5989372493317924,0.5282303876846179,1
Rat_public_Tricia,Rat_education_Tim,0.19559317461758166,0.38980857493702753,0.30003414381402815,-99.29559183195958,-53.39704179383896,1.3885400537789738,0
Rat_public_Wilma,Rat_public_Sean,0.6550287256363049,0.9927139808991828,0.913494229867528,-51.55273990997041,-39.45865182937525,1.0603424037629618,1
Rat_public_Jason,Rat_public_Sean,0.6550287256363049,1.0105426410868295,0.9841209891444891,-54.27455339537559,-50.24089030423803,0.5921477439854872,1
Rat_public_Carole,Rat_public_Sean,0.6550287256363049,1.0094393750305444,0.9771242824294334,-54.10612321619325,-49.17273765058777,1.3883556262590473,1
Rat_health_Rosaria,Rat_public_Sean,0.6550287256363049,0.9717154079808623,0.7278122035169751,-48.34699150589513,-11.111494050885664,1.1120413547777872,0
Rat_education_Tim,Rat_public_Sean,0.6550287256363049,1.1309509434999434,1.05388740615467,-72.65669416273622,-60.891784574929545,0.3378341786966554,0
Rat_education_Adrian,Rat_public_Sean,0.6550287256363049,1.2129099227554139,1.1650216237067297,-85.16896668572431,-77.85809661629877,0.1363979907886299,0
Rat_public_Margart,Rat_public_Sean,0.6550287256363049,1.170662522145491,0.9992653296032212,-78.71926471748114,-52.552901955943945,0.8547760156728896,1
Rat_assembly_Kimberley,Rat_public_Sean,0.6550287256363049,1.0267401549923474,0.901745288343997,-56.747347835006224,-37.66499896138569,0.8994756241587972,0
Rat_public_Johnny,Rat_public_Sean,0.6550287256363049,0.9363524345837436,0.39857546522393433,-42.94830103430298,39.15145250511692,1.5655012186274295,1
Rat_public_Frederick,Rat_public_Sean,0.6550287256363049,1.0252032254729766,1.0531966942693647,-56.512712397014134,-60.78633700320141,1.1523647012598994,1
Rat_health_Guy,Rat_public_Sean,0.6550287256363049,0.9093083966977904,0.5345706281062058,-38.81962135545649,18.38974274190559,1.575031859364937,0
Rat_assembly_Suzanne,Rat_public_Sean,0.6550287256363049,1.192476990977986,1.0161688713275172,-82.04957192062008,-55.133482175212286,2.4781011650310036,0
Rat_assembly_Pauline,Rat_public_Sean,0.6550287256363049,1.2608287447824809,1.1562290612123558,-92.48449654748998,-76.51577953152776,2.952173428386806,0
Rat_other_Hazel,Rat_public_Sean,0.6550287256363049,0.8748410616228557,0.562240290799978,-33.557663562467695,14.165552013950355,0.5545474090433236,0
Rat_education_Candida,Rat_public_Sean,0.6550287256363049,0.8758721258871316,0.5323550221445388,-33.7150710507079,18.727988359991237,0.4789210032085627,0
Rat_education_Conrad,Rat_public_Sean,0.6550287256363049,1.4694540525198196,1.5056613799857463,-124.33429176596333,-129.86188560251674,1.0149809956535991,0
Rat_education_Alfonso,Rat_public_Sean,0.6550287256363049,0.9798687767403105,0.7787049719377699,-49.59172604048029,-18.881041618644133,0.05331574498051905,0
Rat_education_Kandice,Rat_public_Sean,0.6550287256363049,1.0327954967275148,0.7574329917664873,-57.67178694709023,-15.633553479766146,0.18720693896540297,0
Rat_education_Liz,Rat_public_Sean,0.6550287256363049,1.0104001171208692,0.6364537540974791,-54.25279496549577,2.835749152952308,0.08317532925233406,0
Rat_assembly_Mirta,Rat_public_Sean,0.6550287256363049,1.1587845590218309,1.0660265878761233,-76.90591475910769,-62.74501348632746,0.06179729821276103,0
Rat_assembly_Gerald,Rat_public_Sean,0.6550287256363049,1.3739269948528363,1.165330209439217,-109.75064773200332,-77.90520687580495,1.660863590544694,0
Rat_parking_Ronnie,Rat_public_Sean,0.6550287256363049,0.9387670838849145,0.6376304662648095,-43.31693361584744,2.656106318786933,2.55120280230809,0
Rat_education_Dreama,Rat_public_Sean,0.6550287256363049,0.9272865114203626,0.5028568712639893,-41.56425132647158,23.231325347524805,0.19812218275253723,0
Rat_assembly_Kaitlyn,Rat_public_Sean,0.6550287256363049,1.111859953698905,0.9397333919801535,-69.74216705058656,-43.46445509962669,0.737760264147527,0
Rat_assembly_Ida,Rat_public_Sean,0.6550287256363049,0.8859698579008117,0.6529569956806428,-35.256641919049756,0.3162807789306586,1.1191153830047529,0
Rat_public_Michelle,Rat_public_Sean,0.6550287256363049,0.9756364991426811,0.6015866992171063,-48.945605125169585,8.158730194203956,0.5423025144506419,1
Rat_lodging_Lorenzo,Rat_public_Sean,0.6550287256363049,1.2363035691053148,1.3415828249160981,-88.74035912002954,-104.8128230731964,2.2936903001163547,0
Rat_office_Ramiro,Rat_public_Sean,0.6550287256363049,1.1102060005459062,1.1217254536335541,-69.48966619249181,-71.24828419454322,0.08626159551970769,0
Rat_public_Amber,Rat_public_Sean,0.6550287256363049,0.9395848083413972,0.8139802532183722,-43.441771569433115,-24.266344567966755,0.8743476274653985,1
Rat_public_Duane,Rat_public_Sean,0.6550287256363049,1.0590663261815716,0.848081923702559,-61.68242471393578,-29.472478154102216,0.2399689493725422,1
Rat_public_Alanna,Rat_public_Sean,0.6550287256363049,0.9568394022937661,0.8789370080531728,-46.07594519832359,-34.182971471878574,1.1895191370868263,1
Rat_office_Kasey,Rat_public_Sean,0.6550287256363049,0.9435940197547491,0.6972903411837333,-44.05383807223531,-6.451872092536841,0.5545474090433236,0
Rat_public_Dexter,Rat_public_Sean,0.6550287256363049,0.8890772828656367,0.7531688410069886,-35.73103713916874,-14.982566646271714,1.557127382053159,1
Rat_public_Emilee,Rat_public_Sean,0.6550287256363049,1.2707249870267867,1.1720125655946707,-93.99530696800895,-78.92536918226905,0.8396991681615058,1
Rat_public_Roma,Rat_public_Sean,0.6550287256363049,1.1218412177853259,0.9094626435879503,-71.26595733577214,-38.84316946626797,0.8711075543452103,1
Rat_education_Terese,Rat_public_Sean,0.6550287256363049,0.9844249385718441,0.887282747086584,-50.2872927619409,-35.457074225968334,0.556938583618408,0
Rat_assembly_Deandre,Rat_public_Sean,0.6550287256363049,1.2200885028228368,1.504166431669801,-86.26488504570914,-129.6336592274836,1.2669324825897337,0
Rat_education_Adell,Rat_public_Sean,0.6550287256363049,1.2000466565897434,0.9121513207639956,-83.20519537887438,-39.25363652989691,0.1903962089879625,0
Rat_public_Tricia,Rat_public_Sean,0.6550287256363049,0.9905712182590691,0.48032896997321617,-51.22561492197356,26.670548760038383,1.7263742324756293,1
Rat_public_Wilma,Rat_education_Adrian,0.30198629524854537,0.3209558870636515,0.2256040389198011,-6.281606852222719,25.293285665787902,0.9239444129743319,0
Rat_public_Jason,Rat_education_Adrian,0.30198629524854537,0.3166817806209913,0.2127384729630804,-4.866275590536654,29.553600176461934,0.45574975319685734,0
Rat_public_Carole,Rat_education_Adrian,0.30198629524854537,0.30655152037324546,0.20359050476178478,-1.511732550956575,32.582866187943196,1.2519576354704174,0
Rat_health_Rosaria,Rat_education_Adrian,0.30198629524854537,0.3846653089481301,0.36423035176823065,-27.378399285152,-20.611550093177648,0.9756433639891573,0
Rat_education_Tim,Rat_education_Adrian,0.30198629524854537,0.2751058321795163,0.17743150171875852,8.901219522861298,41.24518082096205,0.20143618790802548,1
Rat_public_Sean,Rat_education_Adrian,0.30198629524854537,0.5889211052309713,0.6353487770978427,-95.0158383003005,-110.38993725689711,0.1363979907886299,0
Rat_public_Margart,Rat_education_Adrian,0.30198629524854537,0.3592811888177036,0.2500723362934486,-18.97268004231865,17.19083275364193,0.7183780248842597,0
Rat_assembly_Kimberley,Rat_education_Adrian,0.30198629524854537,0.3056414040647673,0.23963515160159532,-1.2103558584384295,20.647011016057153,0.7630776333701673,0
Rat_public_Johnny,Rat_education_Adrian,0.30198629524854537,0.4338927512150978,0.4144441067782013,-43.67961660577635,-37.23937585879492,1.4291032278387996,0
Rat_public_Frederick,Rat_education_Adrian,0.30198629524854537,0.28202999132220574,0.17655585665860096,6.608347544352926,41.53514267483918,1.0159667104712695,0
Rat_health_Guy,Rat_education_Adrian,0.30198629524854537,0.36036358848780353,0.3307412205919289,-19.331106794502574,-9.521930563013536,1.711429850153567,0
Rat_assembly_Suzanne,Rat_education_Adrian,0.30198629524854537,0.3962822482467706,0.23339790926004564,-31.22524249672203,22.7124167777379,2.3417031742423737,0
Rat_assembly_Pauline,Rat_education_Adrian,0.30198629524854537,0.4272197227994599,0.3429434006168095,-41.46990427093488,-13.562570889038192,2.8157754375981763,0
Rat_other_Hazel,Rat_education_Adrian,0.30198629524854537,0.37701201845580573,0.3218382277297849,-24.844082128134836,-6.573785894787268,0.4181494182546937,0
Rat_education_Candida,Rat_education_Adrian,0.30198629524854537,0.36856600655291366,0.3093140633313223,-22.047262525463562,-2.4265233880053723,0.34252301241993277,1
Rat_education_Conrad,Rat_education_Adrian,0.30198629524854537,0.3858935148889566,0.2569828317253562,-27.785108450485364,14.902485388004031,1.151378986442229,1
Rat_education_Alfonso,Rat_education_Adrian,0.30198629524854537,0.31694916992431776,0.2588668631272112,-4.954819113051943,14.278605618789875,0.18971373576914896,1
Rat_education_Kandice,Rat_education_Adrian,0.30198629524854537,0.4185585586114807,0.519544874634767,-38.601838956629564,-72.04253398557812,0.3236049297540329,1
Rat_education_Liz,Rat_education_Adrian,0.30198629524854537,0.32002749228605143,0.31187456996652513,-5.974177411811858,-3.2744117443612346,0.053222661536295846,1
Rat_assembly_Mirta,Rat_education_Adrian,0.30198629524854537,0.30222643775074104,0.21217767821053077,-0.07952099349343882,29.739302230287944,0.19819528900139094,0
Rat_assembly_Gerald,Rat_education_Adrian,0.30198629524854537,0.6015698432820937,0.5909428699374918,-99.20435223293181,-95.68532719378042,1.524465599756064,0
Rat_parking_Ronnie,Rat_education_Adrian,0.30198629524854537,0.41875870282457633,0.32905039105050765,-38.66811488247278,-8.962027823046599,2.41480481151946,0
Rat_education_Dreama,Rat_education_Adrian,0.30198629524854537,0.3645691493824231,0.3640156387598655,-20.723739824805566,-20.54044984401288,0.33452017354116714,1
Rat_assembly_Kaitlyn,Rat_education_Adrian,0.30198629524854537,0.3484540783296752,0.23385622432326938,-15.387381418380322,22.56064993585306,0.6013622733588971,0
Rat_assembly_Ida,Rat_education_Adrian,0.30198629524854537,0.3297918888143937,0.3276469296747647,-9.207568026543504,-8.497284423155609,0.982717392216123,0
Rat_public_Michelle,Rat_education_Adrian,0.30198629524854537,0.37288045408643433,0.3944918865848999,-23.475952370467862,-30.63238060529177,0.405904523662012,0
Rat_lodging_Lorenzo,Rat_education_Adrian,0.30198629524854537,0.31338676906792223,0.17054782908997304,-3.775162647693623,43.52464606064121,2.157292309327725,0
Rat_office_Ramiro,Rat_education_Adrian,0.30198629524854537,0.28682041803228897,0.19173576122964955,5.022041547870358,36.508456096709864,0.2226595863083376,0
Rat_public_Amber,Rat_education_Adrian,0.30198629524854537,0.3486562640745869,0.33089351618010354,-15.454333378814589,-9.572361854290943,0.7379496366767686,0
Rat_public_Duane,Rat_education_Adrian,0.30198629524854537,0.49824597461132036,0.2949427179678025,-64.98959802174015,2.332416202843155,0.3763669401611721,0
Rat_public_Alanna,Rat_education_Adrian,0.30198629524854537,0.30059452130424014,0.2138111112845829,0.4608732138522217,29.198405805598288,1.3259171278754562,0
Rat_office_Kasey,Rat_education_Adrian,0.30198629524854537,0.323127300100955,0.30306280788681944,-7.000650421904019,-0.35647731543183653,0.4181494182546937,0
Rat_public_Dexter,Rat_education_Adrian,0.30198629524854537,0.3415285544701357,0.23712125926421973,-13.09405752636743,21.479463473976335,1.4207293912645291,0
Rat_public_Emilee,Rat_education_Adrian,0.30198629524854537,0.37845757516237444,0.267581762096346,-25.32276501186602,11.39274652311067,0.7033011773728759,0
Rat_public_Roma,Rat_education_Adrian,0.30198629524854537,0.33771889246303316,0.2767042066622244,-11.832522792161349,8.371932430083598,0.7347095635565803,0
Rat_education_Terese,Rat_education_Adrian,0.30198629524854537,0.27989487707856875,0.2104719906497347,7.315371100464875,30.304125067493924,0.6933365744070379,1
Rat_assembly_Deandre,Rat_education_Adrian,0.30198629524854537,0.3452381587646212,0.2277979110863263,-14.322459064070456,24.56680496085407,1.1305344918011038,0
Rat_education_Adell,Rat_education_Adrian,0.30198629524854537,0.33398898050141534,0.23452098425031673,-10.597396556201545,22.340520765256024,0.3267941997765924,1
Rat_public_Tricia,Rat_education_Adrian,0.30198629524854537,0.4663337876907182,0.3996982837178506,-54.42216916065977,-32.356431403247896,1.5899762416869994,0
Rat_public_Wilma,Rat_public_Margart,0.3061406737128846,0.351642096942438,0.23172041571646704,-14.862913404387118,24.3091703868833,0.2055663880900721,1
Rat_public_Jason,Rat_public_Margart,0.3061406737128846,0.40821319693193436,0.28459099174500246,-33.341705948808006,7.039143706887055,0.26262827168740244,1
Rat_public_Carole,Rat_public_Margart,0.3061406737128846,0.391399849405085,0.22534656498253994,-27.849672720117248,26.391171009872995,0.5335796105861577,1
Rat_health_Rosaria,Rat_public_Margart,0.3061406737128846,0.4268813109034662,0.43089090646368294,-39.439593480420285,-40.74931672352557,0.2572653391048976,0
Rat_education_Tim,Rat_public_Margart,0.3061406737128846,0.3842004196859326,0.25891025657640476,-25.49799901670585,15.427684457497179,0.5169418369762343,0
Rat_public_Sean,Rat_public_Margart,0.3061406737128846,0.6231793677704964,0.6869065756055099,-103.5598080492068,-124.37612332745054,0.8547760156728896,1
Rat_education_Adrian,Rat_public_Margart,0.3061406737128846,0.39397467190733076,0.2482557315388286,-28.69073133249248,18.907955441537855,0.7183780248842597,0
Rat_assembly_Kimberley,Rat_public_Margart,0.3061406737128846,0.3680043825578816,0.27581359604451444,-20.207608513665235,9.90625561137053,0.04469960848590751,0
Rat_public_Johnny,Rat_public_Margart,0.3061406737128846,0.4512851513112269,0.47952287485603917,-47.411040107158925,-56.6348140024549,0.7107252029545399,1
Rat_public_Frederick,Rat_public_Margart,0.3061406737128846,0.4151330253299137,0.2439480642666191,-35.60204865794737,20.315042980728894,0.29758868558700985,1
Rat_health_Guy,Rat_public_Margart,0.3061406737128846,0.417578999687216,0.36983583547325516,-36.401019381973505,-20.80584751704941,2.429807875037827,0
Rat_assembly_Suzanne,Rat_public_Margart,0.3061406737128846,0.42040696166067615,0.2651964593357542,-37.324765298895464,13.374313801742701,1.623325149358114,0
Rat_assembly_Pauline,Rat_public_Margart,0.3061406737128846,0.4920630020951602,0.36881600650747004,-60.731011703673076,-20.472723220491034,2.0973974127139163,0
Rat_other_Hazel,Rat_public_Margart,0.3061406737128846,0.41830570977007575,0.34201881466269873,-36.638397210292155,-11.719495000348301,0.3002286066295661,0
Rat_education_Candida,Rat_public_Margart,0.3061406737128846,0.4028461966830184,0.33890702235112563,-31.588590237711927,-10.703036692527528,0.375855012464327,0
Rat_education_Conrad,Rat_public_Margart,0.3061406737128846,0.4651202537586333,0.28869512986967827,-51.930237860144125,5.698538397928701,1.8697570113264887,0
Rat_education_Alfonso,Rat_public_Margart,0.3061406737128846,0.33140668906395654,0.26463854346996424,-8.253073675132685,13.556555468301912,0.9080917606534087,0
Rat_education_Kandice,Rat_public_Margart,0.3061406737128846,0.4633669674532384,0.588203434471544,-51.35753176260701,-92.13501666988333,1.0419829546382926,0
Rat_education_Liz,Rat_public_Margart,0.3061406737128846,0.40453846239103736,0.3230776208563636,-32.141364126752904,-5.532406699857,0.7716006864205556,0
Rat_assembly_Mirta,Rat_public_Margart,0.3061406737128846,0.3733300679441195,0.2775113054239472,-21.94722883972247,9.351703562195594,0.9165733138856507,0
Rat_assembly_Gerald,Rat_public_Margart,0.3061406737128846,0.6657916132727806,0.652734255133369,-117.47897958086948,-113.21382984396864,0.8060875748718044,0
Rat_parking_Ronnie,Rat_public_Margart,0.3061406737128846,0.4605788957639564,0.3551226184512476,-50.4468158961172,-15.999816079421356,1.6964267866352003,0
Rat_education_Dreama,Rat_public_Margart,0.3061406737128846,0.4177661329627445,0.4199881977311484,-36.46214594619607,-37.18797722547518,1.0528981984254269,0
Rat_assembly_Kaitlyn,Rat_public_Margart,0.3061406737128846,0.3874342664578587,0.24249366818490514,-26.554326074690636,20.79011741761276,0.11701575152536269,0
Rat_assembly_Ida,Rat_public_Margart,0.3061406737128846,0.38455014931158255,0.38628470128491643,-25.612237226679195,-26.178823806729863,0.26433936733186314,0
Rat_public_Michelle,Rat_public_Margart,0.3061406737128846,0.43092883932718007,0.4163246304376827,-40.76170738793388,-35.991283153748654,0.3124735012222478,1
Rat_lodging_Lorenzo,Rat_public_Margart,0.3061406737128846,0.4412872880338246,0.24319407721076902,-44.14526586156528,20.561330756445102,1.4389142844434653,0
Rat_office_Ramiro,Rat_public_Margart,0.3061406737128846,0.3965702256973912,0.2582726132467391,-29.538561762399574,15.635968878489754,0.9410376111925973,0
Rat_public_Amber,Rat_public_Margart,0.3061406737128846,0.39295975511882986,0.3662413872160163,-28.35921158498818,-19.631730986356093,0.019571611792508853,1
Rat_public_Duane,Rat_public_Margart,0.3061406737128846,0.5644880681655627,0.30815206855064486,-84.38845819453915,-0.6570165320948648,1.094744965045432,1
Rat_public_Alanna,Rat_public_Margart,0.3061406737128846,0.39904062340787755,0.27224869839705973,-30.345510306846574,11.07071951752828,2.044295152759716,1
Rat_office_Kasey,Rat_public_Margart,0.3061406737128846,0.3555218660938037,0.3329861207719431,-16.130229211957463,-8.768990651740587,0.3002286066295661,0
Rat_public_Dexter,Rat_public_Margart,0.3061406737128846,0.41733718007943743,0.2856457906286124,-36.32202967934896,6.694596583887261,0.7023513663802694,1
Rat_public_Emilee,Rat_public_Margart,0.3061406737128846,0.31036730973049553,0.19089638338257994,-1.380618905142571,37.64422705830557,0.015076847511383829,1
Rat_public_Roma,Rat_public_Margart,0.3061406737128846,0.3434310121727168,0.314256256812525,-12.18078539109936,-2.6509326582496597,0.016331538672320567,1
Rat_education_Terese,Rat_public_Margart,0.3061406737128846,0.36230104072012953,0.26345641999476865,-18.34462775760243,13.942692815181946,1.4117145992912976,0
Rat_assembly_Deandre,Rat_public_Margart,0.3061406737128846,0.45597302442574655,0.2549503823016721,-48.942320827771766,16.72116638092381,0.412156466916844,0
Rat_education_Adell,Rat_public_Margart,0.3061406737128846,0.3854624615717794,0.2576404363494324,-25.910241490252634,15.842467704548916,1.0451722246608521,0
Rat_public_Tricia,Rat_public_Margart,0.3061406737128846,0.5200473230978591,0.49237774267948214,-69.8720123630445,-60.833820840565856,0.8715982168027396,1
Rat_public_Wilma,Rat_assembly_Kimberley,0.15967458954223507,0.1362209405547229,0.17842755159810123,14.688404119121609,-11.74448740380564,0.1608667796041646,0
Rat_public_Jason,Rat_assembly_Kimberley,0.15967458954223507,0.2052801501018018,0.2404923642312453,-28.561564297933423,-50.61404881058632,0.30732788017331,0
Rat_public_Carole,Rat_assembly_Kimberley,0.15967458954223507,0.13756866879700444,0.20247162867191498,13.844357332375326,-26.80266111995221,0.48888000210025007,0
Rat_health_Rosaria,Rat_assembly_Kimberley,0.15967458954223507,0.30194944396656015,0.2659387931588349,-89.1030030715641,-66.55047864612933,0.21256573061899006,0
Rat_education_Tim,Rat_assembly_Kimberley,0.15967458954223507,0.16641200356864197,0.18000160908535498,-4.219465380009515,-12.730278249904798,0.5616414454621418,0
Rat_public_Sean,Rat_assembly_Kimberley,0.15967458954223507,0.5466692868664701,0.5946243203030908,-242.36461069585036,-272.3975881245703,0.8994756241587972,0
Rat_education_Adrian,Rat_assembly_Kimberley,0.15967458954223507,0.21318896880030672,0.2454394107065472,-33.514649645563495,-53.712254035027115,0.7630776333701673,0
Rat_public_Margart,Rat_assembly_Kimberley,0.15967458954223507,0.2767815929672481,0.2550286659072537,-73.34103927290032,-59.71775261072258,0.04469960848590751,0
Rat_public_Johnny,Rat_assembly_Kimberley,0.15967458954223507,0.2763726205693199,0.29090694369631326,-73.08491060577761,-82.18737529265186,0.6660255944686323,0
Rat_public_Frederick,Rat_assembly_Kimberley,0.15967458954223507,0.17033200544855412,0.21062260606994748,-6.674459559828766,-31.907404098406218,0.2528890771011023,0
Rat_health_Guy,Rat_assembly_Kimberley,0.15967458954223507,0.18634120423176478,0.18792967463514984,-16.700600118014524,-17.695417394789107,2.4745074835237344,0
Rat_assembly_Suzanne,Rat_assembly_Kimberley,0.15967458954223507,0.2920881845039619,0.21069911423875018,-82.92715537352453,-31.955319154284574,1.5786255408722065,1
Rat_assembly_Pauline,Rat_assembly_Kimberley,0.15967458954223507,0.4152630725229519,0.33252924802465994,-160.06835133470742,-108.25433087254224,2.052697804228009,1
Rat_other_Hazel,Rat_assembly_Kimberley,0.15967458954223507,0.18072191792458792,0.1606431376605422,-13.181388749889775,-0.6065762380124607,0.34492821511547356,0
Rat_education_Candida,Rat_assembly_Kimberley,0.15967458954223507,0.23338793974179733,0.1817711697778551,-46.164734420729204,-13.838507616626956,0.42055462095023455,0
Rat_education_Conrad,Rat_assembly_Kimberley,0.15967458954223507,0.4595814673308163,0.4063507852207082,-187.8237975424723,-154.48681996657055,1.9144566198123962,0
Rat_education_Alfonso,Rat_assembly_Kimberley,0.15967458954223507,0.17532710691233017,0.13390497930755496,-9.802760360911963,16.138829796624503,0.9527913691393163,0
Rat_education_Kandice,Rat_assembly_Kimberley,0.15967458954223507,0.31727210938775213,0.4112961133175652,-98.69918582369763,-157.58394901574147,1.0866825631242,0
Rat_education_Liz,Rat_assembly_Kimberley,0.15967458954223507,0.26652171252212165,0.168794943543389,-66.91554572722089,-5.711838074737331,0.8163002949064632,0
Rat_assembly_Mirta,Rat_assembly_Kimberley,0.15967458954223507,0.1800571300106467,0.2038987219093875,-12.765049546609475,-27.696412117881046,0.9612729223715583,1
Rat_assembly_Gerald,Rat_assembly_Kimberley,0.15967458954223507,0.5666907035769291,0.5313830528217213,-254.90349792133665,-232.79124395755323,0.7613879663858968,1
Rat_parking_Ronnie,Rat_assembly_Kimberley,0.15967458954223507,0.2888327222317052,0.18244134265282447,-80.88834488928302,-14.258219279509987,1.6517271781492928,0
Rat_education_Dreama,Rat_assembly_Kimberley,0.15967458954223507,0.19802310491007952,0.22709132327685688,-24.01666757233216,-42.221328971564134,1.0975978069113344,0
Rat_assembly_Kaitlyn,Rat_assembly_Kimberley,0.15967458954223507,0.18268049870961872,0.14987921100647153,-14.4079964340841,6.134588204576278,0.16171536001127018,1
Rat_assembly_Ida,Rat_assembly_Kimberley,0.15967458954223507,0.1535691061678208,0.17597766296630812,3.823703816567087,-10.210186524237644,0.21963975884595563,1
Rat_public_Michelle,Rat_assembly_Kimberley,0.15967458954223507,0.37775072159544776,0.2854788154996056,-136.57535158124205,-78.78788122645801,0.3571731097081553,0
Rat_lodging_Lorenzo,Rat_assembly_Kimberley,0.15967458954223507,0.25343246720063534,0.33915507415606266,-58.718095300693186,-112.40391168586892,1.3942146759575578,0
Rat_office_Ramiro,Rat_assembly_Kimberley,0.15967458954223507,0.16606040392194718,0.23541824194379654,-3.9992677595222617,-47.43625934389939,0.9857372196785049,0
Rat_public_Amber,Rat_assembly_Kimberley,0.15967458954223507,0.2666603024593163,0.2706872575770534,-67.00234096345228,-69.52431714593806,0.025127996693398658,0
Rat_public_Duane,Rat_assembly_Kimberley,0.15967458954223507,0.39504138207427314,0.19777421690941563,-147.40403792914205,-23.86079555701813,1.1394445735313394,0
Rat_public_Alanna,Rat_assembly_Kimberley,0.15967458954223507,0.1354183794633827,0.13031056197920102,15.1910270434335,18.389918926497103,2.0889947612456234,0
Rat_office_Kasey,Rat_assembly_Kimberley,0.15967458954223507,0.2677796409425715,0.19189909595270005,-67.70335324503331,-20.1813616699114,0.34492821511547356,0
Rat_public_Dexter,Rat_assembly_Kimberley,0.15967458954223507,0.1599830122137021,0.11764854207556055,-0.19315701537184382,26.31980929912353,0.6576517578943618,0
Rat_public_Emilee,Rat_assembly_Kimberley,0.15967458954223507,0.32112985733678867,0.3096910082567294,-101.11519200232391,-93.95134137784267,0.05977645599729134,0
Rat_public_Roma,Rat_assembly_Kimberley,0.15967458954223507,0.23439024509270232,0.20034258822502987,-46.79245192655054,-25.469299028345286,0.028368069813586944,0
Rat_education_Terese,Rat_assembly_Kimberley,0.15967458954223507,0.14787950342052075,0.13462878992991367,7.38695252358512,15.685526221876778,1.456414207777205,0
Rat_assembly_Deandre,Rat_assembly_Kimberley,0.15967458954223507,0.23272594617211914,0.401890778161478,-45.75014524183979,-151.69363473151438,0.36745685843093645,1
Rat_education_Adell,Rat_assembly_Kimberley,0.15967458954223507,0.36392268517381193,0.18509862467865634,-127.91521570033646,-15.92240519252842,1.0898718331467596,0
Rat_public_Tricia,Rat_assembly_Kimberley,0.15967458954223507,0.36623717728280114,0.28170946014685155,-129.36472129519944,-76.42723300837882,0.826898608316832,0
Rat_public_Wilma,Rat_public_Johnny,0.45695203973054194,0.49244654959494477,0.6981923685607987,-7.767666358450537,-52.79335857052148,0.5051588148644677,1
Rat_public_Jason,Rat_public_Johnny,0.45695203973054194,0.5476819899808995,0.7397075833095876,-19.855464548064973,-61.87860409722268,0.9733534746419423,1
Rat_public_Carole,Rat_public_Johnny,0.45695203973054194,0.4808496653932233,0.7465157102363846,-5.229788595926495,-63.36850376608325,0.17714559236838223,1
Rat_health_Rosaria,Rat_public_Johnny,0.45695203973054194,0.6259535621131818,0.3801832646340864,-36.98452084430953,16.80018216829166,0.45345986384964226,0
Rat_education_Tim,Rat_public_Johnny,0.45695203973054194,0.5375131345785593,0.6306768086662621,-17.630098531899126,-38.01816248334577,1.227667039930774,0
Rat_public_Sean,Rat_public_Johnny,0.45695203973054194,0.7457302437518182,0.6116217760474064,-63.19661122238662,-33.84813347327895,1.5655012186274295,1
Rat_education_Adrian,Rat_public_Johnny,0.45695203973054194,0.6061638938982048,0.740234170231242,-32.653723190654965,-61.99384308859799,1.4291032278387996,0
Rat_public_Margart,Rat_public_Johnny,0.45695203973054194,0.6756598730075227,0.7261697418277484,-47.862316886899045,-58.91596462857683,0.7107252029545399,1
Rat_assembly_Kimberley,Rat_public_Johnny,0.45695203973054194,0.49221070429306096,0.5532011543459222,-7.716053654845386,-21.06328591336128,0.6660255944686323,0
Rat_public_Frederick,Rat_public_Johnny,0.45695203973054194,0.4693458851892673,0.7429957266132492,-2.712285837707131,-62.598185807723524,0.41313651736753,1
Rat_health_Guy,Rat_public_Johnny,0.45695203973054194,0.5235234495728648,0.3012519892584966,-14.56857701774984,34.0736088110821,3.140533077992367,0
Rat_assembly_Suzanne,Rat_public_Johnny,0.45695203973054194,0.6003482830543528,0.7305235720933635,-31.381027078546275,-59.86876270957073,0.9125999464035741,0
Rat_assembly_Pauline,Rat_public_Johnny,0.45695203973054194,0.6267899115700619,0.7118465107383718,-37.16754868621901,-55.78144944010699,1.3866722097593767,0
Rat_other_Hazel,Rat_public_Johnny,0.45695203973054194,0.5181706699387144,0.36178223203298887,-13.397167511118283,20.827088933375446,1.010953809584106,0
Rat_education_Candida,Rat_public_Johnny,0.45695203973054194,0.5233190793772098,0.4174956421501316,-14.523852368796414,8.63469120384652,1.0865802154188668,0
Rat_education_Conrad,Rat_public_Johnny,0.45695203973054194,0.8015367039771822,1.0593914206422097,-75.4093721629598,-131.83864575085772,2.5804822142810284,0
Rat_education_Alfonso,Rat_public_Johnny,0.45695203973054194,0.5375755104926414,0.5423668679976245,-17.643748960972353,-18.692296092484984,1.6188169636079486,0
Rat_education_Kandice,Rat_public_Johnny,0.45695203973054194,0.6047218821268673,0.36790519932078286,-32.338151391875414,19.48713052299071,1.7527081575928325,0
Rat_education_Liz,Rat_public_Johnny,0.45695203973054194,0.5638736074675602,0.46579895457467846,-23.398859932886694,-1.9360707634336025,1.4823258893750955,0
Rat_assembly_Mirta,Rat_public_Johnny,0.45695203973054194,0.6137114317326136,0.6966578447612196,-34.30543653870336,-52.45754131484537,1.6272985168401906,0
Rat_assembly_Gerald,Rat_public_Johnny,0.45695203973054194,0.7487602259453408,0.6344298108669231,-63.85969660773895,-38.8394745411438,0.09536237191726449,0
Rat_parking_Ronnie,Rat_public_Johnny,0.45695203973054194,0.5740779881491712,0.4750032014230008,-25.63200034902936,-3.950340544076215,0.9857015836806604,0
Rat_education_Dreama,Rat_public_Johnny,0.45695203973054194,0.5464057718938191,0.19701613736742787,-19.576175262512617,56.88472306992972,1.7636234013799668,0
Rat_assembly_Kaitlyn,Rat_public_Johnny,0.45695203973054194,0.5239562940593518,0.6373181356416971,-14.663301288319309,-39.47155942613026,0.8277409544799025,0
Rat_assembly_Ida,Rat_public_Johnny,0.45695203973054194,0.48248631549389587,0.325903654443086,-5.58795530892282,28.678805190306907,0.4463858356226767,0
Rat_public_Michelle,Rat_public_Johnny,0.45695203973054194,0.563256740365532,0.32314721923262535,-23.263863905209046,29.282027185351744,1.0231987041767876,1
Rat_lodging_Lorenzo,Rat_public_Johnny,0.45695203973054194,0.5594997048933492,0.9992417479910003,-22.441669200837396,-118.67541035165064,0.7281890814889254,0
Rat_office_Ramiro,Rat_public_Johnny,0.45695203973054194,0.5572997063824785,0.7252280777998461,-21.96021856278618,-58.70988960406057,1.6517628141471372,0
Rat_public_Amber,Rat_public_Johnny,0.45695203973054194,0.5705918003804626,0.5429513304387049,-24.86907832098363,-18.820200640503877,0.691153591162031,1
Rat_public_Duane,Rat_public_Johnny,0.45695203973054194,0.6219060976574512,0.5993094574563552,-36.0987682698999,-31.15368908513012,1.8054701679999718,1
Rat_public_Alanna,Rat_public_Johnny,0.45695203973054194,0.48036002071221834,0.5730214170641319,-5.122634094265068,-25.400778909321513,2.755020355714256,1
Rat_office_Kasey,Rat_public_Johnny,0.45695203973054194,0.5854197791661435,0.4529068160942016,-28.11405317533043,0.8852621904753432,1.010953809584106,0
Rat_public_Dexter,Rat_public_Johnny,0.45695203973054194,0.4859107270514732,0.5609009620407266,-6.33735814769703,-22.74832220280313,0.008373836574270488,1
Rat_public_Emilee,Rat_public_Johnny,0.45695203973054194,0.7142765717256692,0.8658167293184394,-56.31324726044944,-89.47649950944505,0.7258020504659237,1
Rat_public_Roma,Rat_public_Johnny,0.45695203973054194,0.6013468837789677,0.5623900165800937,-31.59956220647868,-23.074188904316305,0.6943936642822193,1
Rat_education_Terese,Rat_public_Johnny,0.45695203973054194,0.5072548234989008,0.5896164404986023,-11.008328969933414,-29.03245619524768,2.1224398022458377,0
Rat_assembly_Deandre,Rat_public_Johnny,0.45695203973054194,0.6096149313469632,1.073619907098072,-33.40895287532678,-134.95242689608526,0.29856873603769585,0
Rat_education_Adell,Rat_public_Johnny,0.45695203973054194,0.6865645347741243,0.6713594542953328,-50.248707759129715,-46.921207462215044,1.755897427615392,0
Rat_public_Tricia,Rat_public_Johnny,0.45695203973054194,0.6118417246927773,0.2379815210920826,-33.89626733115615,47.91980330530598,0.16087301384819974,1
Rat_public_Wilma,Rat_public_Frederick,0.2836508717097533,0.27146849659727657,0.1942713721466949,4.294848466019302,31.5103912864108,0.09202229749693774,1
Rat_public_Jason,Rat_public_Frederick,0.2836508717097533,0.25897751334883273,0.18618237635620374,8.698495517464035,34.36213496050332,0.5602169572744123,1
Rat_public_Carole,Rat_public_Frederick,0.2836508717097533,0.22046804936323586,0.14320959924909532,22.2748556934348,49.51201863548827,0.23599092499914776,1
Rat_health_Rosaria,Rat_public_Frederick,0.2836508717097533,0.3676781027301998,0.4274325925096842,-29.623470047512374,-50.68968056867318,0.04032334648211228,0
Rat_education_Tim,Rat_public_Frederick,0.2836508717097533,0.2449800779481023,0.1580616803582331,13.633236354450903,44.275975812981024,0.8145305225632442,0
Rat_public_Sean,Rat_public_Frederick,0.2836508717097533,0.6243613794257942,0.7424786228515634,-120.11615041489246,-161.75792035333745,1.1523647012598994,1
Rat_education_Adrian,Rat_public_Frederick,0.2836508717097533,0.2859718609169271,0.14272597953772503,-0.8182556229013775,49.68251686398134,1.0159667104712695,0
Rat_public_Margart,Rat_public_Frederick,0.2836508717097533,0.3487874649306002,0.21262979689835668,-22.963649936354912,25.038200793568922,0.29758868558700985,1
Rat_assembly_Kimberley,Rat_public_Frederick,0.2836508717097533,0.23772172725747703,0.20867906615179047,16.192139363235732,26.431015390877405,0.2528890771011023,0
Rat_public_Johnny,Rat_public_Frederick,0.2836508717097533,0.36498574924420685,0.4759050302846045,-28.67429140767096,-67.77844799700668,0.41313651736753,1
Rat_health_Guy,Rat_public_Frederick,0.2836508717097533,0.2968873275027247,0.35676912964084145,-4.666460467118056,-25.777554459944223,2.7273965606248365,0
Rat_assembly_Suzanne,Rat_public_Frederick,0.2836508717097533,0.34688339333064294,0.1886831655906536,-22.292376977283734,33.48049154464638,1.3257364637711042,0
Rat_assembly_Pauline,Rat_public_Frederick,0.2836508717097533,0.4514935979711451,0.35645812408735683,-59.17229347813795,-25.667910674395465,1.7998087271269068,0
Rat_other_Hazel,Rat_public_Frederick,0.2836508717097533,0.27587486787676635,0.3260317153304522,2.741399589613726,-14.941199850802956,0.5978172922165759,0
Rat_education_Candida,Rat_public_Frederick,0.2836508717097533,0.3429396466135263,0.3150047304908496,-20.90202457210866,-11.053679684502875,0.6734436980513369,0
Rat_education_Conrad,Rat_public_Frederick,0.2836508717097533,0.49710006438856325,0.30476275532910835,-75.25067396839259,-7.4429115948418,2.1673456969134985,0
Rat_education_Alfonso,Rat_public_Frederick,0.2836508717097533,0.2988474579162405,0.23958050647508147,-5.35749674058368,15.536834055552266,1.2056804462404185,0
Rat_education_Kandice,Rat_public_Frederick,0.2836508717097533,0.38777662195945223,0.5866249437113085,-36.70912400940758,-106.81231831770093,1.3395716402253024,0
Rat_education_Liz,Rat_public_Frederick,0.2836508717097533,0.3589982775420933,0.28632846050392563,-26.56343179140288,-0.9439734057691173,1.0691893720075654,0
Rat_assembly_Mirta,Rat_public_Frederick,0.2836508717097533,0.30716539131180476,0.1895361008541621,-8.289951467560723,33.1797925697526,1.2141619994726605,0
Rat_assembly_Gerald,Rat_public_Frederick,0.2836508717097533,0.5631945617104014,0.6501339299308231,-98.55202923074114,-129.20216180265254,0.5084988892847945,0
Rat_parking_Ronnie,Rat_public_Frederick,0.2836508717097533,0.3736008512773844,0.31800345560487436,-31.71151176988899,-12.110868437687186,1.3988381010481903,0
Rat_education_Dreama,Rat_public_Frederick,0.2836508717097533,0.29332807508028513,0.40727341900886393,-3.411660014369384,-43.582643181723704,1.3504868840124367,0
Rat_assembly_Kaitlyn,Rat_public_Frederick,0.2836508717097533,0.27966892974269625,0.2010783971825738,1.4038179904243588,29.110601363380272,0.41460443711237255,0
Rat_assembly_Ida,Rat_public_Frederick,0.2836508717097533,0.26108059960043134,0.36180940803352524,7.957060725135741,-27.55448479768747,0.03324931825514671,0
Rat_public_Michelle,Rat_public_Frederick,0.2836508717097533,0.43153727630646344,0.4467485499972987,-52.136770708758974,-57.49944546422394,0.6100621868092576,1
Rat_lodging_Lorenzo,Rat_public_Frederick,0.2836508717097533,0.2624938091467073,0.16319968136108828,7.458839253875109,42.46459375309698,1.1413255988564552,0
Rat_office_Ramiro,Rat_public_Frederick,0.2836508717097533,0.23009915410946735,0.15488917414697223,18.879447567882995,45.39443040899126,1.2386262967796071,0
Rat_public_Amber,Rat_public_Frederick,0.2836508717097533,0.32996310044590127,0.3672759251482979,-16.327194221894416,-29.481683921674744,0.278017073794501,1
Rat_public_Duane,Rat_public_Frederick,0.2836508717097533,0.47341609351479474,0.2738242568584024,-66.90098312097534,3.464334444706381,1.3923336506324417,1
Rat_public_Alanna,Rat_public_Frederick,0.2836508717097533,0.21370324386951536,0.19495013184013746,24.6597612828111,31.271097224188743,2.341883838346726,1
Rat_office_Kasey,Rat_public_Frederick,0.2836508717097533,0.3467654770661241,0.29115164500359264,-22.250806061669024,-2.644368144764438,0.5978172922165759,0
Rat_public_Dexter,Rat_public_Frederick,0.2836508717097533,0.23414029505625789,0.19940987806274596,17.45475920982089,29.698831221363992,0.4047626807932595,1
Rat_public_Emilee,Rat_public_Frederick,0.2836508717097533,0.39771029597412366,0.2391851558341973,-40.21120174137243,15.676213370165726,0.3126655330983937,1
Rat_public_Roma,Rat_public_Frederick,0.2836508717097533,0.3397985869015812,0.2858604145572138,-19.79465631583931,-0.7789656467974552,0.2812571469146893,1
Rat_education_Terese,Rat_public_Frederick,0.2836508717097533,0.26820603471075216,0.21360896315488145,5.445016581794645,24.692999578207694,1.7093032848783074,0
Rat_assembly_Deandre,Rat_public_Frederick,0.2836508717097533,0.2625423910252445,0.1830084318589665,7.4417119035361505,35.481096618581695,0.11456778132983414,0
Rat_education_Adell,Rat_public_Frederick,0.2836508717097533,0.44953679893662585,0.2163851035650718,-58.482431669244406,23.71428218754477,1.3427609102478621,0
Rat_public_Tricia,Rat_public_Frederick,0.2836508717097533,0.44997500921597383,0.46553955327313873,-58.63692098094882,-64.1241398156194,0.5740095312157297,1
Rat_public_Wilma,Rat_health_Guy,0.29639986881148195,0.32200047881348437,0.487324861268066,-8.637186684547785,-64.41466834049692,2.6353742631278987,0
Rat_public_Jason,Rat_health_Guy,0.29639986881148195,0.37858463390048674,0.533061270126719,-27.727665811241113,-79.84531243694978,2.1671796033504243,0
Rat_public_Carole,Rat_health_Guy,0.29639986881148195,0.33127754546796107,0.5148144592077495,-11.767102595670254,-73.68916567746018,2.9633874856239846,0
Rat_health_Rosaria,Rat_health_Guy,0.29639986881148195,0.4974665017621641,0.3157798665999932,-67.83627595954363,-6.538463686310679,2.6870732141427243,1
Rat_education_Tim,Rat_health_Guy,0.29639986881148195,0.3410344051583893,0.427158950469884,-15.058892072349758,-44.11576907328803,1.9128660380615925,0
Rat_public_Sean,Rat_health_Guy,0.29639986881148195,0.7104734045173922,0.6796174982570046,-139.70098481024357,-129.2907554184037,1.575031859364937,0
Rat_education_Adrian,Rat_health_Guy,0.29639986881148195,0.38159504902560903,0.5186992876350598,-28.74332588463912,-74.99983711698809,1.711429850153567,0
Rat_public_Margart,Rat_health_Guy,0.29639986881148195,0.5391368791901691,0.5256345705103912,-81.8951139728993,-77.33967717938111,2.429807875037827,0
Rat_assembly_Kimberley,Rat_health_Guy,0.29639986881148195,0.3420356815396954,0.3803113186981752,-15.396704766168098,-28.310218295023308,2.4745074835237344,0
Rat_public_Johnny,Rat_health_Guy,0.29639986881148195,0.43484009447930166,0.30653795024679853,-46.70724930579214,-3.420406856443201,3.140533077992367,0
Rat_public_Frederick,Rat_health_Guy,0.29639986881148195,0.3244182127282568,0.5230643076484714,-9.452886746922037,-76.47251658574586,2.7273965606248365,0
Rat_assembly_Suzanne,Rat_health_Guy,0.29639986881148195,0.4097141071692665,0.5211991637577117,-38.23019180546782,-75.84325048713431,4.05313302439594,0
Rat_assembly_Pauline,Rat_health_Guy,0.29639986881148195,0.5131218138808274,0.5452078403170979,-73.11809750063901,-83.94334737842422,4.527205287751743,0
Rat_other_Hazel,Rat_health_Guy,0.29639986881148195,0.3804183698338668,0.23168970499591027,-28.346335428313836,21.83204873708262,2.1295792684082606,0
Rat_education_Candida,Rat_health_Guy,0.29639986881148195,0.40705170689888553,0.2727782269329604,-37.331945702641676,7.969518331179,2.0539528625734995,0
Rat_education_Conrad,Rat_health_Guy,0.29639986881148195,0.5973363956820426,0.7850530533718829,-101.5305870671502,-164.86282079672483,0.5600508637113379,0
Rat_education_Alfonso,Rat_health_Guy,0.29639986881148195,0.419160993333143,0.363990547045106,-41.41740177346041,-22.803882641599117,1.521716114384418,0
Rat_education_Kandice,Rat_health_Guy,0.29639986881148195,0.48618834510579967,0.43397439277692684,-64.03122817001925,-46.41517707720238,1.387824920399534,0
Rat_education_Liz,Rat_health_Guy,0.29639986881148195,0.4382336121784041,0.3018433366260317,-47.85216131695798,-1.8365284156086885,1.6582071886172711,0
Rat_assembly_Mirta,Rat_health_Guy,0.29639986881148195,0.39201692503699587,0.472975752825076,-32.25947994137908,-59.57353649366859,1.513234561152176,0
Rat_assembly_Gerald,Rat_health_Guy,0.29639986881148195,0.6902713940980955,0.658059876171712,-132.88518880456255,-122.0176003486207,3.235895449909631,0
Rat_parking_Ronnie,Rat_health_Guy,0.29639986881148195,0.45444558612766184,0.31722436993421843,-53.321790576331566,-7.0258132050596185,4.126234661673027,0
Rat_education_Dreama,Rat_health_Guy,0.29639986881148195,0.40576967943621023,0.20863057995282183,-36.899412629055625,29.611783976356502,1.3769096766123998,0
Rat_assembly_Kaitlyn,Rat_health_Guy,0.29639986881148195,0.3475533459158256,0.4451871487642178,-17.258265770987432,-50.198159853899405,2.312792123512464,0
Rat_assembly_Ida,Rat_health_Guy,0.29639986881148195,0.3405395711110518,0.2284840177776232,-14.891943939301767,22.913590112637667,2.6941472423696897,0
Rat_public_Michelle,Rat_health_Guy,0.29639986881148195,0.5187499710531017,0.3705977555268022,-75.01693679326162,-25.033036287378398,2.117334373815579,0
Rat_lodging_Lorenzo,Rat_health_Guy,0.29639986881148195,0.34844671545168665,0.7234213670170792,-17.559672630391027,-144.06939514443374,3.868722159481292,0
Rat_office_Ramiro,Rat_health_Guy,0.29639986881148195,0.362096346495716,0.5308698783741034,-22.1648133474778,-79.10597616078921,1.4887702638452294,0
Rat_public_Amber,Rat_health_Guy,0.29639986881148195,0.4676896273792868,0.4485283549775612,-57.79009257144767,-51.3254229079423,2.4493794868303356,0
Rat_public_Duane,Rat_health_Guy,0.29639986881148195,0.4815824238893334,0.4047863074796677,-62.47727295575572,-36.567640567048414,1.335062909992395,0
Rat_public_Alanna,Rat_health_Guy,0.29639986881148195,0.34189849927220217,0.39497488304068396,-15.350421929389766,-33.257441922789205,0.38551272227811073,0
Rat_office_Kasey,Rat_health_Guy,0.29639986881148195,0.5006831304706243,0.35181693624871085,-68.92150879765464,-18.696724684610306,2.1295792684082606,0
Rat_public_Dexter,Rat_health_Guy,0.29639986881148195,0.3487954790305423,0.3926423219705415,-17.67733920705118,-32.470477650674084,3.132159241418096,0
Rat_public_Emilee,Rat_health_Guy,0.29639986881148195,0.5651900831278865,0.6313804459801903,-90.68499773438234,-113.01643908006069,2.414731027526443,0
Rat_public_Roma,Rat_health_Guy,0.29639986881148195,0.42875070899960555,0.39786101495264137,-44.6527998540722,-34.23117106900319,2.4461394137101475,0
Rat_education_Terese,Rat_health_Guy,0.29639986881148195,0.3415045153271579,0.3761503378971684,-15.217498812175151,-26.906377997221657,1.018093275746529,0
Rat_assembly_Deandre,Rat_health_Guy,0.29639986881148195,0.37638518797235854,0.838626494216813,-26.985612200708946,-182.9375389333257,2.8419643419546707,0
Rat_education_Adell,Rat_health_Guy,0.29639986881148195,0.5420136116956892,0.4596684426172703,-82.86567192795351,-55.0838886874243,1.3846356503769746,0
Rat_public_Tricia,Rat_health_Guy,0.29639986881148195,0.489305554598665,0.294998580040319,-65.0829187478069,0.47276970019653536,3.3014060918405663,0
Rat_public_Wilma,Rat_assembly_Suzanne,0.296301943949127,0.32191328367440136,0.2632593324975952,-8.643662401915137,11.151668804847597,1.4177587612680418,0
Rat_public_Jason,Rat_assembly_Suzanne,0.296301943949127,0.327138192562902,0.29824796760392375,-10.40703554043147,-0.6567704649048318,1.8859534210455164,0
Rat_public_Carole,Rat_assembly_Suzanne,0.296301943949127,0.30312827736599623,0.24289687403513296,-2.3038436150257784,18.023867546128326,1.0897455387719563,0
Rat_health_Rosaria,Rat_assembly_Suzanne,0.296301943949127,0.3830255462704504,0.3810902039464468,-29.268657898583754,-28.615492314109613,1.3660598102532164,0
Rat_education_Tim,Rat_assembly_Suzanne,0.296301943949127,0.33720168379962134,0.26582864494323055,-13.803399095321675,10.284542382593518,2.1402669863343484,0
Rat_public_Sean,Rat_assembly_Suzanne,0.296301943949127,0.5737464856534851,0.6335014988804407,-93.63574805030417,-113.80268061596266,2.4781011650310036,0
Rat_education_Adrian,Rat_assembly_Suzanne,0.296301943949127,0.37060133555942665,0.2972923255013832,-25.0755667074045,-0.3342474028541006,2.3417031742423737,0
Rat_public_Margart,Rat_assembly_Suzanne,0.296301943949127,0.37411894529985334,0.267134001750502,-26.262737366342414,9.843992857378263,1.623325149358114,0
Rat_assembly_Kimberley,Rat_assembly_Suzanne,0.296301943949127,0.31625261731109083,0.2556048423573831,-6.7332239188377425,13.735009986546459,1.5786255408722065,1
Rat_public_Johnny,Rat_assembly_Suzanne,0.296301943949127,0.41176548161754345,0.43341891978161257,-38.968201196898235,-46.276097282719,0.9125999464035741,0
Rat_public_Frederick,Rat_assembly_Suzanne,0.296301943949127,0.3319236742583032,0.2669398444630885,-12.022104828070992,9.909519692884562,1.3257364637711042,0
Rat_health_Guy,Rat_assembly_Suzanne,0.296301943949127,0.3699890866600375,0.34125078634703027,-24.86893664240085,-15.169945157572323,4.05313302439594,0
Rat_assembly_Pauline,Rat_assembly_Suzanne,0.296301943949127,0.41170208566255306,0.33705309799029753,-38.94680546990926,-13.753252340513573,0.47407226335580255,1
Rat_other_Hazel,Rat_assembly_Suzanne,0.296301943949127,0.3752083902121826,0.32230863621437217,-26.630418015955808,-8.777091340889186,1.92355375598768,0
Rat_education_Candida,Rat_assembly_Suzanne,0.296301943949127,0.3930895433256197,0.307788263258484,-32.665192163946934,-3.876558876484836,1.999180161822441,0
Rat_education_Conrad,Rat_assembly_Suzanne,0.296301943949127,0.4939986852131358,0.3509403088173515,-66.72137841186486,-18.440096659509432,3.4930821606846028,0
Rat_education_Alfonso,Rat_assembly_Suzanne,0.296301943949127,0.3603273324629009,0.2506502169576782,-21.608156754032834,15.407164186302774,2.5314169100115227,0
Rat_education_Kandice,Rat_assembly_Suzanne,0.296301943949127,0.37914016680572304,0.5539960468889685,-27.957367323522785,-86.97010202001437,2.6653081039964066,0
Rat_education_Liz,Rat_assembly_Suzanne,0.296301943949127,0.41933453193892894,0.2999717539641588,-41.522706989369524,-1.2385372725269348,2.3949258357786696,0
Rat_assembly_Mirta,Rat_assembly_Suzanne,0.296301943949127,0.373278531648259,0.30490703926811635,-25.979103165232136,-2.904164314381541,2.5398984632437647,1
Rat_assembly_Gerald,Rat_assembly_Suzanne,0.296301943949127,0.5296190075199968,0.6234079915493034,-78.74300804821203,-110.39618682229712,0.8172375744863096,1
Rat_parking_Ronnie,Rat_assembly_Suzanne,0.296301943949127,0.39310098165747553,0.296630434398034,-32.66905252736656,-0.11086341335761918,0.0731016372770863,0
Rat_education_Dreama,Rat_assembly_Suzanne,0.296301943949127,0.38367422336967233,0.38251770986881894,-29.48758224669175,-29.09726637989745,2.676223347783541,0
Rat_assembly_Kaitlyn,Rat_assembly_Suzanne,0.296301943949127,0.2598982788154905,0.22727282746107266,12.286002801212394,23.296882756836105,1.7403409008834767,1
Rat_assembly_Ida,Rat_assembly_Suzanne,0.296301943949127,0.3157777223227919,0.3309702715713,-6.572949915242113,-11.700337554358162,1.3589857820262508,1
Rat_public_Michelle,Rat_assembly_Suzanne,0.296301943949127,0.5004896605521857,0.3892478704990558,-68.91204083295393,-31.368652298105392,1.9357986505803617,0
Rat_lodging_Lorenzo,Rat_assembly_Suzanne,0.296301943949127,0.3675835242092104,0.3250589825350322,-24.05707479000609,-9.705315531390019,0.18441086491464875,0
Rat_office_Ramiro,Rat_assembly_Suzanne,0.296301943949127,0.34282661814163623,0.31253080319807774,-15.701778251072557,-5.477135597779648,2.5643627605507113,0
Rat_public_Amber,Rat_assembly_Suzanne,0.296301943949127,0.38216322033317796,0.33180081010853374,-28.97762844201681,-11.980638967897434,1.6037535375656051,0
Rat_public_Duane,Rat_assembly_Suzanne,0.296301943949127,0.4786423435784454,0.27721135356775545,-61.53871189607347,6.4429514457216275,2.7180701144035457,0
Rat_public_Alanna,Rat_assembly_Suzanne,0.296301943949127,0.3241466601195325,0.2538302237944296,-9.39741258504408,14.333932335587212,3.6676203021178297,0
Rat_office_Kasey,Rat_assembly_Suzanne,0.296301943949127,0.41050170889843396,0.2959454546413804,-38.541686033931065,0.12031284810194431,1.92355375598768,0
Rat_public_Dexter,Rat_assembly_Suzanne,0.296301943949127,0.32458681024460084,0.25468471576018237,-9.545960420809843,14.045546794012944,0.9209737829778446,0
Rat_public_Emilee,Rat_assembly_Suzanne,0.296301943949127,0.4015182052235368,0.2898732016656062,-35.50981133369638,2.1696591651874466,1.6384019968694978,0
Rat_public_Roma,Rat_assembly_Suzanne,0.296301943949127,0.3528301067974081,0.3086956126469946,-19.07789132088401,-4.182783458212975,1.6069936106857934,0
Rat_education_Terese,Rat_assembly_Suzanne,0.296301943949127,0.341527910344902,0.26134394825953783,-15.263472724141142,11.79809866370341,3.0350397486494116,0
Rat_assembly_Deandre,Rat_assembly_Suzanne,0.296301943949127,0.37214029539795707,0.35632450786097686,-25.5949557529231,-20.25722920068162,1.21116868244127,1
Rat_education_Adell,Rat_assembly_Suzanne,0.296301943949127,0.43876103305072756,0.2736555402903261,-48.07902614572781,7.643015552638127,2.6684973740189664,0
Rat_public_Tricia,Rat_assembly_Suzanne,0.296301943949127,0.4457022849466176,0.41896673879348073,-50.421654008163244,-41.39857916875983,0.7517269325553744,0
Rat_public_Wilma,Rat_assembly_Pauline,0.5118935376678414,0.4127626317744895,0.5589456124494,19.365531814483692,-9.191769639430348,1.8918310246238443,0
Rat_public_Jason,Rat_assembly_Pauline,0.5118935376678414,0.4206291506605987,0.5569793092880363,17.82878280179863,-8.807646180806104,2.360025684401319,0
Rat_public_Carole,Rat_assembly_Pauline,0.5118935376678414,0.40728262313055624,0.5356630859385104,20.4360686040083,-4.643455430002449,1.563817802127759,0
Rat_health_Rosaria,Rat_assembly_Pauline,0.5118935376678414,0.4546508926609077,0.3824243228269327,11.182529333682943,25.292215141211443,1.840132073609019,0
Rat_education_Tim,Rat_assembly_Pauline,0.5118935376678414,0.3914926979876631,0.509232244930418,23.52067975476265,0.5198918410941735,2.614339249690151,0
Rat_public_Sean,Rat_assembly_Pauline,0.5118935376678414,0.7179072424424432,0.5805568269368131,-40.245420114734955,-13.413587829570547,2.952173428386806,0
Rat_education_Adrian,Rat_assembly_Pauline,0.5118935376678414,0.41166223910334626,0.5714812900629429,19.580496956680367,-11.640653380111027,2.8157754375981763,0
Rat_public_Margart,Rat_assembly_Pauline,0.5118935376678414,0.39187682352166475,0.5114495947130623,23.445639632992076,0.08672564158588504,2.0973974127139163,0
Rat_assembly_Kimberley,Rat_assembly_Pauline,0.5118935376678414,0.39694783632841035,0.49604742273678115,22.455001456575772,3.0955880012188226,2.052697804228009,1
Rat_public_Johnny,Rat_assembly_Pauline,0.5118935376678414,0.5444725052531956,0.42423159198957294,-6.364402983827875,17.125034646393747,1.3866722097593767,0
Rat_public_Frederick,Rat_assembly_Pauline,0.5118935376678414,0.4050842690601095,0.5395361327977647,20.865523931860714,-5.400067220200008,1.7998087271269068,0
Rat_health_Guy,Rat_assembly_Pauline,0.5118935376678414,0.49156645100041557,0.4492306555188761,3.970959813252363,12.241389573787927,4.527205287751743,0
Rat_assembly_Suzanne,Rat_assembly_Pauline,0.5118935376678414,0.4005274111669456,0.5243979069973549,21.755720341435385,-2.4427675696948046,0.47407226335580255,1
Rat_other_Hazel,Rat_assembly_Pauline,0.5118935376678414,0.49839592333462013,0.4709992054342641,2.63680108069261,7.988835416811396,2.3976260193434826,0
Rat_education_Candida,Rat_assembly_Pauline,0.5118935376678414,0.4948649525420503,0.48747843461766427,3.326587243779708,4.769566570699641,2.4732524251782433,0
Rat_education_Conrad,Rat_assembly_Pauline,0.5118935376678414,0.42257705696237063,0.6007196438392917,17.44825322710494,-17.352457031619714,3.9671544240404053,0
Rat_education_Alfonso,Rat_assembly_Pauline,0.5118935376678414,0.42250705912674474,0.47994967543757217,17.461927522729923,6.240333170800262,3.0054891733673252,0
Rat_education_Kandice,Rat_assembly_Pauline,0.5118935376678414,0.5275614239964207,0.47739063277168514,-3.0607704875434285,6.740250141337902,3.139380367352209,0
Rat_education_Liz,Rat_assembly_Pauline,0.5118935376678414,0.4676542118575514,0.4704257325452616,8.64229035041972,8.10086513525934,2.868998099134472,0
Rat_assembly_Mirta,Rat_assembly_Pauline,0.5118935376678414,0.44481921928380697,0.5689302292924534,13.103177408650502,-11.142295697747622,3.013970726599567,1
Rat_assembly_Gerald,Rat_assembly_Pauline,0.5118935376678414,0.6125165723644093,0.5220988137322716,-19.657023832533778,-1.9936325258030991,1.2913098378421122,1
Rat_parking_Ronnie,Rat_assembly_Pauline,0.5118935376678414,0.47553246287895556,0.42090920132481574,7.103249428493448,17.774074030616845,0.40097062607871625,0
Rat_education_Dreama,Rat_assembly_Pauline,0.5118935376678414,0.5072503561006398,0.45148024290544225,0.907060008679859,11.801925657752738,3.1502956111393434,0
Rat_assembly_Kaitlyn,Rat_assembly_Pauline,0.5118935376678414,0.42083947515167003,0.5245664231056599,17.78769525612858,-2.4756877173240923,2.214413164239279,1
Rat_assembly_Ida,Rat_assembly_Pauline,0.5118935376678414,0.42675067676868317,0.4304170237226172,16.63292357373066,15.916691255065787,1.8330580453820533,1
Rat_public_Michelle,Rat_assembly_Pauline,0.5118935376678414,0.5346080780609787,0.4643846510163955,-4.437356348865711,9.281009263741398,2.4098709139361643,0
Rat_lodging_Lorenzo,Rat_assembly_Pauline,0.5118935376678414,0.39717125264990893,0.6261588860340871,22.41135638097735,-22.32209238015238,0.6584831282704513,0
Rat_office_Ramiro,Rat_assembly_Pauline,0.5118935376678414,0.4161607544082053,0.5781329842900753,18.701697953795108,-12.940082604679318,3.038435023906514,0
Rat_public_Amber,Rat_assembly_Pauline,0.5118935376678414,0.44238869372089645,0.46484410985771857,13.577988162070803,9.191252545300225,2.0778258009214077,0
Rat_public_Duane,Rat_assembly_Pauline,0.5118935376678414,0.5352851439446407,0.46527951048946203,-4.569623282093016,9.106195673176554,3.1921423777593483,0
Rat_public_Alanna,Rat_assembly_Pauline,0.5118935376678414,0.4287467564696145,0.5114684774332522,16.242983175181113,0.08303684327131086,4.141692565473632,0
Rat_office_Kasey,Rat_assembly_Pauline,0.5118935376678414,0.46556331382482385,0.4621128105918788,9.05075380597604,9.724820380183118,2.3976260193434826,0
Rat_public_Dexter,Rat_assembly_Pauline,0.5118935376678414,0.4413284683325769,0.4962526654919879,13.785106500221719,3.055493188508,1.3950460463336471,0
Rat_public_Emilee,Rat_assembly_Pauline,0.5118935376678414,0.4001048054374017,0.5703279720789595,21.838277689486567,-11.415349112892127,2.1124742602253,0
Rat_public_Roma,Rat_assembly_Pauline,0.5118935376678414,0.4414825274304037,0.5219364640787182,13.755010574703938,-1.961917014352594,2.081065874041596,0
Rat_education_Terese,Rat_assembly_Pauline,0.5118935376678414,0.4203266208290901,0.5207111595023354,17.88788294845938,-1.7225499416668881,3.509112012005214,0
Rat_assembly_Deandre,Rat_assembly_Pauline,0.5118935376678414,0.4295461469642443,0.6840163143674612,16.08681974747469,-33.62472155515025,1.6852409457970725,1
Rat_education_Adell,Rat_assembly_Pauline,0.5118935376678414,0.46951739615727084,0.5387973443883491,8.27831148321073,-5.255742598955242,3.142569637374769,0
Rat_public_Tricia,Rat_assembly_Pauline,0.5118935376678414,0.5530563334352938,0.3940645937433981,-8.041280605922049,23.018251893013822,1.225799195911177,0
Rat_public_Wilma,Rat_other_Hazel,0.16485382681804245,0.24602489696037422,0.363472332138993,-49.2382079986074,-120.48158611457403,0.5057949947196382,0
Rat_public_Jason,Rat_other_Hazel,0.16485382681804245,0.32866957294874277,0.42366384469199225,-99.37030234154776,-156.99363664733823,0.037600334942163624,0
Rat_public_Carole,Rat_other_Hazel,0.16485382681804245,0.2237844093471302,0.3998855914581412,-35.747172914664844,-142.5697960287663,0.8338082172157237,0
Rat_health_Rosaria,Rat_other_Hazel,0.16485382681804245,0.41069425010712235,0.3021409972096509,-149.12630664038298,-83.27812161930535,0.5574939457344636,0
Rat_education_Tim,Rat_other_Hazel,0.16485382681804245,0.32348657449251744,0.35857072262115286,-96.2263058955653,-117.50827963303854,0.21671323034666823,0
Rat_public_Sean,Rat_other_Hazel,0.16485382681804245,0.566127616269591,0.6277085935015277,-243.41187414135965,-280.76677115561387,0.5545474090433236,0
Rat_education_Adrian,Rat_other_Hazel,0.16485382681804245,0.4026135831854654,0.40905668223062536,-144.22459032743626,-148.13296125792823,0.4181494182546937,0
Rat_public_Margart,Rat_other_Hazel,0.16485382681804245,0.5043226874753846,0.3991325351240729,-205.92112855956395,-142.11299357012547,0.3002286066295661,0
Rat_assembly_Kimberley,Rat_other_Hazel,0.16485382681804245,0.2544695271997564,0.2735828104425086,-54.360703728538475,-65.95478292686275,0.34492821511547356,0
Rat_public_Johnny,Rat_other_Hazel,0.16485382681804245,0.2745758865358517,0.2285177094107716,-66.55718088905212,-38.61838321957683,1.010953809584106,0
Rat_public_Frederick,Rat_other_Hazel,0.16485382681804245,0.26274233603560715,0.3958946230661377,-59.37897294043967,-140.14888262382087,0.5978172922165759,0
Rat_health_Guy,Rat_other_Hazel,0.16485382681804245,0.23064538195420559,0.14821896776444343,-39.90902510791007,10.090672066690788,2.1295792684082606,0
Rat_assembly_Suzanne,Rat_other_Hazel,0.16485382681804245,0.4090913066431831,0.41570915972819855,-148.15396435699245,-152.168340736814,1.92355375598768,0
Rat_assembly_Pauline,Rat_other_Hazel,0.16485382681804245,0.5257077005038553,0.4581277087217729,-218.89323447984356,-177.89934729718573,2.3976260193434826,0
Rat_education_Candida,Rat_other_Hazel,0.16485382681804245,0.26372046114907355,0.1444543050873909,-59.972301668286555,12.37430887980995,0.07562640583476093,0
Rat_education_Conrad,Rat_other_Hazel,0.16485382681804245,0.6579912189113145,0.6826433618344203,-299.13615086265054,-314.0900912102505,1.5695284046969227,0
Rat_education_Alfonso,Rat_other_Hazel,0.16485382681804245,0.3380017819908443,0.24095183585048938,-105.03120158922003,-46.160899325946595,0.6078631540238426,0
Rat_education_Kandice,Rat_other_Hazel,0.16485382681804245,0.39328686463362394,0.3912128175646526,-138.5670216001201,-137.30890881681142,0.7417543480087265,0
Rat_education_Liz,Rat_other_Hazel,0.16485382681804245,0.33863546947261436,0.215456101336462,-105.4155951419821,-30.6952380148699,0.47137207979098955,0
Rat_assembly_Mirta,Rat_other_Hazel,0.16485382681804245,0.34970740557030106,0.3886694451031081,-112.13180932480924,-135.76610419368808,0.6163447072560846,0
Rat_assembly_Gerald,Rat_other_Hazel,0.16485382681804245,0.6341610319134624,0.6093598970307861,-284.6808073272197,-269.63648875641064,1.1063161815013705,0
Rat_parking_Ronnie,Rat_other_Hazel,0.16485382681804245,0.35281925147800475,0.23402269838770795,-114.01944879776997,-41.957698468237986,1.9966553932647664,0
Rat_education_Dreama,Rat_other_Hazel,0.16485382681804245,0.24189747381602536,0.14971274353111177,-46.73452141515641,9.184550689043244,0.7526695917958608,0
Rat_assembly_Kaitlyn,Rat_other_Hazel,0.16485382681804245,0.2840069579067744,0.31384138773350656,-72.27804982667907,-90.37555499388513,0.18321285510420338,0
Rat_assembly_Ida,Rat_other_Hazel,0.16485382681804245,0.2291221393223971,0.18397526085003538,-38.98502918909542,-11.599023450695038,0.5645679739614292,0
Rat_public_Michelle,Rat_other_Hazel,0.16485382681804245,0.4490094802429916,0.28113535510740206,-172.36824822913343,-70.53614134035568,0.012244894592681715,0
Rat_lodging_Lorenzo,Rat_other_Hazel,0.16485382681804245,0.390560763650766,0.6017867975822939,-136.91337422324307,-265.04266185250077,1.7391428910730313,0
Rat_office_Ramiro,Rat_other_Hazel,0.16485382681804245,0.3218446299422731,0.45019235597843577,-95.23030563161228,-173.08577827273368,0.6408090045630312,0
Rat_public_Amber,Rat_other_Hazel,0.16485382681804245,0.3788143180509487,0.3708904851220511,-129.78800393215334,-124.98142280398609,0.31980021842207496,0
Rat_public_Duane,Rat_other_Hazel,0.16485382681804245,0.4104597344851968,0.31593289411650916,-148.98404993548743,-91.64425856199283,0.7945163584158659,0
Rat_public_Alanna,Rat_other_Hazel,0.16485382681804245,0.21448011168739683,0.2858486680694346,-30.103204655436627,-73.3952275096048,1.7440665461301499,0
Rat_office_Kasey,Rat_other_Hazel,0.16485382681804245,0.4160555845630207,0.2538909494088235,-152.37848134532078,-54.00973960347058,0.0,0
Rat_public_Dexter,Rat_other_Hazel,0.16485382681804245,0.20208664014324568,0.2557869264145244,-22.585349727003294,-55.15983544431118,1.0025799730098355,0
Rat_public_Emilee,Rat_other_Hazel,0.16485382681804245,0.5487380206733591,0.5096948978426732,-232.86338040488994,-209.17990057049107,0.28515175911818225,0
Rat_public_Roma,Rat_other_Hazel,0.16485382681804245,0.3790534049341888,0.32449058699885364,-129.93303355497434,-96.83533786389465,0.31656014530188664,0
Rat_education_Terese,Rat_other_Hazel,0.16485382681804245,0.25932150118180575,0.28714699256821713,-57.30390139382817,-74.18278854099995,1.1114859926617315,0
Rat_assembly_Deandre,Rat_other_Hazel,0.16485382681804245,0.33760714625355603,0.6840216928614449,-104.79181634417878,-314.9261840408682,0.7123850735464101,0
Rat_education_Adell,Rat_other_Hazel,0.16485382681804245,0.5359681859145532,0.34821443783724887,-225.117224306918,-111.22617809872915,0.7449436180312861,0
Rat_public_Tricia,Rat_other_Hazel,0.16485382681804245,0.38139984730219023,0.24637459969449646,-131.35638077917392,-49.4503369742412,1.1718268234323057,0
Rat_public_Wilma,Rat_education_Candida,0.20294469505442517,0.3393243347218544,0.28674617641969685,-67.20039645818548,-41.2927676393798,0.5814214005543992,0
Rat_public_Jason,Rat_education_Candida,0.20294469505442517,0.45953306558872997,0.42865762186322603,-126.43265716578284,-111.21893417724951,0.11322674077692456,0
Rat_public_Carole,Rat_education_Candida,0.20294469505442517,0.3938687766505789,0.3292998353713403,-94.07690185986493,-62.26087372376475,0.9094346230504846,0
Rat_health_Rosaria,Rat_education_Candida,0.20294469505442517,0.3829385211998551,0.5196106960275607,-88.69107226338667,-156.0356139825251,0.6331203515692245,0
Rat_education_Tim,Rat_education_Candida,0.20294469505442517,0.4497358060827658,0.3704134678925692,-121.60510574674387,-82.5194138694942,0.1410868245119073,1
Rat_public_Sean,Rat_education_Candida,0.20294469505442517,0.5603054384936017,0.8191249183752681,-176.08774811450013,-303.61977343413554,0.4789210032085627,0
Rat_education_Adrian,Rat_education_Candida,0.20294469505442517,0.5047723814103335,0.431532048427874,-148.72410745940664,-112.63529372479873,0.34252301241993277,1
Rat_public_Margart,Rat_education_Candida,0.20294469505442517,0.5372195426294445,0.3980369379576279,-164.71228651006345,-96.13074283655624,0.375855012464327,0
Rat_assembly_Kimberley,Rat_education_Candida,0.20294469505442517,0.35989039901698205,0.2986859585874854,-77.33422345455622,-47.17603655881945,0.42055462095023455,0
Rat_public_Johnny,Rat_education_Candida,0.20294469505442517,0.3268515407578022,0.48925064911386174,-61.0544885985554,-141.07585023725593,1.0865802154188668,0
Rat_public_Frederick,Rat_education_Candida,0.20294469505442517,0.4500122554550953,0.38794563999028364,-121.74132481482812,-91.15830541234173,0.6734436980513369,0
Rat_health_Guy,Rat_education_Candida,0.20294469505442517,0.31346826451242765,0.3309977037763888,-54.459945074377316,-63.097490026838464,2.0539528625734995,0
Rat_assembly_Suzanne,Rat_education_Candida,0.20294469505442517,0.5583125237617257,0.36753845051540573,-175.10574918551035,-81.10276320198479,1.999180161822441,0
Rat_assembly_Pauline,Rat_education_Candida,0.20294469505442517,0.6873322744549398,0.5906681053113964,-238.6795965623112,-191.0488028046225,2.4732524251782433,0
Rat_other_Hazel,Rat_education_Candida,0.20294469505442517,0.2848843842663678,0.255730332863113,-40.37537871584585,-26.009863324849114,0.07562640583476093,0
Rat_education_Conrad,Rat_education_Candida,0.20294469505442517,0.7692891074340995,0.6115460982715094,-279.0634227851059,-201.33633111597553,1.4939019988621618,1
Rat_education_Alfonso,Rat_education_Candida,0.20294469505442517,0.3165443763303071,0.2659034475363155,-55.97568403816471,-31.022615528337035,0.5322367481890817,1
Rat_education_Kandice,Rat_education_Candida,0.20294469505442517,0.45369050229236485,0.7353516294769099,-123.55376284691519,-262.34089749412044,0.6661279421739656,1
Rat_education_Liz,Rat_education_Candida,0.20294469505442517,0.3585520627435589,0.3160920305977934,-76.67476484044255,-55.75279290400997,0.3957456739562286,1
Rat_assembly_Mirta,Rat_education_Candida,0.20294469505442517,0.4250709546405242,0.33519133347802554,-109.45162154966887,-65.16388042965835,0.5407183014213237,0
Rat_assembly_Gerald,Rat_education_Candida,0.20294469505442517,0.7900597450026221,0.8349731194043384,-289.2980522554413,-311.4288965180477,1.1819425873361313,0
Rat_parking_Ronnie,Rat_education_Candida,0.20294469505442517,0.31340792354796976,0.32703241036378794,-54.430212361018285,-61.14361120702626,2.0722817990995273,0
Rat_education_Dreama,Rat_education_Candida,0.20294469505442517,0.3167286998956454,0.3862579924504277,-56.06650856811307,-90.326725390305,0.6770431859610999,1
Rat_assembly_Kaitlyn,Rat_education_Candida,0.20294469505442517,0.4366581465949738,0.28151344851819216,-115.16115337622992,-38.714366710938975,0.2588392609389643,0
Rat_assembly_Ida,Rat_education_Candida,0.20294469505442517,0.3275140880919443,0.38302901216651086,-61.380955537720496,-88.73566124199066,0.6401943797961902,0
Rat_public_Michelle,Rat_education_Candida,0.20294469505442517,0.4524906932377431,0.49440205678700316,-122.96256283831187,-143.61418102326633,0.06338151124207922,0
Rat_lodging_Lorenzo,Rat_education_Candida,0.20294469505442517,0.584254386047572,0.5211927206531018,-187.88847419287714,-156.81514883319804,1.8147692969077922,0
Rat_office_Ramiro,Rat_education_Candida,0.20294469505442517,0.45697561661019137,0.39636735334384626,-125.17248676425905,-95.30806323247303,0.5651825987282704,0
Rat_public_Amber,Rat_education_Candida,0.20294469505442517,0.41617989377054904,0.4425370656958954,-105.07059505001548,-118.05796183892217,0.39542662425683583,0
Rat_public_Duane,Rat_education_Candida,0.20294469505442517,0.4373718184642327,0.3398829795432931,-115.51281167854101,-67.47566594541641,0.7188899525811049,0
Rat_public_Alanna,Rat_education_Candida,0.20294469505442517,0.36556382774210033,0.300438205294466,-80.12977754558422,-48.03944750262888,1.668440140295389,0
Rat_office_Kasey,Rat_education_Candida,0.20294469505442517,0.3450195240997885,0.3330327290851855,-70.00667300382602,-64.10023873542183,0.07562640583476093,0
Rat_public_Dexter,Rat_education_Candida,0.20294469505442517,0.31276806228241893,0.27273900783203314,-54.11492387053607,-34.390804233089575,1.0782063788445964,0
Rat_public_Emilee,Rat_education_Candida,0.20294469505442517,0.5972073619790039,0.44290301339127963,-194.2709893544379,-118.23828076535978,0.3607781649529432,0
Rat_public_Roma,Rat_education_Candida,0.20294469505442517,0.42316959776210056,0.37500652348971014,-108.51473730250305,-84.78261941714806,0.3921865511366476,0
Rat_education_Terese,Rat_education_Candida,0.20294469505442517,0.31995038040221907,0.27724582731148306,-57.65397578705649,-36.61151735803294,1.0358595868269707,1
Rat_assembly_Deandre,Rat_education_Candida,0.20294469505442517,0.5380613017339279,0.5460500794098524,-165.12705916734214,-169.06349006236115,0.788011479381171,0
Rat_education_Adell,Rat_education_Candida,0.20294469505442517,0.49382096600820496,0.3053537815941567,-143.32785140098062,-50.461573539662,0.6693172121965252,1
Rat_public_Tricia,Rat_education_Candida,0.20294469505442517,0.3927580329627975,0.4722881595376894,-93.52958837257052,-132.71766695405975,1.2474532292670666,0
Rat_public_Wilma,Rat_education_Conrad,0.6317899999302848,0.6225782287628596,0.5730913222946785,1.458043205565409,9.290852600086017,2.0753233994165607,0
Rat_public_Jason,Rat_education_Conrad,0.6317899999302848,0.6294058392389885,0.58003044566482,0.37736600635644807,8.192525090801736,1.6071287396390863,0
Rat_public_Carole,Rat_education_Conrad,0.6317899999302848,0.6330685142339861,0.5673346356910106,-0.20236380820246808,10.202023496159576,2.403336621912646,0
Rat_health_Rosaria,Rat_education_Conrad,0.6317899999302848,0.6522183288933828,0.6717572182644828,-3.2334049233688664,-6.326028955603621,2.1270223504313863,0
Rat_education_Tim,Rat_education_Conrad,0.6317899999302848,0.6013238522319083,0.5720744648746513,4.822195302511646,9.451801241270498,1.3528151743502546,1
Rat_public_Sean,Rat_education_Conrad,0.6317899999302848,0.7738105876872685,0.8587654033350616,-22.47908130433451,-35.925767015910736,1.0149809956535991,0
Rat_education_Adrian,Rat_education_Conrad,0.6317899999302848,0.5949638961177973,0.5525412560286892,5.828851962922983,12.543526157479604,1.151378986442229,1
Rat_public_Margart,Rat_education_Conrad,0.6317899999302848,0.6274403806837023,0.5764927691465561,0.6884596538505617,8.75247009130099,1.8697570113264887,0
Rat_assembly_Kimberley,Rat_education_Conrad,0.6317899999302848,0.6192009160255382,0.5891548512386969,1.9926057560480246,6.7483101499378755,1.9144566198123962,0
Rat_public_Johnny,Rat_education_Conrad,0.6317899999302848,0.6769873162466704,0.7316952165206716,-7.153851172283969,-15.813041770431765,2.5804822142810284,0
Rat_public_Frederick,Rat_education_Conrad,0.6317899999302848,0.6298482730861262,0.5688313294091926,0.3073373817839582,9.965126153949805,2.1673456969134985,0
Rat_health_Guy,Rat_education_Conrad,0.6317899999302848,0.6490211559411573,0.6703728423327235,-2.7273549775675177,-6.1069093221950554,0.5600508637113379,0
Rat_assembly_Suzanne,Rat_education_Conrad,0.6317899999302848,0.6516498913507011,0.5708073919495315,-3.1434323782598126,9.652354103021976,3.4930821606846028,0
Rat_assembly_Pauline,Rat_education_Conrad,0.6317899999302848,0.642255228576779,0.5833904739846597,-1.6564410085074026,7.660698325545799,3.9671544240404053,0
Rat_other_Hazel,Rat_education_Conrad,0.6317899999302848,0.6499734443108102,0.6566222582678234,-2.8780836009642106,-3.930460808224042,1.5695284046969227,0
Rat_education_Candida,Rat_education_Conrad,0.6317899999302848,0.6347029182870403,0.6359085521570149,-0.4610580029878397,-0.651886263977673,1.4939019988621618,1
Rat_education_Alfonso,Rat_education_Conrad,0.6317899999302848,0.598878896906417,0.6000548246556424,5.2091839103973445,5.023057547309115,0.9616652506730801,1
Rat_education_Kandice,Rat_education_Conrad,0.6317899999302848,0.6834550683218603,0.7985682860468657,-8.177569824985593,-26.397740726346424,0.8277740566881961,1
Rat_education_Liz,Rat_education_Conrad,0.6317899999302848,0.6195535705312092,0.6364290733884331,1.936787445262807,-0.7342745941943037,1.0981563249059332,1
Rat_assembly_Mirta,Rat_education_Conrad,0.6317899999302848,0.596230271983418,0.5803476831680269,5.62840943205664,8.142312598796181,0.9531836974408381,0
Rat_assembly_Gerald,Rat_education_Conrad,0.6317899999302848,0.7754316972622652,0.8167549466051005,-22.735671243266058,-29.276333385337804,2.675844586198293,0
Rat_parking_Ronnie,Rat_education_Conrad,0.6317899999302848,0.6614276531943015,0.6318233463927793,-4.691060837823812,-0.005278092799522141,3.5661837979616893,0
Rat_education_Dreama,Rat_education_Conrad,0.6317899999302848,0.6486244176458418,0.6963500498457725,-2.6645590651030466,-10.21859319118878,0.8168588129010619,1
Rat_assembly_Kaitlyn,Rat_education_Conrad,0.6317899999302848,0.6407398257019231,0.5804708303120821,-1.4165823727228744,8.12282081448987,1.752741259801126,0
Rat_assembly_Ida,Rat_education_Conrad,0.6317899999302848,0.6291641072629133,0.6665595176321817,0.415627450206765,-5.50333460576038,2.134096378658352,0
Rat_public_Michelle,Rat_education_Conrad,0.6317899999302848,0.6409445273561611,0.6976726990029528,-1.448982640891192,-10.427942683476761,1.557283510104241,0
Rat_lodging_Lorenzo,Rat_education_Conrad,0.6317899999302848,0.6440549346244405,0.544012741775725,-1.9412992759475556,13.893423157100566,3.308671295769954,0
Rat_office_Ramiro,Rat_education_Conrad,0.6317899999302848,0.6139947195559294,0.5651486584461941,2.816644830769565,10.548020939148183,0.9287194001338914,0
Rat_public_Amber,Rat_education_Conrad,0.6317899999302848,0.6370671638460976,0.6599820996644684,-0.8352718334248879,-4.462257987194232,1.8893286231189976,0
Rat_public_Duane,Rat_education_Conrad,0.6317899999302848,0.7222858519027932,0.6131540595371688,-14.32372338632997,2.9497048695250627,0.7750120462810569,0
Rat_public_Alanna,Rat_education_Conrad,0.6317899999302848,0.6286314708578118,0.5890763048056774,0.49993337546045014,6.760742514019008,0.1745381414332272,0
Rat_office_Kasey,Rat_education_Conrad,0.6317899999302848,0.5959696612873079,0.6139517147530602,5.669659008045326,2.823451649945869,1.5695284046969227,0
Rat_public_Dexter,Rat_education_Conrad,0.6317899999302848,0.6416850359443108,0.5902449078095071,-1.5661906670124317,6.575775514864439,2.5721083777067584,0
Rat_public_Emilee,Rat_education_Conrad,0.6317899999302848,0.6273430590603024,0.5534616949227306,0.7038637633506591,12.39783868313798,1.854680163815105,0
Rat_public_Roma,Rat_education_Conrad,0.6317899999302848,0.6255894764275604,0.6195021886481908,0.9814215963229375,1.9449201923819468,1.8860885499988094,0
Rat_education_Terese,Rat_education_Conrad,0.6317899999302848,0.5968482498829709,0.5820246944247676,5.530595617399704,7.876874517008603,0.45804241203519114,1
Rat_assembly_Deandre,Rat_education_Conrad,0.6317899999302848,0.6430418915811194,0.5473250963477413,-1.7809543759914064,13.369142213688706,2.281913478243333,0
Rat_education_Adell,Rat_education_Conrad,0.6317899999302848,0.5822281041947824,0.5727517524086134,7.844678728845239,9.344599871505725,0.8245847866656366,1
Rat_public_Tricia,Rat_education_Conrad,0.6317899999302848,0.7082135226057336,0.717883314435235,-12.096348895025516,-13.626887813110397,2.7413552281292284,0
Rat_public_Wilma,Rat_education_Alfonso,0.28734410597031884,0.39549332424452516,0.40971752347660756,-37.637527976779715,-42.58775974995264,1.113658148743481,0
Rat_public_Jason,Rat_education_Alfonso,0.28734410597031884,0.5254929330224376,0.5277641459416041,-82.87931511520836,-83.66973081261652,0.6454634889660062,0
Rat_public_Carole,Rat_education_Alfonso,0.28734410597031884,0.427670220262804,0.41345715901795066,-48.835563833343464,-43.88920824450759,1.4416713712395663,0
Rat_health_Rosaria,Rat_education_Alfonso,0.28734410597031884,0.48556441491770386,0.4085181725268399,-68.98360009091682,-42.17036787559433,1.1653570997583063,0
Rat_education_Tim,Rat_education_Alfonso,0.28734410597031884,0.4209665027736959,0.42946053628952197,-46.50257096875325,-49.45862029753379,0.39114992367717444,1
Rat_public_Sean,Rat_education_Alfonso,0.28734410597031884,0.5652478560898756,0.5381672091351688,-96.71461649826315,-87.29015071245578,0.05331574498051905,0
Rat_education_Adrian,Rat_education_Alfonso,0.28734410597031884,0.45968980332131876,0.5020456876011661,-59.97885245253728,-74.71932681752129,0.18971373576914896,1
Rat_public_Margart,Rat_education_Alfonso,0.28734410597031884,0.3923807069460915,0.41102447051875984,-36.55429110720037,-43.042596656294926,0.9080917606534087,0
Rat_assembly_Kimberley,Rat_education_Alfonso,0.28734410597031884,0.35839148194698695,0.34025800950097584,-24.725537952745384,-18.414821265247298,0.9527913691393163,0
Rat_public_Johnny,Rat_education_Alfonso,0.28734410597031884,0.3747455559632954,0.22554167088365043,-30.416997661335248,21.508161748427263,1.6188169636079486,0
Rat_public_Frederick,Rat_education_Alfonso,0.28734410597031884,0.4733884572024256,0.4639232469596987,-64.74618666837182,-61.45215347052206,1.2056804462404185,0
Rat_health_Guy,Rat_education_Alfonso,0.28734410597031884,0.36266599075894346,0.23668320800423368,-26.213130258674934,17.630741996607433,1.521716114384418,0
Rat_assembly_Suzanne,Rat_education_Alfonso,0.28734410597031884,0.49205052656759973,0.44731145243581194,-71.24086290408407,-55.67100321243996,2.5314169100115227,0
Rat_assembly_Pauline,Rat_education_Alfonso,0.28734410597031884,0.5424787576436614,0.47943254374503014,-88.79063338076494,-66.8496182046459,3.0054891733673252,0
Rat_other_Hazel,Rat_education_Alfonso,0.28734410597031884,0.3556684402328111,0.23115377320366434,-23.77787915007722,19.55506711262025,0.6078631540238426,0
Rat_education_Candida,Rat_education_Alfonso,0.28734410597031884,0.3534284365949642,0.2927449822151732,-22.998324744295097,-1.8795848366600012,0.5322367481890817,1
Rat_education_Conrad,Rat_education_Alfonso,0.28734410597031884,0.5601881511043133,0.6320103172450191,-94.95376430730681,-119.94894069979722,0.9616652506730801,1
Rat_education_Kandice,Rat_education_Alfonso,0.28734410597031884,0.4526397491350244,0.39354111453822593,-57.52532929343599,-36.95813011695347,0.13389119398488392,1
Rat_education_Liz,Rat_education_Alfonso,0.28734410597031884,0.4216369408708015,0.3436639209692908,-46.735893345365646,-19.60012884509611,0.13649107423285312,1
Rat_assembly_Mirta,Rat_education_Alfonso,0.28734410597031884,0.42843226057674394,0.4442755684955355,-49.10076513662639,-54.614470686733654,0.008481553232241978,0
Rat_assembly_Gerald,Rat_education_Alfonso,0.28734410597031884,0.5594246441325023,0.43789827307666696,-94.68805258538622,-52.395077531849424,1.714179335525213,0
Rat_parking_Ronnie,Rat_education_Alfonso,0.28734410597031884,0.445420443567945,0.3598350061961063,-55.01290414982608,-25.22790574770843,2.6045185472886088,0
Rat_education_Dreama,Rat_education_Alfonso,0.28734410597031884,0.3635586759439663,0.22774172149257446,-26.523797909924774,20.74251158779676,0.14480643777201818,1
Rat_assembly_Kaitlyn,Rat_education_Alfonso,0.28734410597031884,0.41900884277272127,0.3660349229523734,-45.82127632574538,-27.385568503772582,0.7910760091280461,0
Rat_assembly_Ida,Rat_education_Alfonso,0.28734410597031884,0.3933180169316955,0.3282506908039652,-36.880488849255606,-14.236096715995206,1.172431127985272,0
Rat_public_Michelle,Rat_education_Alfonso,0.28734410597031884,0.4112809902980061,0.2779403514369924,-43.13186933456337,3.272645701769774,0.595618259431161,0
Rat_lodging_Lorenzo,Rat_education_Alfonso,0.28734410597031884,0.5170133688989068,0.5750560341557819,-79.92830134901449,-100.12800757262868,2.347006045096874,0
Rat_office_Ramiro,Rat_education_Alfonso,0.28734410597031884,0.44716415581975194,0.48146295914937387,-55.619741810866195,-67.55623280440855,0.03294585053918864,0
Rat_public_Amber,Rat_education_Alfonso,0.28734410597031884,0.5097243652210008,0.4924240467342509,-77.3916202316858,-71.37085344813572,0.9276633724459176,0
Rat_public_Duane,Rat_education_Alfonso,0.28734410597031884,0.5296919360702673,0.41742510974262204,-84.34063029814914,-45.27011380067768,0.18665320439202315,0
Rat_public_Alanna,Rat_education_Alfonso,0.28734410597031884,0.41685174515403867,0.3764415823853761,-45.0705744411884,-31.007239948140985,1.1362033921063073,0
Rat_office_Kasey,Rat_education_Alfonso,0.28734410597031884,0.34166526489340004,0.30414026597276933,-18.90456696149957,-5.845312172223726,0.6078631540238426,0
Rat_public_Dexter,Rat_education_Alfonso,0.28734410597031884,0.4305465179125014,0.382721081475084,-49.83655796892339,-33.192598533626125,1.610443127033678,0
Rat_public_Emilee,Rat_education_Alfonso,0.28734410597031884,0.4106674009881186,0.486996671590621,-42.91833117695423,-69.48204660266295,0.8930149131420249,0
Rat_public_Roma,Rat_education_Alfonso,0.28734410597031884,0.4379646958196817,0.4422728590127977,-52.41819362911213,-53.91749815758609,0.9244232993257293,0
Rat_education_Terese,Rat_education_Alfonso,0.28734410597031884,0.3972505452090281,0.4027738253632995,-38.249066869693166,-40.171250077739174,0.5036228386378889,1
Rat_assembly_Deandre,Rat_education_Alfonso,0.28734410597031884,0.5215840369319578,0.6299005325635431,-81.51896144542276,-119.21470441736102,1.3202482275702527,0
Rat_education_Adell,Rat_education_Alfonso,0.28734410597031884,0.4219730349167469,0.4097094952787028,-46.852859045709664,-42.58496581830834,0.13708046400744345,1
Rat_public_Tricia,Rat_education_Alfonso,0.28734410597031884,0.49555922145909514,0.31986945642304243,-72.46194063583258,-11.319303154971722,1.7796899774561483,0
Rat_public_Wilma,Rat_education_Kandice,0.726635436048931,0.8511739598275704,1.0012601535020225,-17.13906556165437,-37.794016618066294,1.2475493427283648,0
Rat_public_Jason,Rat_education_Kandice,0.726635436048931,0.9478725589382043,1.1137521638320984,-30.446784166245287,-53.275233848779614,0.7793546829508902,0
Rat_public_Carole,Rat_education_Kandice,0.726635436048931,0.8614981527851152,1.0336716830015744,-18.55988712434645,-42.2545105455011,1.5755625652244503,0
Rat_health_Rosaria,Rat_education_Kandice,0.726635436048931,0.9843517260740567,0.7492479569167556,-35.46706879951439,-3.111948543382339,1.2992482937431902,0
Rat_education_Tim,Rat_education_Kandice,0.726635436048931,0.953509042502032,1.0117758149898632,-31.222480379806782,-39.241188193542925,0.5250411176620584,1
Rat_public_Sean,Rat_education_Kandice,0.726635436048931,1.0938049012659918,0.7025175639838528,-50.53007973483088,3.319115868642295,0.18720693896540297,0
Rat_education_Adrian,Rat_education_Kandice,0.726635436048931,1.0084874471505623,1.1362451412587478,-38.78864105970351,-56.370730752832976,0.3236049297540329,1
Rat_public_Margart,Rat_education_Kandice,0.726635436048931,0.9677767557151833,1.0522433284942772,-33.18601154073279,-44.810351421317144,1.0419829546382926,0
Rat_assembly_Kimberley,Rat_education_Kandice,0.726635436048931,0.8653103376691356,0.886374026813948,-19.08452227078922,-21.98331967314904,1.0866825631242,0
Rat_public_Johnny,Rat_education_Kandice,0.726635436048931,0.8663469190532397,0.505020245141787,-19.22717721612749,30.498814111265087,1.7527081575928325,0
Rat_public_Frederick,Rat_education_Kandice,0.726635436048931,0.9138354279171813,1.0522079345953848,-25.762573992557726,-44.8054804919437,1.3395716402253024,0
Rat_health_Guy,Rat_education_Kandice,0.726635436048931,0.8328774013739529,0.655742311952767,-14.621082327433824,9.75635381638477,1.387824920399534,0
Rat_assembly_Suzanne,Rat_education_Kandice,0.726635436048931,0.9318426286428854,1.075280578667215,-28.24073564451595,-47.980751463765195,2.6653081039964066,0
Rat_assembly_Pauline,Rat_education_Kandice,0.726635436048931,1.0190181108905128,1.1356728688899336,-40.237877254019985,-56.291974289767275,3.139380367352209,0
Rat_other_Hazel,Rat_education_Kandice,0.726635436048931,0.7997971185067332,0.6421133253753002,-10.068554164605255,11.63198303859477,0.7417543480087265,0
Rat_education_Candida,Rat_education_Kandice,0.726635436048931,0.846457015000617,0.6930962231583103,-16.48991681484927,4.615686385044697,0.6661279421739656,1
Rat_education_Conrad,Rat_education_Kandice,0.726635436048931,1.1280611763999175,1.4277267879529238,-55.24444865140803,-96.4846079784061,0.8277740566881961,1
Rat_education_Alfonso,Rat_education_Kandice,0.726635436048931,0.8880815638492281,0.860049188264864,-22.21831193344464,-18.360479767043596,0.13389119398488392,1
Rat_education_Liz,Rat_education_Kandice,0.726635436048931,0.9616984669963049,0.8094830415871394,-32.349513839501896,-11.401536647963514,0.27038226821773703,1
Rat_assembly_Mirta,Rat_education_Kandice,0.726635436048931,0.9656990481232794,1.036385179705985,-32.9000761887217,-42.62794357254493,0.12540964075264194,0
Rat_assembly_Gerald,Rat_education_Kandice,0.726635436048931,1.1343674039052196,0.9188884640583149,-56.11231542371852,-26.457975825505674,1.848070529510097,0
Rat_parking_Ronnie,Rat_education_Kandice,0.726635436048931,0.9298311792743862,0.8068097190592665,-27.963918788537057,-11.033632414940001,2.738409741273493,0
Rat_education_Dreama,Rat_education_Kandice,0.726635436048931,0.8427733841884504,0.587894572764782,-15.982973356077663,19.09359995413248,0.010915243787134266,1
Rat_assembly_Kaitlyn,Rat_education_Kandice,0.726635436048931,0.8677757482961341,0.9796219399132572,-19.423813544609303,-34.816152820723474,0.92496720311293,0
Rat_assembly_Ida,Rat_education_Kandice,0.726635436048931,0.8284723369451884,0.6712981780027454,-14.014854746142577,7.615546297477742,1.3063223219701559,0
Rat_public_Michelle,Rat_education_Kandice,0.726635436048931,0.9731100801580659,0.6297157734711635,-33.91998681613121,13.338141490148994,0.7295094534160449,0
Rat_lodging_Lorenzo,Rat_education_Kandice,0.726635436048931,0.9954536091325479,1.3502118199697268,-36.99491653549289,-85.81695207592446,2.4808972390817576,0
Rat_office_Ramiro,Rat_education_Kandice,0.726635436048931,0.9770454933585658,1.14222288229538,-34.46158071662946,-57.19339102235356,0.10094534344569528,0
Rat_public_Amber,Rat_education_Kandice,0.726635436048931,0.962779012710315,0.9043596295452805,-32.49821918201664,-24.458508996302474,1.0615545664308015,0
Rat_public_Duane,Rat_education_Kandice,0.726635436048931,1.0185368670957737,0.9291302768233665,-40.171648197348084,-27.867460177210468,0.05276201040713924,0
Rat_public_Alanna,Rat_education_Kandice,0.726635436048931,0.8520289979546808,0.930417478495519,-17.256736416211048,-28.04460563534443,1.0023121981214234,0
Rat_office_Kasey,Rat_education_Kandice,0.726635436048931,0.9620247923218135,0.8132213133247638,-32.39442292448721,-11.915999823328484,0.7417543480087265,0
Rat_public_Dexter,Rat_education_Kandice,0.726635436048931,0.8199172954223939,0.8841055620373405,-12.837504853972106,-21.67113220415603,1.744334321018562,0
Rat_public_Emilee,Rat_education_Kandice,0.726635436048931,1.0058933903061194,1.1946011214754082,-38.43164541708139,-64.4017153871594,1.0269061071269088,0
Rat_public_Roma,Rat_education_Kandice,0.726635436048931,0.9456594641280622,0.9388000497835776,-30.142216744901823,-29.198220071441654,1.0583144933106132,0
Rat_education_Terese,Rat_education_Kandice,0.726635436048931,0.9050944744305751,0.9310702822196847,-24.559638785580347,-28.134444871332594,0.369731644653005,1
Rat_assembly_Deandre,Rat_education_Kandice,0.726635436048931,0.9624691525576788,1.4289966543071042,-32.455576043894865,-96.65936773979143,1.4541394215551366,0
Rat_education_Adell,Rat_education_Kandice,0.726635436048931,1.0355665405558638,1.0022632032525198,-42.51528196680594,-37.93205692008507,0.0031892700225595316,1
Rat_public_Tricia,Rat_education_Kandice,0.726635436048931,0.9827160275765517,0.5799266519845364,-35.241963001426825,20.190149941230686,1.9135811714410322,0
Rat_public_Wilma,Rat_education_Liz,0.2591809439154535,0.3779939566065635,0.33168956984636944,-45.841723892273336,-27.976063685673104,0.9771670745106278,0
Rat_public_Jason,Rat_education_Liz,0.2591809439154535,0.43313513946864785,0.3934240000121644,-67.11689251735241,-51.79511042312658,0.5089724147331531,0
Rat_public_Carole,Rat_education_Liz,0.2591809439154535,0.44338798847468086,0.37642157338603366,-71.07275781020263,-45.235049961398715,1.3051802970067132,0
Rat_health_Rosaria,Rat_education_Liz,0.2591809439154535,0.378801096594753,0.37252804862846245,-46.153143387856616,-43.73280805319681,1.0288660255254531,0
Rat_education_Tim,Rat_education_Liz,0.2591809439154535,0.4461493455919976,0.4395274312469879,-72.1381745324357,-69.58323579158065,0.2546588494443213,1
Rat_public_Sean,Rat_education_Liz,0.2591809439154535,0.6487220453908742,0.7130685056722583,-150.29696843857917,-175.12381693650514,0.08317532925233406,0
Rat_education_Adrian,Rat_education_Liz,0.2591809439154535,0.45088074867914646,0.49217392212133626,-73.96369573614436,-89.895875324031,0.053222661536295846,1
Rat_public_Margart,Rat_education_Liz,0.2591809439154535,0.5239246672382959,0.4387793256267997,-102.14629182352371,-69.29459357549543,0.7716006864205556,0
Rat_assembly_Kimberley,Rat_education_Liz,0.2591809439154535,0.42990292832173505,0.3724651961117708,-65.86980579172989,-43.708557614201524,0.8163002949064632,0
Rat_public_Johnny,Rat_education_Liz,0.2591809439154535,0.4941983573640585,0.4409518537098533,-90.67696486407935,-70.13282189978236,1.4823258893750955,0
Rat_public_Frederick,Rat_education_Liz,0.2591809439154535,0.46632919256607275,0.40403934886397996,-79.92418174007128,-55.89083933415267,1.0691893720075654,0
Rat_health_Guy,Rat_education_Liz,0.2591809439154535,0.4604142347008718,0.33059642963165575,-77.64200860811044,-27.554296483887512,1.6582071886172711,0
Rat_assembly_Suzanne,Rat_education_Liz,0.2591809439154535,0.571162508201281,0.4181627811911277,-120.3721074445959,-61.34009502162132,2.3949258357786696,0
Rat_assembly_Pauline,Rat_education_Liz,0.2591809439154535,0.7139397580340955,0.5607978310472411,-175.459972962745,-116.37309540402671,2.868998099134472,0
Rat_other_Hazel,Rat_education_Liz,0.2591809439154535,0.4483967349076296,0.2883753863897974,-73.00528662859548,-11.264116116448477,0.47137207979098955,0
Rat_education_Candida,Rat_education_Liz,0.2591809439154535,0.32417513579240714,0.2520857310899967,-25.076763320282986,2.737551888757408,0.3957456739562286,1
Rat_education_Conrad,Rat_education_Liz,0.2591809439154535,0.6546889508038449,0.6829004637642404,-152.59918453627083,-163.48405613763293,1.0981563249059332,1
Rat_education_Alfonso,Rat_education_Liz,0.2591809439154535,0.3631553444326539,0.28109650565744576,-40.11652976737269,-8.455699485816085,0.13649107423285312,1
Rat_education_Kandice,Rat_education_Liz,0.2591809439154535,0.5638547615667822,0.6415760243077163,-117.5525534588358,-147.53981315732943,0.27038226821773703,1
Rat_assembly_Mirta,Rat_education_Liz,0.2591809439154535,0.3969539908246215,0.41413609704781645,-53.157089725744065,-59.78647611643484,0.1449726274650951,0
Rat_assembly_Gerald,Rat_education_Liz,0.2591809439154535,0.9204216481939146,0.8087611377414698,-255.12705304991948,-212.0449850685369,1.57768826129236,0
Rat_parking_Ronnie,Rat_education_Liz,0.2591809439154535,0.3699750504592807,0.28051086447922613,-42.747782637896776,-8.229741061029008,2.4680274730557556,0
Rat_education_Dreama,Rat_education_Liz,0.2591809439154535,0.46885610077169076,0.35068143439236604,-80.8991408429451,-35.30371064114984,0.2812975120048713,1
Rat_assembly_Kaitlyn,Rat_education_Liz,0.2591809439154535,0.49289038029067245,0.342251921527091,-90.17230697772924,-32.051344653924794,0.654584934895193,0
Rat_assembly_Ida,Rat_education_Liz,0.2591809439154535,0.3858176314253182,0.3035148887169675,-48.86033888015102,-17.105402940416813,1.0359400537524188,0
Rat_public_Michelle,Rat_education_Liz,0.2591809439154535,0.47910068183036497,0.4203998473348843,-84.85181610676236,-62.203224119756825,0.45912718519830786,0
Rat_lodging_Lorenzo,Rat_education_Liz,0.2591809439154535,0.5542180345118303,0.563338610929852,-113.83440701281641,-117.35340662761718,2.210514970864021,0
Rat_office_Ramiro,Rat_education_Liz,0.2591809439154535,0.44853635277707815,0.4487322993411084,-73.05915550774196,-73.13475773415186,0.16943692477204175,0
Rat_public_Amber,Rat_education_Liz,0.2591809439154535,0.40836331698767214,0.3643867938956497,-57.55915956571365,-40.59166094190746,0.7911722982130645,0
Rat_public_Duane,Rat_education_Liz,0.2591809439154535,0.47290024160427785,0.33884068890814634,-82.45949507713074,-30.7351859242701,0.32314427862487627,0
Rat_public_Alanna,Rat_education_Liz,0.2591809439154535,0.44019553569640585,0.3214672123724052,-69.84101108914878,-24.031962966100593,1.2726944663391604,0
Rat_office_Kasey,Rat_education_Liz,0.2591809439154535,0.3787502740216407,0.34913752468835413,-46.133534472037226,-34.708022670927946,0.47137207979098955,0
Rat_public_Dexter,Rat_education_Liz,0.2591809439154535,0.42641468068599164,0.2712122694134828,-64.52393229383827,-4.642056362737076,1.473952052800825,0
Rat_public_Emilee,Rat_education_Liz,0.2591809439154535,0.5663549908579081,0.5309799631031712,-118.51721901385494,-104.86844251805036,0.7565238389091717,0
Rat_public_Roma,Rat_education_Liz,0.2591809439154535,0.4360486036327551,0.39973701927952066,-68.24099682845394,-54.23086791825153,0.7879322250928762,0
Rat_education_Terese,Rat_education_Liz,0.2591809439154535,0.33809106439862413,0.3252070269485029,-30.44595767384489,-25.474898746640704,0.640113912870742,1
Rat_assembly_Deandre,Rat_education_Liz,0.2591809439154535,0.5379787161992147,0.604468887005492,-107.56877726886698,-133.22273538855296,1.1837571533373996,0
Rat_education_Adell,Rat_education_Liz,0.2591809439154535,0.39557131268016105,0.34754074842627475,-52.623609862767914,-34.09193715246473,0.27357153824029656,1
Rat_public_Tricia,Rat_education_Liz,0.2591809439154535,0.45694824135786527,0.3705524849168969,-76.30472150256725,-42.97057465682104,1.6431989032232952,0
Rat_public_Wilma,Rat_assembly_Mirta,0.3413177132546009,0.3647169617260105,0.21889262959662575,-6.855562299503407,35.86836513423315,1.1221397019757229,0
Rat_public_Jason,Rat_assembly_Mirta,0.3413177132546009,0.36994678707122763,0.2240854640355546,-8.38780781215163,34.34695729711474,0.6539450421982482,0
Rat_public_Carole,Rat_assembly_Mirta,0.3413177132546009,0.3528006865907112,0.20677040696580126,-3.364306301778339,39.41996007351546,1.4501529244718083,0
Rat_health_Rosaria,Rat_assembly_Mirta,0.3413177132546009,0.4111390214079004,0.4191597276519148,-20.456397497664376,-22.80632131718542,1.1738386529905482,0
Rat_education_Tim,Rat_assembly_Mirta,0.3413177132546009,0.3506016510312258,0.24062523697875812,-2.720028119284767,29.501098936735442,0.3996314769094164,0
Rat_public_Sean,Rat_assembly_Mirta,0.3413177132546009,0.5900968946988163,0.6872094969423743,-72.88786130435669,-101.34012102376899,0.06179729821276103,0
Rat_education_Adrian,Rat_assembly_Mirta,0.3413177132546009,0.3672450236624559,0.21094750500205783,-7.596239339771656,38.1961448790369,0.19819528900139094,0
Rat_public_Margart,Rat_assembly_Mirta,0.3413177132546009,0.394107235363394,0.315583372471151,-15.466388077379243,7.5397026828941005,0.9165733138856507,0
Rat_assembly_Kimberley,Rat_assembly_Mirta,0.3413177132546009,0.34913974309804485,0.2780124366054927,-2.291715179050554,18.54731652965417,0.9612729223715583,1
Rat_public_Johnny,Rat_assembly_Mirta,0.3413177132546009,0.40586505673593654,0.49400078975379236,-18.911219949838195,-44.733417156495406,1.6272985168401906,0
Rat_public_Frederick,Rat_assembly_Mirta,0.3413177132546009,0.3515073579430549,0.2109574017982098,-2.9853840843159354,38.19324529434861,1.2141619994726605,0
Rat_health_Guy,Rat_assembly_Mirta,0.3413177132546009,0.36636283486990645,0.3789579583368483,-7.337773764065826,-11.027920210566453,1.513234561152176,0
Rat_assembly_Suzanne,Rat_assembly_Mirta,0.3413177132546009,0.4432986486151627,0.275690301329432,-29.87859445914271,19.22766073268958,2.5398984632437647,1
Rat_assembly_Pauline,Rat_assembly_Mirta,0.3413177132546009,0.5025035969767446,0.4379011716936748,-47.224587960927025,-28.297230025981364,3.013970726599567,1
Rat_other_Hazel,Rat_assembly_Mirta,0.3413177132546009,0.3584842561504912,0.3794650337568533,-5.029490773332683,-11.176484261101608,0.6163447072560846,0
Rat_education_Candida,Rat_assembly_Mirta,0.3413177132546009,0.3789417317339168,0.3178422853260557,-11.02316610543175,6.877881521207217,0.5407183014213237,0
Rat_education_Conrad,Rat_assembly_Mirta,0.3413177132546009,0.48136954025091694,0.3805383268772445,-41.0326864260474,-11.4909399950736,0.9531836974408381,0
Rat_education_Alfonso,Rat_assembly_Mirta,0.3413177132546009,0.3528969918710841,0.2788562517048375,-3.3925220305943444,18.300093761372178,0.008481553232241978,0
Rat_education_Kandice,Rat_assembly_Mirta,0.3413177132546009,0.4396546331482819,0.5863683941639861,-28.810962945930672,-71.79547717366583,0.12540964075264194,0
Rat_education_Liz,Rat_assembly_Mirta,0.3413177132546009,0.35950594297829647,0.33693591989531674,-5.328826784365658,1.2837872718359762,0.1449726274650951,0
Rat_assembly_Gerald,Rat_assembly_Mirta,0.3413177132546009,0.6473922796392234,0.6914703083627406,-89.67438679524689,-102.58846274613018,1.722660888757455,1
Rat_parking_Ronnie,Rat_assembly_Mirta,0.3413177132546009,0.44464034584304685,0.3235130186630387,-30.27168780759232,5.216457833901239,2.6130001005208507,0
Rat_education_Dreama,Rat_assembly_Mirta,0.3413177132546009,0.35314812481958574,0.43745215297616724,-3.466099503649288,-28.165675553397445,0.1363248845397762,0
Rat_assembly_Kaitlyn,Rat_assembly_Mirta,0.3413177132546009,0.38135480370934055,0.2764151915923607,-11.730153138836528,19.01528081955334,0.7995575623602881,1
Rat_assembly_Ida,Rat_assembly_Mirta,0.3413177132546009,0.36122916574701225,0.4105706737412795,-5.833700308884548,-20.28988177212483,1.180912681217514,1
Rat_public_Michelle,Rat_assembly_Mirta,0.3413177132546009,0.40334193565342724,0.4364842665916708,-18.17199049161573,-27.882102112316034,0.604099812663403,0
Rat_lodging_Lorenzo,Rat_assembly_Mirta,0.3413177132546009,0.40015727929330325,0.22455108167711513,-17.23894300053857,34.210539635950695,2.355487598329116,0
Rat_office_Ramiro,Rat_assembly_Mirta,0.3413177132546009,0.3542939975714476,0.21903723163161862,-3.8018197746353692,35.8259993180515,0.02446429730694666,0
Rat_public_Amber,Rat_assembly_Mirta,0.3413177132546009,0.3812841128619105,0.4135087939661095,-11.709441981845586,-21.15069857439796,0.9361449256781595,0
Rat_public_Duane,Rat_assembly_Mirta,0.3413177132546009,0.5433146133901385,0.3102503751300362,-59.18148759682478,9.102175749487243,0.17817165115978117,0
Rat_public_Alanna,Rat_assembly_Mirta,0.3413177132546009,0.34319434338818144,0.25198420221892814,-0.5498191452433296,26.17312479444504,1.1277218388740653,0
Rat_office_Kasey,Rat_assembly_Mirta,0.3413177132546009,0.35638621950946237,0.32422538949633206,-4.41480347186708,5.007745890269424,0.6163447072560846,0
Rat_public_Dexter,Rat_assembly_Mirta,0.3413177132546009,0.3613415940398755,0.22359221214507588,-5.866639792684314,34.491471300145925,1.61892468026592,0
Rat_public_Emilee,Rat_assembly_Mirta,0.3413177132546009,0.4148198093491873,0.326394991038762,-21.53480268976212,4.372091349594715,0.9014964663742668,0
Rat_public_Roma,Rat_assembly_Mirta,0.3413177132546009,0.3807035951160423,0.2986058101466164,-11.53936064023201,12.51382552071776,0.9329048525579713,0
Rat_education_Terese,Rat_assembly_Mirta,0.3413177132546009,0.3481966088779291,0.2518069301430982,-2.015393680490573,26.225062349674623,0.49514128540564695,0
Rat_assembly_Deandre,Rat_assembly_Mirta,0.3413177132546009,0.39116822594173256,0.22525213427913107,-14.605310756300065,34.00514373213688,1.3287297808024947,1
Rat_education_Adell,Rat_assembly_Mirta,0.3413177132546009,0.396513071379153,0.2845668280992153,-16.171255103710337,16.626996769151894,0.12859891077520147,0
Rat_public_Tricia,Rat_assembly_Mirta,0.3413177132546009,0.4804951231027503,0.4432560519789018,-40.776497803479664,-29.86611440475152,1.7881715306883903,0
Rat_public_Wilma,Rat_assembly_Gerald,1.2648494411094473,1.110783262376927,1.5215333363583676,12.18059428459589,-20.293632341235266,0.6005211867817322,0
Rat_public_Jason,Rat_assembly_Gerald,1.2648494411094473,1.1267456324693357,1.5722488201408085,10.918596644907835,-24.303238712880287,1.0687158465592068,0
Rat_public_Carole,Rat_assembly_Gerald,1.2648494411094473,1.1371470735051523,1.5801864853401342,10.096250466955373,-24.930796819113336,0.2725079642856467,0
Rat_health_Rosaria,Rat_assembly_Gerald,1.2648494411094473,1.2223036700006802,1.0261524277231953,3.3637024080469695,18.87157519529612,0.5488222357669068,0
Rat_education_Tim,Rat_assembly_Gerald,1.2648494411094473,1.1370095857937763,1.4854703990576883,10.107120354461935,-17.442467915764425,1.3230294118480386,0
Rat_public_Sean,Rat_assembly_Gerald,1.2648494411094473,1.3874906205561575,0.8261082027332283,-9.69610891705316,34.68723028342271,1.660863590544694,0
Rat_education_Adrian,Rat_assembly_Gerald,1.2648494411094473,1.110244051430112,1.6352250283401737,12.223224729713689,-29.282187681235477,1.524465599756064,0
Rat_public_Margart,Rat_assembly_Gerald,1.2648494411094473,1.1392825854766875,1.5373850437895948,9.927415196754199,-21.546880903160794,0.8060875748718044,0
Rat_assembly_Kimberley,Rat_assembly_Gerald,1.2648494411094473,1.1462067626109231,1.3743948117457296,9.379984260771637,-8.660743885864862,0.7613879663858968,1
Rat_public_Johnny,Rat_assembly_Gerald,1.2648494411094473,1.2574847809478793,0.8907646847697618,0.582255873482316,29.57543753283091,0.09536237191726449,0
Rat_public_Frederick,Rat_assembly_Gerald,1.2648494411094473,1.1205398273304534,1.580449971642119,11.409232521177733,-24.95162825512628,0.5084988892847945,0
Rat_health_Guy,Rat_assembly_Gerald,1.2648494411094473,1.2054901122999593,1.1045751123738403,4.692995615147816,12.671415547689557,3.235895449909631,0
Rat_assembly_Suzanne,Rat_assembly_Gerald,1.2648494411094473,1.118585901078775,1.5254142989584476,11.56371148034654,-20.600464322492723,0.8172375744863096,1
Rat_assembly_Pauline,Rat_assembly_Gerald,1.2648494411094473,1.1115139665222313,1.5422086869378138,12.12282423532714,-21.928241956219246,1.2913098378421122,1
Rat_other_Hazel,Rat_assembly_Gerald,1.2648494411094473,1.1997042846895767,1.1535670310043036,5.150427734919133,8.798075603965458,1.1063161815013705,0
Rat_education_Candida,Rat_assembly_Gerald,1.2648494411094473,1.2032194429923706,1.1996408198241426,4.872516531534274,5.155445317516031,1.1819425873361313,0
Rat_education_Conrad,Rat_assembly_Gerald,1.2648494411094473,1.0578278883125591,1.9191415461346695,16.367288158446886,-51.728852759844514,2.675844586198293,0
Rat_education_Alfonso,Rat_assembly_Gerald,1.2648494411094473,1.1596314330518118,1.3505715030965235,8.318619168250159,-6.777254209156005,1.714179335525213,0
Rat_education_Kandice,Rat_assembly_Gerald,1.2648494411094473,1.2392733201202661,0.7655249407072998,2.0220684105095845,39.47699102939644,1.848070529510097,0
Rat_education_Liz,Rat_assembly_Gerald,1.2648494411094473,1.2145616349580688,1.2394941915975426,3.9757938389306773,2.004606136337038,1.57768826129236,0
Rat_assembly_Mirta,Rat_assembly_Gerald,1.2648494411094473,1.1138250495735702,1.5133316573344504,11.940108176306573,-19.6452010926336,1.722660888757455,1
Rat_parking_Ronnie,Rat_assembly_Gerald,1.2648494411094473,1.203828319456535,1.197007101259904,4.824378275361253,5.3636691960773035,0.8903392117633959,0
Rat_education_Dreama,Rat_assembly_Gerald,1.2648494411094473,1.2302366541770562,0.9960620264346889,2.7365143872009723,21.25054618666668,1.8589857732972312,0
Rat_assembly_Kaitlyn,Rat_assembly_Gerald,1.2648494411094473,1.1550883264303438,1.4531591766188743,8.677800781002672,-14.887917042857953,0.923103326397167,1
Rat_assembly_Ida,Rat_assembly_Gerald,1.2648494411094473,1.145993628650701,1.0833994014475432,9.39683480070903,14.345584048544735,0.5417482075399411,1
Rat_public_Michelle,Rat_assembly_Gerald,1.2648494411094473,1.2101869805698664,1.03542796452998,4.32165748451724,18.138243898675647,1.118561076094052,0
Rat_lodging_Lorenzo,Rat_assembly_Gerald,1.2648494411094473,1.0869842983304674,1.8373708084880993,14.062159257703247,-45.26399338694982,0.6328267095716609,0
Rat_office_Ramiro,Rat_assembly_Gerald,1.2648494411094473,1.1459094863361587,1.6291786913198476,9.403487158832267,-28.804159480897056,1.7471251860644017,0
Rat_public_Amber,Rat_assembly_Gerald,1.2648494411094473,1.1716885414798262,1.2854762856967525,7.365374613116499,-1.6307746927739202,0.7865159630792955,0
Rat_public_Duane,Rat_assembly_Gerald,1.2648494411094473,1.2542162145672033,1.3730650854958628,0.8406713239258866,-8.555614673908973,1.900832539917236,0
Rat_public_Alanna,Rat_assembly_Gerald,1.2648494411094473,1.1520703921912578,1.4192815936765903,8.916401055549086,-12.209528466224784,2.85038272763152,0
Rat_office_Kasey,Rat_assembly_Gerald,1.2648494411094473,1.1854671714242422,1.239409807700492,6.276025201511409,2.011277594164979,1.1063161815013705,0
Rat_public_Dexter,Rat_assembly_Gerald,1.2648494411094473,1.1594155520622207,1.4045787126335258,8.335686890508216,-11.047107029712304,0.10373620849153498,0
Rat_public_Emilee,Rat_assembly_Gerald,1.2648494411094473,1.1209859015821415,1.70699361968632,11.373965537045867,-34.95626943464918,0.8211644223831882,0
Rat_public_Roma,Rat_assembly_Gerald,1.2648494411094473,1.158812607068923,1.3651996122382315,8.383356199890107,-7.9337641198436435,0.7897560361994838,0
Rat_education_Terese,Rat_assembly_Gerald,1.2648494411094473,1.1450205001111424,1.4336708304912889,9.473771114860783,-13.347152941283028,2.217802174163102,0
Rat_assembly_Deandre,Rat_assembly_Gerald,1.2648494411094473,1.0915000755509803,1.9294931232502044,13.705138329065928,-52.54725665671109,0.39393110795496034,1
Rat_education_Adell,Rat_assembly_Gerald,1.2648494411094473,1.1362321785917988,1.4429118492845512,10.1685827844327,-14.077755216377263,1.8512597995326565,0
Rat_public_Tricia,Rat_assembly_Gerald,1.2648494411094473,1.287481474891226,0.8658000181905012,-1.7893065408581181,31.549163872731345,0.06551064193093525,0
Rat_public_Wilma,Rat_parking_Ronnie,0.2895890908581597,0.5766983487098081,0.4045744823679248,-99.1436718147211,-39.70639611078609,1.490860398545128,0
Rat_public_Jason,Rat_parking_Ronnie,0.2895890908581597,0.5677774137572862,0.467978313333608,-96.06312243142567,-61.600808907136305,1.9590550583226027,0
Rat_public_Carole,Rat_parking_Ronnie,0.2895890908581597,0.5817962489985438,0.4316200162954162,-100.90406281343888,-49.04567537967893,1.1628471760490426,0
Rat_health_Rosaria,Rat_parking_Ronnie,0.2895890908581597,0.5119768333945314,0.42923970184326254,-76.79424037602882,-48.223712630633415,1.4391614475303027,0
Rat_education_Tim,Rat_parking_Ronnie,0.2895890908581597,0.6404910980973684,0.4576521728084324,-121.17238470529261,-58.03501832622201,2.2133686236114345,0
Rat_public_Sean,Rat_parking_Ronnie,0.2895890908581597,0.7645774573984437,0.8306651060344981,-164.02149857673078,-186.8426789051099,2.55120280230809,0
Rat_education_Adrian,Rat_parking_Ronnie,0.2895890908581597,0.6812042938532906,0.5376901391201373,-135.23133825056394,-85.67347876495013,2.41480481151946,0
Rat_public_Margart,Rat_parking_Ronnie,0.2895890908581597,0.7173708558702484,0.4891869628336712,-147.7202624395874,-68.92451348358085,1.6964267866352003,0
Rat_assembly_Kimberley,Rat_parking_Ronnie,0.2895890908581597,0.6114886641123708,0.36305525296028923,-111.15735482310589,-25.36910554345196,1.6517271781492928,0
Rat_public_Johnny,Rat_parking_Ronnie,0.2895890908581597,0.5944404308584961,0.5006768526783831,-105.27031218508576,-72.89216634324596,0.9857015836806604,0
Rat_public_Frederick,Rat_parking_Ronnie,0.2895890908581597,0.5892339924694091,0.4562526425560442,-103.47244114869474,-57.55173691246402,1.3988381010481903,0
Rat_health_Guy,Rat_parking_Ronnie,0.2895890908581597,0.5714661493870031,0.3615399291172411,-97.33690509319163,-24.845838648777967,4.126234661673027,0
Rat_assembly_Suzanne,Rat_parking_Ronnie,0.2895890908581597,0.6822322967653839,0.4636606033899796,-135.58632500405213,-60.10983080059458,0.0731016372770863,0
Rat_assembly_Pauline,Rat_parking_Ronnie,0.2895890908581597,0.8139438502591511,0.6196587603216394,-181.06854710829546,-113.97862691766495,0.40097062607871625,0
Rat_other_Hazel,Rat_parking_Ronnie,0.2895890908581597,0.5544390203141744,0.3039165872626085,-91.4571500850278,-4.947526290438333,1.9966553932647664,0
Rat_education_Candida,Rat_parking_Ronnie,0.2895890908581597,0.47136632485214386,0.26357656937369073,-62.77074645847704,8.982562639837102,2.0722817990995273,0
Rat_education_Conrad,Rat_parking_Ronnie,0.2895890908581597,0.8714115762226169,0.815196313881701,-200.91312267333748,-181.50104393296465,3.5661837979616893,0
Rat_education_Alfonso,Rat_parking_Ronnie,0.2895890908581597,0.5678179038966381,0.2934032588519302,-96.07710435983049,-1.3170965737927827,2.6045185472886088,0
Rat_education_Kandice,Rat_parking_Ronnie,0.2895890908581597,0.6583720970257594,0.732686488132729,-127.34699538396252,-153.00900871697468,2.738409741273493,0
Rat_education_Liz,Rat_parking_Ronnie,0.2895890908581597,0.5949200420113081,0.3458901796305333,-105.4359300097734,-19.44171605550908,2.4680274730557556,0
Rat_assembly_Mirta,Rat_parking_Ronnie,0.2895890908581597,0.6559587717411243,0.4260453836328603,-126.51363343739072,-47.12066064723989,2.6130001005208507,0
Rat_assembly_Gerald,Rat_parking_Ronnie,0.2895890908581597,0.996150104069991,0.9323757368693486,-243.9874413494063,-221.96507613818395,0.8903392117633959,0
Rat_education_Dreama,Rat_parking_Ronnie,0.2895890908581597,0.5887961656283177,0.39331290537515046,-103.32125215197046,-35.81758353176174,2.7493249850606274,0
Rat_assembly_Kaitlyn,Rat_parking_Ronnie,0.2895890908581597,0.6541838758440423,0.37599881964068277,-125.90073193208113,-29.838737545830558,1.813442538160563,0
Rat_assembly_Ida,Rat_parking_Ronnie,0.2895890908581597,0.5311099790105517,0.3576992299140657,-83.40123843639142,-23.51958040065337,1.432087419303337,0
Rat_public_Michelle,Rat_parking_Ronnie,0.2895890908581597,0.6383186725331026,0.48340043058681337,-120.4222094974393,-66.9263262487958,2.0089002878574482,0
Rat_lodging_Lorenzo,Rat_parking_Ronnie,0.2895890908581597,0.7110842212286088,0.6557392476425606,-145.549381408465,-126.43782806160357,0.25751250219173505,0
Rat_office_Ramiro,Rat_parking_Ronnie,0.2895890908581597,0.6326060518597031,0.4977315378344916,-118.44954517625548,-71.87509942433562,2.637464397827798,0
Rat_public_Amber,Rat_parking_Ronnie,0.2895890908581597,0.5575596836546638,0.42099540445540995,-92.53476779888635,-45.37681761693601,1.6768551748426914,0
Rat_public_Duane,Rat_parking_Ronnie,0.2895890908581597,0.5117336184410562,0.37125762175399907,-76.7102541482485,-28.20152190603081,2.7911717516806323,0
Rat_public_Alanna,Rat_parking_Ronnie,0.2895890908581597,0.5747647404227547,0.3456390847554164,-98.47596424282213,-19.355008757809138,3.7407219393949163,0
Rat_office_Kasey,Rat_parking_Ronnie,0.2895890908581597,0.5550508100734612,0.32311770513291077,-91.66841141309577,-11.577996317262286,1.9966553932647664,0
Rat_public_Dexter,Rat_parking_Ronnie,0.2895890908581597,0.49270247389677674,0.3299481182265743,-70.13847877926509,-13.936653224337933,0.9940754202549309,0
Rat_public_Emilee,Rat_parking_Ronnie,0.2895890908581597,0.7887127747111873,0.614573869494676,-172.35583093753266,-112.22272830563679,1.7115036341465841,0
Rat_public_Roma,Rat_parking_Ronnie,0.2895890908581597,0.6533218214797174,0.4250910197114401,-125.60305001258263,-46.79110267991726,1.6800952479628797,0
Rat_education_Terese,Rat_parking_Ronnie,0.2895890908581597,0.5657573398486394,0.3513500202207065,-95.36555682125004,-21.327091148194253,3.1081413859264977,0
Rat_assembly_Deandre,Rat_parking_Ronnie,0.2895890908581597,0.6951060743846834,0.7581177502140756,-140.03185766591787,-161.79085267593885,1.2842703197183563,0
Rat_education_Adell,Rat_parking_Ronnie,0.2895890908581597,0.6778189317709961,0.38005272339769736,-134.06231559426757,-31.23861892430423,2.7415990112960524,0
Rat_public_Tricia,Rat_parking_Ronnie,0.2895890908581597,0.5486916203909692,0.4937635816931359,-89.47247590197294,-70.50489720794785,0.8248285698324607,0
Rat_public_Wilma,Rat_education_Dreama,0.4199421638783012,0.3295656065739911,0.5852257005685314,21.521191506385897,-39.358642905438096,1.258464586515499,0
Rat_public_Jason,Rat_education_Dreama,0.4199421638783012,0.38338490486507626,0.6405774386294582,8.70530805375837,-52.539443220828105,0.7902699267380244,0
Rat_public_Carole,Rat_education_Dreama,0.4199421638783012,0.3390728535804839,0.6646908148335727,19.257249510495246,-58.28151398157758,1.5864778090115845,0
Rat_health_Rosaria,Rat_education_Dreama,0.4199421638783012,0.512899600777856,0.3419143477884954,-22.13577127885015,18.580610093826678,1.3101635375303244,0
Rat_education_Tim,Rat_education_Dreama,0.4199421638783012,0.34746552274713893,0.5696033042590167,17.258719739360565,-35.63851245575026,0.5359563614491927,1
Rat_public_Sean,Rat_education_Dreama,0.4199421638783012,0.7763698016396402,0.6845411744356892,-84.87541104937283,-63.008440999048744,0.19812218275253723,0
Rat_education_Adrian,Rat_education_Dreama,0.4199421638783012,0.3869471524705882,0.6691758467967379,7.857037050767522,-59.34952580533551,0.33452017354116714,1
Rat_public_Margart,Rat_education_Dreama,0.4199421638783012,0.543721286633718,0.6381788151349778,-29.47527859843287,-51.96826373450829,1.0528981984254269,0
Rat_assembly_Kimberley,Rat_education_Dreama,0.4199421638783012,0.34890326829789214,0.4794059023319623,16.916352224397276,-14.159982866329571,1.0975978069113344,0
Rat_public_Johnny,Rat_education_Dreama,0.4199421638783012,0.49934908441360765,0.3511464481262858,-18.909013517946843,16.382188231985275,1.7636234013799668,0
Rat_public_Frederick,Rat_education_Dreama,0.4199421638783012,0.3412815576062227,0.6456773581886364,18.731295173035843,-53.75387701620574,1.3504868840124367,0
Rat_health_Guy,Rat_education_Dreama,0.4199421638783012,0.3983695926038254,0.2971060431507356,5.137033889439958,29.2507233836999,1.3769096766123998,0
Rat_assembly_Suzanne,Rat_education_Dreama,0.4199421638783012,0.4422650600003606,0.6202894011892361,-5.3157072669008185,-47.708292842200855,2.676223347783541,0
Rat_assembly_Pauline,Rat_education_Dreama,0.4199421638783012,0.5722861151113091,0.6434722748889657,-36.27736491760257,-53.228784875110414,3.1502956111393434,0
Rat_other_Hazel,Rat_education_Dreama,0.4199421638783012,0.40217099418805513,0.34023358092501027,4.23181362074329,18.980847795124088,0.7526695917958608,0
Rat_education_Candida,Rat_education_Dreama,0.4199421638783012,0.43881871726898386,0.3655824125177139,-4.49503646320046,12.944580477120343,0.6770431859610999,1
Rat_education_Conrad,Rat_education_Dreama,0.4199421638783012,0.5928635589685702,0.9123132190729832,-41.17743107605206,-117.24734917005635,0.8168588129010619,1
Rat_education_Alfonso,Rat_education_Dreama,0.4199421638783012,0.4278107004201807,0.45683916108754696,-1.8737191019856287,-8.786209240932159,0.14480643777201818,1
Rat_education_Kandice,Rat_education_Dreama,0.4199421638783012,0.5181353819185469,0.43022589896890145,-23.382557524921936,-2.448845573311015,0.010915243787134266,1
Rat_education_Liz,Rat_education_Dreama,0.4199421638783012,0.4667338533619809,0.37882951811080223,-11.142412815027528,9.7900733252909,0.2812975120048713,1
Rat_assembly_Mirta,Rat_education_Dreama,0.4199421638783012,0.38415034327994685,0.598374857857864,8.523035712300318,-42.4898258206986,0.1363248845397762,0
Rat_assembly_Gerald,Rat_education_Dreama,0.4199421638783012,0.7728257695027566,0.6929619648722579,-84.03147766003339,-65.0136672327758,1.8589857732972312,0
Rat_parking_Ronnie,Rat_education_Dreama,0.4199421638783012,0.48328309130686603,0.3962072430318231,-15.083250237030493,5.651949932171245,2.7493249850606274,0
Rat_assembly_Kaitlyn,Rat_education_Dreama,0.4199421638783012,0.35845250238370535,0.5263570455365061,14.642411928042423,-25.340366081707344,0.9358824469000643,0
Rat_assembly_Ida,Rat_education_Dreama,0.4199421638783012,0.3540758200276469,0.2624162909889986,15.684622673359911,37.511325710783694,1.3172375657572901,0
Rat_public_Michelle,Rat_education_Dreama,0.4199421638783012,0.5590838812984187,0.3857674521393295,-33.13354299437306,8.137956766083503,0.7404246972031792,0
Rat_lodging_Lorenzo,Rat_education_Dreama,0.4199421638783012,0.38565930542632876,0.8433258288048913,8.163709529750285,-100.81951786324706,2.491812482868892,0
Rat_office_Ramiro,Rat_education_Dreama,0.4199421638783012,0.37397627624849406,0.6738869363796867,10.945766246784402,-60.47136828465227,0.11186058723282954,0
Rat_public_Amber,Rat_education_Dreama,0.4199421638783012,0.45946311260125694,0.4773199603206646,-9.411045644468528,-13.663261605469899,1.0724698102179357,0
Rat_public_Duane,Rat_education_Dreama,0.4199421638783012,0.5371287680747971,0.5139030753517001,-27.905415144371286,-22.374726701800938,0.04184676662000497,0
Rat_public_Alanna,Rat_education_Dreama,0.4199421638783012,0.34321487654971095,0.5177528006571055,18.270917742574124,-23.291454203000615,0.9913969543342891,0
Rat_office_Kasey,Rat_education_Dreama,0.4199421638783012,0.5117955888473817,0.4292437063808138,-21.872875093271077,-2.214957987692852,0.7526695917958608,0
Rat_public_Dexter,Rat_education_Dreama,0.4199421638783012,0.36743569745613214,0.5067857446899384,12.50326138658117,-20.6798907758175,1.7552495648056963,0
Rat_public_Emilee,Rat_education_Dreama,0.4199421638783012,0.5714098424113647,0.7486154425957028,-36.068699826235765,-78.26632021943163,1.037821350914043,0
Rat_public_Roma,Rat_education_Dreama,0.4199421638783012,0.44339993085982865,0.47685428566219323,-5.5859518284345215,-13.55237141664706,1.0692297370977475,0
Rat_education_Terese,Rat_education_Dreama,0.4199421638783012,0.3448468264031569,0.5057161894554395,17.882304739684784,-20.425199695355083,0.35881640086587074,1
Rat_assembly_Deandre,Rat_education_Dreama,0.4199421638783012,0.4077572168531453,0.9215054289827892,2.9015774250015687,-119.43627200288478,1.465054665342271,0
Rat_education_Adell,Rat_education_Dreama,0.4199421638783012,0.5501884690050768,0.549623712531805,-31.015295993121768,-30.880811646978458,0.007725973764574734,1
Rat_public_Tricia,Rat_education_Dreama,0.4199421638783012,0.5507910907568097,0.2995155660491716,-31.158797123412533,28.676948443793098,1.9244964152281665,0
Rat_public_Wilma,Rat_assembly_Kaitlyn,0.17724055998597327,0.2109706148543912,0.14841308307614395,-19.03066367601598,16.264604959559318,0.3225821396154348,0
Rat_public_Jason,Rat_assembly_Kaitlyn,0.17724055998597327,0.2494853176669809,0.2112688954125134,-40.760849371455976,-19.19895504123498,0.14561252016203977,0
Rat_public_Carole,Rat_assembly_Kaitlyn,0.17724055998597327,0.1964400189092441,0.1505059903937982,-10.832429622649725,15.083776306219542,0.6505953621115202,0
Rat_health_Rosaria,Rat_assembly_Kaitlyn,0.17724055998597327,0.37167781064826483,0.3328309330764052,-109.70245787853482,-87.7848575420577,0.37428109063026027,0
Rat_education_Tim,Rat_assembly_Kaitlyn,0.17724055998597327,0.24749398560266006,0.16633347660827622,-39.63732997810806,6.153830352691412,0.3999260854508716,0
Rat_public_Sean,Rat_assembly_Kaitlyn,0.17724055998597327,0.5468296559456062,0.6221159897123273,-208.52399472721257,-251.00091635998064,0.737760264147527,0
Rat_education_Adrian,Rat_assembly_Kaitlyn,0.17724055998597327,0.29483807459711747,0.21571115020556517,-66.34909899881315,-21.70529715243308,0.6013622733588971,0
Rat_public_Margart,Rat_assembly_Kaitlyn,0.17724055998597327,0.3146968735551431,0.1945699841619942,-77.55353152802499,-9.777346775135653,0.11701575152536269,0
Rat_assembly_Kimberley,Rat_assembly_Kaitlyn,0.17724055998597327,0.1954925349038079,0.13470209940744332,-10.297854463605338,24.000409715415262,0.16171536001127018,1
Rat_public_Johnny,Rat_assembly_Kaitlyn,0.17724055998597327,0.3091792611446544,0.33967391501468747,-74.44046733384428,-91.64570177479077,0.8277409544799025,0
Rat_public_Frederick,Rat_assembly_Kaitlyn,0.17724055998597327,0.2322972215833522,0.18393972997071306,-31.063240604597553,-3.779704817717775,0.41460443711237255,0
Rat_health_Guy,Rat_assembly_Kaitlyn,0.17724055998597327,0.249809681720796,0.24322542865439614,-40.943857173869134,-37.22898904948443,2.312792123512464,0
Rat_assembly_Suzanne,Rat_assembly_Kaitlyn,0.17724055998597327,0.24609757012735006,0.172283774521461,-38.8494654648045,2.7966428592329873,1.7403409008834767,1
Rat_assembly_Pauline,Rat_assembly_Kaitlyn,0.17724055998597327,0.4422747142040682,0.33076121866510483,-149.5335798076183,-86.61711444111953,2.214413164239279,1
Rat_other_Hazel,Rat_assembly_Kaitlyn,0.17724055998597327,0.24868365431563183,0.20565155588272388,-40.30854694620268,-16.029624313418466,0.18321285510420338,0
Rat_education_Candida,Rat_assembly_Kaitlyn,0.17724055998597327,0.3138019033820902,0.2137114623036659,-77.04858493277403,-20.577063354222595,0.2588392609389643,0
Rat_education_Conrad,Rat_assembly_Kaitlyn,0.17724055998597327,0.5078354460935381,0.34890119118067286,-186.5232687900151,-96.85177659576608,1.752741259801126,0
Rat_education_Alfonso,Rat_assembly_Kaitlyn,0.17724055998597327,0.2648868672559677,0.1424458843977189,-49.45047977558338,19.631327948302573,0.7910760091280461,0
Rat_education_Kandice,Rat_assembly_Kaitlyn,0.17724055998597327,0.33059866068410604,0.47087394240542013,-86.52539842475642,-165.66940571767822,0.92496720311293,0
Rat_education_Liz,Rat_assembly_Kaitlyn,0.17724055998597327,0.35529930458338077,0.20731686417557973,-100.46162380185382,-16.969199483451582,0.654584934895193,0
Rat_assembly_Mirta,Rat_assembly_Kaitlyn,0.17724055998597327,0.27853347746873747,0.20131037736277557,-57.14996470942118,-13.580309935100171,0.7995575623602881,1
Rat_assembly_Gerald,Rat_assembly_Kaitlyn,0.17724055998597327,0.5309619449157953,0.575470842324098,-199.5713537340524,-224.68349364820358,0.923103326397167,1
Rat_parking_Ronnie,Rat_assembly_Kaitlyn,0.17724055998597327,0.36175285387894357,0.2205753301001749,-104.10274821269607,-24.449691491400806,1.813442538160563,0
Rat_education_Dreama,Rat_assembly_Kaitlyn,0.17724055998597327,0.25197292194601445,0.27521545658646906,-42.16436800129466,-55.27792092749508,0.9358824469000643,0
Rat_assembly_Ida,Rat_assembly_Kaitlyn,0.17724055998597327,0.23353215667459468,0.24464736205476925,-31.759997087052927,-38.031250902237346,0.38135511885722584,1
Rat_public_Michelle,Rat_assembly_Kaitlyn,0.17724055998597327,0.4616808294957972,0.29914073157419097,-160.48260597480305,-68.77667933223908,0.19545774969688512,0
Rat_lodging_Lorenzo,Rat_assembly_Kaitlyn,0.17724055998597327,0.28956624866740954,0.2795686573735109,-63.37470875195027,-57.73401832833061,1.555930035968828,0
Rat_office_Ramiro,Rat_assembly_Kaitlyn,0.17724055998597327,0.23473860770081045,0.2091162664035531,-32.44068271923061,-17.9844311144709,0.8240218596672347,0
Rat_public_Amber,Rat_assembly_Kaitlyn,0.17724055998597327,0.34224554314588385,0.2548270818668975,-93.09662707732869,-43.77469913605802,0.13658736331787152,0
Rat_public_Duane,Rat_assembly_Kaitlyn,0.17724055998597327,0.45831041870389794,0.21438678937092923,-158.58100354691297,-20.958086223545948,0.9777292135200693,0
Rat_public_Alanna,Rat_assembly_Kaitlyn,0.17724055998597327,0.19502197307321553,0.14283776467188602,-10.032361152915268,19.41022716065096,1.9272794012343533,0
Rat_office_Kasey,Rat_assembly_Kaitlyn,0.17724055998597327,0.35371660595020316,0.19020420175420732,-99.56865741013011,-7.314150761687952,0.18321285510420338,0
Rat_public_Dexter,Rat_assembly_Kaitlyn,0.17724055998597327,0.22725798802122482,0.14172462695619115,-28.220080121169733,20.03826496180831,0.819367117905632,0
Rat_public_Emilee,Rat_assembly_Kaitlyn,0.17724055998597327,0.35819409519217943,0.2395696289056748,-102.09487897156653,-35.16636876154883,0.10193890401397886,0
Rat_public_Roma,Rat_assembly_Kaitlyn,0.17724055998597327,0.296995241968836,0.21276922228165493,-67.5661834922774,-20.045446876546418,0.13334729019768327,0
Rat_education_Terese,Rat_assembly_Kaitlyn,0.17724055998597327,0.24796199179037576,0.13899840733861574,-39.901381382455206,21.576411545068463,1.294698847765935,0
Rat_assembly_Deandre,Rat_assembly_Kaitlyn,0.17724055998597327,0.26189386379773566,0.3142879796177232,-47.76181243077872,-77.32283154747186,0.5291722184422066,1
Rat_education_Adell,Rat_assembly_Kaitlyn,0.17724055998597327,0.4517162437373919,0.1749256087936319,-154.86053743744688,1.3061069049457859,0.9281564731354895,0
Rat_public_Tricia,Rat_assembly_Kaitlyn,0.17724055998597327,0.41396052400049227,0.3751709271736648,-133.5585737447754,-111.67329148776986,0.9886139683281022,0
Rat_public_Wilma,Rat_assembly_Ida,0.3299307885136259,0.24336700685026838,0.4266054811649046,26.23695171139886,-29.301506866579114,0.058772979241791035,0
Rat_public_Jason,Rat_assembly_Ida,0.3299307885136259,0.2738576887367494,0.45362461354759337,16.99541289538084,-37.490840303574466,0.5269676390192656,0
Rat_public_Carole,Rat_assembly_Ida,0.3299307885136259,0.250455837727078,0.47702123396970986,24.08837051691695,-44.58221256607861,0.26924024325429446,0
Rat_health_Rosaria,Rat_assembly_Ida,0.3299307885136259,0.35349990854292024,0.26839001302625876,-7.1436558362666895,18.652631894287598,0.0070740282269655674,0
Rat_education_Tim,Rat_assembly_Ida,0.3299307885136259,0.3060603808060196,0.3866223249871168,7.234974285105393,-17.182857268002312,0.7812812043080974,0
Rat_public_Sean,Rat_assembly_Ida,0.3299307885136259,0.647433731044892,0.6579029437219293,-96.23319604746541,-99.4063502487457,1.1191153830047529,0
Rat_education_Adrian,Rat_assembly_Ida,0.3299307885136259,0.3516466201496626,0.4557247715148965,-6.581935482247314,-38.127385312533626,0.982717392216123,0
Rat_public_Margart,Rat_assembly_Ida,0.3299307885136259,0.41355524993238235,0.46127815151975887,-25.34606175904157,-39.8105807578211,0.26433936733186314,0
Rat_assembly_Kimberley,Rat_assembly_Ida,0.3299307885136259,0.26758109626044685,0.34223287280425807,18.89780960851553,-3.7286863545092004,0.21963975884595563,1
Rat_public_Johnny,Rat_assembly_Ida,0.3299307885136259,0.3797823075698007,0.3113704382773308,-15.109689908226304,5.625528408522131,0.4463858356226767,0
Rat_public_Frederick,Rat_assembly_Ida,0.3299307885136259,0.26947989882760026,0.45585952556980075,18.3222941873244,-38.16822844072768,0.03324931825514671,0
Rat_health_Guy,Rat_assembly_Ida,0.3299307885136259,0.33198838508845596,0.30498054254199325,-0.6236449117403574,7.562266645085238,2.6941472423696897,0
Rat_assembly_Suzanne,Rat_assembly_Ida,0.3299307885136259,0.37457158818064373,0.4449271590340303,-13.530352795545241,-34.85469514332856,1.3589857820262508,1
Rat_assembly_Pauline,Rat_assembly_Ida,0.3299307885136259,0.479984276816137,0.5012465020480936,-45.48029269366414,-51.9247428547859,1.8330580453820533,1
Rat_other_Hazel,Rat_assembly_Ida,0.3299307885136259,0.31386596087515517,0.2893622701403113,4.869150803065249,12.296069292617458,0.5645679739614292,0
Rat_education_Candida,Rat_assembly_Ida,0.3299307885136259,0.318762394854543,0.28118827605701247,3.385071671970272,14.7735568045055,0.6401943797961902,0
Rat_education_Conrad,Rat_assembly_Ida,0.3299307885136259,0.5749150287612526,0.716951797689605,-74.25322182003909,-117.30369600228912,2.134096378658352,0
Rat_education_Alfonso,Rat_assembly_Ida,0.3299307885136259,0.3068623994070227,0.31456336463593,6.991887362355237,4.657771997250642,1.172431127985272,0
Rat_education_Kandice,Rat_assembly_Ida,0.3299307885136259,0.44958812589143465,0.45859155310717614,-36.2674056328232,-38.99628924392931,1.3063223219701559,0
Rat_education_Liz,Rat_assembly_Ida,0.3299307885136259,0.34723888699434113,0.26134364759452033,-5.245978575897723,20.788342072620168,1.0359400537524188,0
Rat_assembly_Mirta,Rat_assembly_Ida,0.3299307885136259,0.3398015250931787,0.4373886969070055,-2.991759763925497,-32.5698334724956,1.180912681217514,1
Rat_assembly_Gerald,Rat_assembly_Ida,0.3299307885136259,0.7266639122520892,0.6861770782474366,-120.24737840496462,-107.9760671438816,0.5417482075399411,1
Rat_parking_Ronnie,Rat_assembly_Ida,0.3299307885136259,0.3281390334248589,0.26422731372340064,0.5430699865384044,19.91432054165862,1.432087419303337,0
Rat_education_Dreama,Rat_assembly_Ida,0.3299307885136259,0.33956423267413866,0.27867773828617887,-2.919837885973745,15.534485416880187,1.3172375657572901,0
Rat_assembly_Kaitlyn,Rat_assembly_Ida,0.3299307885136259,0.2998748496084918,0.3873493117618741,9.10977088271736,-17.403202504053926,0.38135511885722584,1
Rat_public_Michelle,Rat_assembly_Ida,0.3299307885136259,0.47404933148649675,0.34030848611754827,-43.68144713688,-3.1454165434741728,0.576812868554111,0
Rat_lodging_Lorenzo,Rat_assembly_Ida,0.3299307885136259,0.3393492324169489,0.668934190523518,-2.8546726256601094,-102.74985354872132,1.174574917111602,0
Rat_office_Ramiro,Rat_assembly_Ida,0.3299307885136259,0.29406759166022584,0.4682489040459933,10.869915176745906,-41.92337312789314,1.2053769785244606,0
Rat_public_Amber,Rat_assembly_Ida,0.3299307885136259,0.34640623018373384,0.35976932126647043,-4.9936053995844425,-9.043876410343628,0.2447677555393543,0
Rat_public_Duane,Rat_assembly_Ida,0.3299307885136259,0.41463961179896736,0.377237395447165,-25.674725195233805,-14.338342640485454,1.359084332377295,0
Rat_public_Alanna,Rat_assembly_Ida,0.3299307885136259,0.27130986559349135,0.3885728406603959,17.76764247563199,-17.774046614733596,2.308634520091579,0
Rat_office_Kasey,Rat_assembly_Ida,0.3299307885136259,0.3846142172997912,0.34034578388369446,-16.574212134769255,-3.1567212678117302,0.5645679739614292,0
Rat_public_Dexter,Rat_assembly_Ida,0.3299307885136259,0.2467855208851008,0.36307706484948693,25.20082105798721,-10.046433218672503,0.4380119990484062,0
Rat_public_Emilee,Rat_assembly_Ida,0.3299307885136259,0.45294162824779527,0.5346498658141146,-37.28383164491758,-62.049097697965806,0.27941621484324697,0
Rat_public_Roma,Rat_assembly_Ida,0.3299307885136259,0.3519102291791137,0.3713368127955927,-6.66183376353191,-12.549912200830201,0.24800782865954257,0
Rat_education_Terese,Rat_assembly_Ida,0.3299307885136259,0.27002288890289,0.3406701329308436,18.15771722324779,-3.2550294762121483,1.6760539666231609,0
Rat_assembly_Deandre,Rat_assembly_Ida,0.3299307885136259,0.3141619414870947,0.7103880743513281,4.779440893519386,-115.31427168458686,0.14781709958498085,1
Rat_education_Adell,Rat_assembly_Ida,0.3299307885136259,0.47293059300224577,0.4086467928715491,-43.34236435855215,-23.858338505644582,1.3095115919927154,0
Rat_public_Tricia,Rat_assembly_Ida,0.3299307885136259,0.416468643456171,0.2745341447541686,-26.229093481213916,16.790383222197967,0.6072588494708764,0
Rat_public_Wilma,Rat_public_Michelle,0.4563838340156209,0.5075242080725667,0.5668024266855098,-11.205562126724107,-24.194238366933394,0.5180398893123199,1
Rat_public_Jason,Rat_public_Michelle,0.4563838340156209,0.5587996710605311,0.6380101019381905,-22.440724103607216,-39.79682328457608,0.04984522953484534,1
Rat_public_Carole,Rat_public_Michelle,0.4563838340156209,0.5470515548977849,0.6508990890787864,-19.86654962871903,-42.620978344405536,0.8460531118084054,1
Rat_health_Rosaria,Rat_public_Michelle,0.4563838340156209,0.5937985726577478,0.3935525079336603,-30.109466725200345,13.767211149685465,0.5697388403271454,0
Rat_education_Tim,Rat_public_Michelle,0.4563838340156209,0.5093286812284914,0.5541987759791457,-11.600947112219217,-21.432604459906624,0.2044683357539865,0
Rat_public_Sean,Rat_public_Michelle,0.4563838340156209,0.7579664963396305,0.6470061518768848,-66.08092571343954,-41.767982047922274,0.5423025144506419,1
Rat_education_Adrian,Rat_public_Michelle,0.4563838340156209,0.4811436994463125,0.6449381917863226,-5.425228411978364,-41.31486343669394,0.405904523662012,0
Rat_public_Margart,Rat_public_Michelle,0.4563838340156209,0.5531988373025238,0.6207164264618436,-21.213504088225267,-36.00754018833147,0.3124735012222478,1
Rat_assembly_Kimberley,Rat_public_Michelle,0.4563838340156209,0.5143965938778903,0.4646863813167161,-12.711396753874451,-1.8192027592307363,0.3571731097081553,0
Rat_public_Johnny,Rat_public_Michelle,0.4563838340156209,0.6136721947856099,0.303530141348333,-34.46405175793439,33.492354740605485,1.0231987041767876,1
Rat_public_Frederick,Rat_public_Michelle,0.4563838340156209,0.5481783464624614,0.6617431123138814,-20.113445219818775,-44.997053574695975,0.6100621868092576,1
Rat_health_Guy,Rat_public_Michelle,0.4563838340156209,0.5699913666024322,0.36941210914899625,-24.89297913714508,19.056705865626213,2.117334373815579,0
Rat_assembly_Suzanne,Rat_public_Michelle,0.4563838340156209,0.6557931581140711,0.5963550299602809,-43.69333644969225,-30.669621820975618,1.9357986505803617,0
Rat_assembly_Pauline,Rat_public_Michelle,0.4563838340156209,0.7746048892748125,0.6566439145650976,-69.72662735645885,-43.879748935765846,2.4098709139361643,0
Rat_other_Hazel,Rat_public_Michelle,0.4563838340156209,0.5797476868068571,0.41121482513613605,-27.03072361388983,9.897153560864034,0.012244894592681715,0
Rat_education_Candida,Rat_public_Michelle,0.4563838340156209,0.5014700505618783,0.4131482681060126,-9.879012617417612,9.473509508254944,0.06338151124207922,0
Rat_education_Conrad,Rat_public_Michelle,0.4563838340156209,0.6124075511295922,0.8618982714010432,-34.18695087009393,-88.85381276926269,1.557283510104241,0
Rat_education_Alfonso,Rat_public_Michelle,0.4563838340156209,0.44871443869548455,0.435061195113521,1.6804704173359972,4.672084616689135,0.595618259431161,0
Rat_education_Kandice,Rat_public_Michelle,0.4563838340156209,0.6516880271514087,0.4628654171866664,-42.793845570152925,-1.4202043735895509,0.7295094534160449,0
Rat_education_Liz,Rat_public_Michelle,0.4563838340156209,0.49956500764611017,0.387812436448728,-9.461591408825253,15.024940073698112,0.45912718519830786,0
Rat_assembly_Mirta,Rat_public_Michelle,0.4563838340156209,0.48036671523397295,0.5643686603112226,-5.254980442083581,-23.660966547712036,0.604099812663403,0
Rat_assembly_Gerald,Rat_public_Michelle,0.4563838340156209,0.8907506157407238,0.6811110693674535,-95.17575982111488,-49.24084040718689,1.118561076094052,0
Rat_parking_Ronnie,Rat_public_Michelle,0.4563838340156209,0.5585218030226898,0.4212358202551418,-22.37983937958088,7.701415155576276,2.0089002878574482,0
Rat_education_Dreama,Rat_public_Michelle,0.4563838340156209,0.578773380198112,0.3487579139038792,-26.81723958222017,23.58232524687934,0.7404246972031792,0
Rat_assembly_Kaitlyn,Rat_public_Michelle,0.4563838340156209,0.605308052163976,0.49623939243878595,-32.631352613435865,-8.732903195208468,0.19545774969688512,0
Rat_assembly_Ida,Rat_public_Michelle,0.4563838340156209,0.5251700572794595,0.33095164600565125,-15.072011350315329,27.483924420880427,0.576812868554111,0
Rat_lodging_Lorenzo,Rat_public_Michelle,0.4563838340156209,0.5912966412775522,0.8208077182168144,-29.56125901192933,-79.85030516850433,1.751387785665713,0
Rat_office_Ramiro,Rat_public_Michelle,0.4563838340156209,0.5283006401925533,0.6546915711636757,-15.75796529516663,-43.45196353761892,0.6285641099703496,0
Rat_public_Amber,Rat_public_Michelle,0.4563838340156209,0.5345571880512359,0.4905402760733455,-17.12886132442178,-7.4841481034044515,0.33204511301475664,1
Rat_public_Duane,Rat_public_Michelle,0.4563838340156209,0.6376125153219689,0.6074922777396295,-39.70970656689497,-33.10994659789738,0.7822714638231841,1
Rat_public_Alanna,Rat_public_Michelle,0.4563838340156209,0.552846274193184,0.5248770482279532,-21.13625264260816,-15.007809021120583,1.7318216515374683,1
Rat_office_Kasey,Rat_public_Michelle,0.4563838340156209,0.4346166351973279,0.3456061180047444,4.769493833023879,24.27292724989134,0.012244894592681715,0
Rat_public_Dexter,Rat_public_Michelle,0.4563838340156209,0.5797302850255801,0.5398240784928291,-27.02691064331989,-18.282909747927718,1.0148248676025171,1
Rat_public_Emilee,Rat_public_Michelle,0.4563838340156209,0.5701034040709566,0.726658417932373,-24.91752809356595,-59.22089341742575,0.297396653710864,1
Rat_public_Roma,Rat_public_Michelle,0.4563838340156209,0.5222583305757775,0.4859758497805965,-14.434011823017801,-6.484019274872639,0.32880503989456833,1
Rat_education_Terese,Rat_public_Michelle,0.4563838340156209,0.4683569436378099,0.4901679284746409,-2.6234736486698598,-7.402561602973799,1.09924109806905,0
Rat_assembly_Deandre,Rat_public_Michelle,0.4563838340156209,0.6061867372154504,0.9337086113691512,-32.823884641519115,-104.58844984793932,0.7246299681390918,0
Rat_education_Adell,Rat_public_Michelle,0.4563838340156209,0.4734330276992357,0.5236501711585668,-3.7357137595349714,-14.73898331391019,0.7326987234386044,0
Rat_public_Tricia,Rat_public_Michelle,0.4563838340156209,0.6599551726405519,0.3643370437640964,-44.60529130353975,20.168722770398112,1.1840717180249873,1
Rat_public_Wilma,Rat_lodging_Lorenzo,0.5662905317944803,0.5396324836019863,0.5027670959042307,4.707486121658974,11.217463885358347,1.233347896353393,0
Rat_public_Jason,Rat_lodging_Lorenzo,0.5662905317944803,0.5161112213156632,0.4797781109791864,8.861054116481023,15.277038191182621,1.7015425561308677,0
Rat_public_Carole,Rat_lodging_Lorenzo,0.5662905317944803,0.4942641704709495,0.47069177250168504,12.71897679364182,16.88157472629089,0.9053346738573076,0
Rat_health_Rosaria,Rat_lodging_Lorenzo,0.5662905317944803,0.5724043772533223,0.6934018312409082,-1.079630528073322,-22.446304910596567,1.1816489453385677,0
Rat_education_Tim,Rat_lodging_Lorenzo,0.5662905317944803,0.5176680679892329,0.5013976361216795,8.586133985177343,11.459293777553722,1.9558561214196994,0
Rat_public_Sean,Rat_lodging_Lorenzo,0.5662905317944803,0.6993852778872077,0.8532413388516158,-23.502908599049388,-50.67201214681026,2.2936903001163547,0
Rat_education_Adrian,Rat_lodging_Lorenzo,0.5662905317944803,0.5407409153726536,0.4736771562448246,4.511750592202956,16.354392374560696,2.157292309327725,0
Rat_public_Margart,Rat_lodging_Lorenzo,0.5662905317944803,0.5791806968947595,0.5205026462210958,-2.2762459155784223,8.085582047132302,1.4389142844434653,0
Rat_assembly_Kimberley,Rat_lodging_Lorenzo,0.5662905317944803,0.5107498002627591,0.5304171886673892,9.807815672941222,6.3347947940105005,1.3942146759575578,0
Rat_public_Johnny,Rat_lodging_Lorenzo,0.5662905317944803,0.549811486149246,0.7123774107033652,2.9099984407323447,-25.797160769395166,0.7281890814889254,0
Rat_public_Frederick,Rat_lodging_Lorenzo,0.5662905317944803,0.4977445450438724,0.46904516488763687,12.10438509953488,17.17234554473109,1.1413255988564552,0
Rat_health_Guy,Rat_lodging_Lorenzo,0.5662905317944803,0.5262062414241411,0.6149110774724525,7.078396709780542,-8.585795267298897,3.868722159481292,0
Rat_assembly_Suzanne,Rat_lodging_Lorenzo,0.5662905317944803,0.5473658583004707,0.48554136212659565,3.341866485749016,14.259318341771316,0.18441086491464875,0
Rat_assembly_Pauline,Rat_lodging_Lorenzo,0.5662905317944803,0.5441108190918165,0.5054864731055475,3.916666703287449,10.737255044023934,0.6584831282704513,0
Rat_other_Hazel,Rat_lodging_Lorenzo,0.5662905317944803,0.5222447124777164,0.5935269188294007,7.777954396869398,-4.809613706344833,1.7391428910730313,0
Rat_education_Candida,Rat_lodging_Lorenzo,0.5662905317944803,0.571582149308121,0.6087201989603979,-0.934435102927195,-7.492561641718611,1.8147692969077922,0
Rat_education_Conrad,Rat_lodging_Lorenzo,0.5662905317944803,0.6169879628851657,0.4658697287337479,-8.952547896224514,17.733088833838636,3.308671295769954,0
Rat_education_Alfonso,Rat_lodging_Lorenzo,0.5662905317944803,0.5582401224230554,0.5564696954114564,1.421604091792682,1.7342399054250996,2.347006045096874,0
Rat_education_Kandice,Rat_lodging_Lorenzo,0.5662905317944803,0.5739496440736879,0.8074330838107473,-1.3525057985584041,-42.58283310019796,2.4808972390817576,0
Rat_education_Liz,Rat_lodging_Lorenzo,0.5662905317944803,0.5781682006757213,0.563614306925754,-2.097451434266899,0.47258866579418296,2.210514970864021,0
Rat_assembly_Mirta,Rat_lodging_Lorenzo,0.5662905317944803,0.5637206514047559,0.5233424828837127,0.45380952804929753,7.584101534361247,2.355487598329116,0
Rat_assembly_Gerald,Rat_lodging_Lorenzo,0.5662905317944803,0.6037206414069946,0.8010948707859125,-6.609700765065677,-41.46358199692591,0.6328267095716609,0
Rat_parking_Ronnie,Rat_lodging_Lorenzo,0.5662905317944803,0.5827770250794557,0.5832033642836222,-2.911313603060336,-2.986599905802404,0.25751250219173505,0
Rat_education_Dreama,Rat_lodging_Lorenzo,0.5662905317944803,0.5236681406534162,0.6631456671226207,7.526594344779329,-17.103435408185724,2.491812482868892,0
Rat_assembly_Kaitlyn,Rat_lodging_Lorenzo,0.5662905317944803,0.5182806264178149,0.5055974036448696,8.477963639005228,10.717666063969725,1.555930035968828,0
Rat_assembly_Ida,Rat_lodging_Lorenzo,0.5662905317944803,0.5265059776694153,0.6344522337963165,7.0254669452082075,-12.036525100612785,1.174574917111602,0
Rat_public_Michelle,Rat_lodging_Lorenzo,0.5662905317944803,0.6045212193427298,0.6895876188066122,-6.751073062638513,-21.77276152250401,1.751387785665713,0
Rat_office_Ramiro,Rat_lodging_Lorenzo,0.5662905317944803,0.5122342941666708,0.4792670246066487,9.545672158161347,15.367289810067739,2.3799518956360624,0
Rat_public_Amber,Rat_lodging_Lorenzo,0.5662905317944803,0.5674958154963807,0.6464579627659142,-0.2128383990601229,-14.156590384337989,1.4193426726509564,0
Rat_public_Duane,Rat_lodging_Lorenzo,0.5662905317944803,0.6377439616398294,0.5704912149724519,-12.617804083519651,-0.7417894070487733,2.533659249488897,0
Rat_public_Alanna,Rat_lodging_Lorenzo,0.5662905317944803,0.49804657556494497,0.5100578687999892,12.051050193843363,9.930002328716183,3.483209437203181,0
Rat_office_Kasey,Rat_lodging_Lorenzo,0.5662905317944803,0.5818563280938174,0.6023716857122068,-2.7487297465510614,-6.371491644649491,1.7391428910730313,0
Rat_public_Dexter,Rat_lodging_Lorenzo,0.5662905317944803,0.5017881283905866,0.5140780683891427,11.390337606298363,9.220084121817292,0.7365629180631958,0
Rat_public_Emilee,Rat_lodging_Lorenzo,0.5662905317944803,0.597982835355425,0.4958132771166885,-5.596474209186763,12.445423456836041,1.453991131954849,0
Rat_public_Roma,Rat_lodging_Lorenzo,0.5662905317944803,0.5749542447363909,0.5634706844279196,-1.529906020935355,0.4979506469276621,1.4225827457711446,0
Rat_education_Terese,Rat_lodging_Lorenzo,0.5662905317944803,0.5351565055334804,0.5203915047691748,5.497889248181739,8.105208271778638,2.850628883734763,0
Rat_assembly_Deandre,Rat_lodging_Lorenzo,0.5662905317944803,0.5150259313982936,0.4283099408099495,9.052703076941402,24.365689206791664,1.0267578175266212,0
Rat_education_Adell,Rat_lodging_Lorenzo,0.5662905317944803,0.6317191544786688,0.5262092145983348,-11.553896632680063,7.077871683486298,2.4840865091043174,0
Rat_public_Tricia,Rat_lodging_Lorenzo,0.5662905317944803,0.6040807151243911,0.7099705802324839,-6.673285391186042,-25.372143868043405,0.5673160676407256,0
Rat_public_Wilma,Rat_office_Ramiro,0.14127279756551694,0.2039969052995138,0.21344121786635956,-44.3992819671514,-51.08444197643473,1.1466039992826695,0
Rat_public_Jason,Rat_office_Ramiro,0.14127279756551694,0.2788539361869436,0.3010262722426367,-97.3868579034982,-113.08155386604572,0.6784093395051949,0
Rat_public_Carole,Rat_office_Ramiro,0.14127279756551694,0.2523266000086352,0.2914438359456296,-78.60947355531466,-106.29862292524437,1.474617221778755,0
Rat_health_Rosaria,Rat_office_Ramiro,0.14127279756551694,0.3150552881278484,0.3047899977284972,-123.01199774977043,-115.7457082897698,1.198302950297495,0
Rat_education_Tim,Rat_office_Ramiro,0.14127279756551694,0.2875498690608593,0.2944310627052248,-103.54227708098198,-108.41313244942211,0.4240957742163631,0
Rat_public_Sean,Rat_office_Ramiro,0.14127279756551694,0.3349547071896247,0.44642925194161776,-137.0978086098178,-216.00510475810526,0.08626159551970769,0
Rat_education_Adrian,Rat_office_Ramiro,0.14127279756551694,0.3278880514346868,0.3224458512035934,-132.09567382044997,-128.24341045136828,0.2226595863083376,0
Rat_public_Margart,Rat_office_Ramiro,0.14127279756551694,0.3455217668343108,0.28857732121602414,-144.5777055374521,-104.26955945442573,0.9410376111925973,0
Rat_assembly_Kimberley,Rat_office_Ramiro,0.14127279756551694,0.24010539582974272,0.24099529099463332,-69.95868983085083,-70.5886024398072,0.9857372196785049,0
Rat_public_Johnny,Rat_office_Ramiro,0.14127279756551694,0.18189491839154645,0.23205846224635998,-28.75438267384102,-64.26266503198545,1.6517628141471372,0
Rat_public_Frederick,Rat_office_Ramiro,0.14127279756551694,0.2960045287438988,0.2945800267016434,-109.52691094449601,-108.5185766672656,1.2386262967796071,0
Rat_health_Guy,Rat_office_Ramiro,0.14127279756551694,0.19165082880219647,0.20462323587614292,-35.660107327680066,-44.842630288570916,1.4887702638452294,0
Rat_assembly_Suzanne,Rat_office_Ramiro,0.14127279756551694,0.33805591375057975,0.2966268959802405,-139.2929987769247,-109.96745381408353,2.5643627605507113,0
Rat_assembly_Pauline,Rat_office_Ramiro,0.14127279756551694,0.454622238004746,0.4056549240212885,-221.80451285670162,-187.1429822384321,3.038435023906514,0
Rat_other_Hazel,Rat_office_Ramiro,0.14127279756551694,0.14579787754911433,0.16094021330250055,-3.203079475720601,-13.921587224081556,0.6408090045630312,0
Rat_education_Candida,Rat_office_Ramiro,0.14127279756551694,0.18031413555369946,0.16153172094256366,-27.635424979870333,-14.340286117468152,0.5651825987282704,0
Rat_education_Conrad,Rat_office_Ramiro,0.14127279756551694,0.48280725209665143,0.44421312633370796,-241.755285105573,-214.43641945838783,0.9287194001338914,0
Rat_education_Alfonso,Rat_office_Ramiro,0.14127279756551694,0.2409879562424683,0.22765682173182095,-70.5834105328786,-61.14696222833867,0.03294585053918864,0
Rat_education_Kandice,Rat_office_Ramiro,0.14127279756551694,0.2784465931472993,0.34476533383942026,-97.09851998801565,-144.0422641729957,0.10094534344569528,0
Rat_education_Liz,Rat_office_Ramiro,0.14127279756551694,0.2680106298262014,0.22078127794200797,-89.71141963965728,-56.28010611145293,0.16943692477204175,0
Rat_assembly_Mirta,Rat_office_Ramiro,0.14127279756551694,0.2683079538131032,0.2578781112371671,-89.92188052952811,-82.53911275280934,0.02446429730694666,0
Rat_assembly_Gerald,Rat_office_Ramiro,0.14127279756551694,0.45914236291678,0.48556178113259413,-225.00408488325382,-243.70507946330505,1.7471251860644017,0
Rat_parking_Ronnie,Rat_office_Ramiro,0.14127279756551694,0.2587227265240516,0.21746204459573762,-83.13697398401546,-53.930585606820024,2.637464397827798,0
Rat_education_Dreama,Rat_office_Ramiro,0.14127279756551694,0.17745437152897608,0.20945778200585935,-25.611139997903347,-48.26476548588259,0.11186058723282954,0
Rat_assembly_Kaitlyn,Rat_office_Ramiro,0.14127279756551694,0.24128331326479413,0.2334176438864454,-70.7924791061748,-65.2247622393088,0.8240218596672347,0
Rat_assembly_Ida,Rat_office_Ramiro,0.14127279756551694,0.24060617902931072,0.25817455613031237,-70.31316939676708,-82.74895137585199,1.2053769785244606,0
Rat_public_Michelle,Rat_office_Ramiro,0.14127279756551694,0.31972931526979254,0.2550916226614921,-126.3205095244994,-80.56669582351147,0.6285641099703496,0
Rat_lodging_Lorenzo,Rat_office_Ramiro,0.14127279756551694,0.35988250499958924,0.37070826898596765,-154.74295915509808,-162.4059800430067,2.3799518956360624,0
Rat_public_Amber,Rat_office_Ramiro,0.14127279756551694,0.280012633948822,0.2886585856482335,-98.20704252633121,-104.32708251166657,0.9606092229851062,0
Rat_public_Duane,Rat_office_Ramiro,0.14127279756551694,0.3301065211569816,0.2651826031595677,-133.66601840236848,-87.70959995790139,0.15370735385283452,0
Rat_public_Alanna,Rat_office_Ramiro,0.14127279756551694,0.2257932252867032,0.24426776740215375,-59.827814821879564,-72.905026028717,1.1032575415671186,0
Rat_office_Kasey,Rat_office_Ramiro,0.14127279756551694,0.26543899670480675,0.2424396366825539,-87.89108822008444,-71.610983048679,0.6408090045630312,1
Rat_public_Dexter,Rat_office_Ramiro,0.14127279756551694,0.2124322292451411,0.22637541179372656,-50.370229022061466,-60.23991574792894,1.6433889775728667,0
Rat_public_Emilee,Rat_office_Ramiro,0.14127279756551694,0.3684268851078141,0.31847294828027867,-160.79110165348834,-125.43118970414884,0.9259607636812135,0
Rat_public_Roma,Rat_office_Ramiro,0.14127279756551694,0.3000743263849462,0.2625151254654141,-112.40771865212278,-85.82142492341428,0.957369149864918,0
Rat_education_Terese,Rat_office_Ramiro,0.14127279756551694,0.22986256486967596,0.23101792591263512,-62.708298292935304,-63.52612101809466,0.4706769880987003,0
Rat_assembly_Deandre,Rat_office_Ramiro,0.14127279756551694,0.2830974685076778,0.36627594884995796,-100.39064376592952,-159.2685606583908,1.3531940781094414,0
Rat_education_Adell,Rat_office_Ramiro,0.14127279756551694,0.3447290315442451,0.23944856514883367,-144.01656758044516,-69.49375199976949,0.10413461346825481,0
Rat_public_Tricia,Rat_office_Ramiro,0.14127279756551694,0.28001352146104713,0.25620155589366,-98.20767075217543,-81.35236245664596,1.812635827995337,0
Rat_public_Wilma,Rat_public_Amber,0.3714178517425905,0.3599072414390226,0.4236262165020846,3.099099908516326,-14.056503884922812,0.18599477629756325,1
Rat_public_Jason,Rat_public_Amber,0.3714178517425905,0.41358342922363794,0.47541175180307277,-11.352598504142472,-27.999165783920038,0.2821998834799113,1
Rat_public_Carole,Rat_public_Amber,0.3714178517425905,0.395568051382456,0.4918394982417938,-6.502164483090776,-32.42214824468398,0.5140079987936488,1
Rat_health_Rosaria,Rat_public_Amber,0.3714178517425905,0.3701543325440975,0.3748807639737831,0.34018806381139344,-0.932349432033375,0.23769372731238872,0
Rat_education_Tim,Rat_public_Amber,0.3714178517425905,0.4161998755905405,0.45775112028307596,-12.05704670301792,-23.244243144327466,0.5365134487687432,0
Rat_public_Sean,Rat_public_Amber,0.3714178517425905,0.5563371232373188,0.6198461538015394,-49.78739460883149,-66.88647325199679,0.8743476274653985,1
Rat_education_Adrian,Rat_public_Amber,0.3714178517425905,0.44981897208219757,0.5168666596913858,-21.108603146502126,-39.160424644746996,0.7379496366767686,0
Rat_public_Margart,Rat_public_Amber,0.3714178517425905,0.4375410753263948,0.4670967707591983,-17.802920154099297,-25.760452430519585,0.019571611792508853,1
Rat_assembly_Kimberley,Rat_public_Amber,0.3714178517425905,0.35720540347861784,0.40816660343987066,3.826538815323971,-9.894180240627934,0.025127996693398658,0
Rat_public_Johnny,Rat_public_Amber,0.3714178517425905,0.39269951684823545,0.3737624109161765,-5.729844434185707,-0.6312456879996412,0.691153591162031,1
Rat_public_Frederick,Rat_public_Amber,0.3714178517425905,0.4255256114262251,0.49511522517678336,-14.567894200501089,-33.304100180925275,0.278017073794501,1
Rat_health_Guy,Rat_public_Amber,0.3714178517425905,0.3674352418984403,0.3667476934632193,1.072272058401315,1.2573865950330951,2.4493794868303356,0
Rat_assembly_Suzanne,Rat_public_Amber,0.3714178517425905,0.535896264180188,0.45343031885558116,-44.28392756726958,-22.080916877907374,1.6037535375656051,0
Rat_assembly_Pauline,Rat_public_Amber,0.3714178517425905,0.619813572006119,0.5481309035627006,-66.8777009769789,-47.57796400765902,2.0778258009214077,0
Rat_other_Hazel,Rat_public_Amber,0.3714178517425905,0.3633349990034732,0.3632809114973933,2.176215467618148,2.1907779087679673,0.31980021842207496,0
Rat_education_Candida,Rat_public_Amber,0.3714178517425905,0.31282623236228807,0.32259481147701274,15.77512203718983,13.1450440619678,0.39542662425683583,0
Rat_education_Conrad,Rat_public_Amber,0.3714178517425905,0.6256696489351358,0.6725891366612747,-68.45438257737632,-81.08691693349452,1.8893286231189976,0
Rat_education_Alfonso,Rat_public_Amber,0.3714178517425905,0.3145187518306029,0.3468217433734957,15.319430567225744,6.622220298161931,0.9276633724459176,0
Rat_education_Kandice,Rat_public_Amber,0.3714178517425905,0.46415985429768214,0.4922862239407192,-24.969721331371563,-32.54242401948304,1.0615545664308015,0
Rat_education_Liz,Rat_public_Amber,0.3714178517425905,0.3627663715241173,0.37098227353368396,2.3293118997600306,0.11727444086570891,0.7911722982130645,0
Rat_assembly_Mirta,Rat_public_Amber,0.3714178517425905,0.404649757290333,0.48198816114347814,-8.947309719182183,-29.76978863081624,0.9361449256781595,0
Rat_assembly_Gerald,Rat_public_Amber,0.3714178517425905,0.754648298833084,0.6286793134021317,-103.18040592084672,-69.26470024328154,0.7865159630792955,0
Rat_parking_Ronnie,Rat_public_Amber,0.3714178517425905,0.3743620709594372,0.3216949920844308,-0.7926972823285715,13.387310121167765,1.6768551748426914,0
Rat_education_Dreama,Rat_public_Amber,0.3714178517425905,0.3675814672503762,0.3801153619192292,1.032902558187506,-2.3417049384762576,1.0724698102179357,0
Rat_assembly_Kaitlyn,Rat_public_Amber,0.3714178517425905,0.44776923089471016,0.40001825838298627,-20.556733822539748,-7.7003317170164305,0.13658736331787152,0
Rat_assembly_Ida,Rat_public_Amber,0.3714178517425905,0.3394315446685344,0.3445024627846836,8.61194660514704,7.246660016912837,0.2447677555393543,0
Rat_public_Michelle,Rat_public_Amber,0.3714178517425905,0.40033705982033374,0.3680079567760881,-7.786165350443511,0.9180751411123919,0.33204511301475664,1
Rat_lodging_Lorenzo,Rat_public_Amber,0.3714178517425905,0.5186633764978299,0.6390517431964047,-39.644170053863554,-72.05735809362676,1.4193426726509564,0
Rat_office_Ramiro,Rat_public_Amber,0.3714178517425905,0.423302041583351,0.48199173284473756,-13.96922350321454,-29.770750270447365,0.9606092229851062,0
Rat_public_Duane,Rat_public_Amber,0.3714178517425905,0.4853187561790912,0.4099376538803939,-30.66651317434231,-10.371015274866043,1.1143165768379408,1
Rat_public_Alanna,Rat_public_Amber,0.3714178517425905,0.38226668849557927,0.4076346445353797,-2.9209249641849455,-9.750956402033431,2.063866764552225,1
Rat_office_Kasey,Rat_public_Amber,0.3714178517425905,0.3291653903300996,0.32800822706374905,11.37599100696263,11.687543954921777,0.31980021842207496,0
Rat_public_Dexter,Rat_public_Amber,0.3714178517425905,0.3809721564942422,0.39961864467461294,-2.5723870586256226,-7.592740305753227,0.6827797545877605,1
Rat_public_Emilee,Rat_public_Amber,0.3714178517425905,0.47258125488360814,0.5305582072093107,-27.237086926863295,-42.84671690390684,0.03464845930389268,1
Rat_public_Roma,Rat_public_Amber,0.3714178517425905,0.3993615972473168,0.4426778974404373,-7.5235332318093775,-19.185950638482836,0.003240073120188286,1
Rat_education_Terese,Rat_public_Amber,0.3714178517425905,0.3383926185275722,0.39462431604251813,8.891665562135207,-6.248074558357727,1.4312862110838065,0
Rat_assembly_Deandre,Rat_public_Amber,0.3714178517425905,0.5113349330711848,0.6379431154568598,-37.671070647827456,-71.75887278002551,0.39258485512433516,0
Rat_education_Adell,Rat_public_Amber,0.3714178517425905,0.44108185414212864,0.43115228448301224,-18.756234271641432,-16.082811437351268,1.064743836453361,0
Rat_public_Tricia,Rat_public_Amber,0.3714178517425905,0.4326600029876866,0.37568459783026353,-16.488747365740426,-1.1487724856666481,0.8520266050102308,1
Rat_public_Wilma,Rat_public_Duane,0.44785603485613745,1.110728745523198,0.5590563558182572,-148.0102218294305,-24.82947918695347,1.300311353135504,1
Rat_public_Jason,Rat_public_Duane,0.44785603485613745,1.0739513816530133,0.7610799795743735,-139.79834993135535,-69.938533890439,0.8321166933580294,1
Rat_public_Carole,Rat_public_Duane,0.44785603485613745,1.1294125037136111,0.6721350360342372,-152.18204418667858,-50.078369771246635,1.6283245756315896,1
Rat_health_Rosaria,Rat_public_Duane,0.44785603485613745,0.9626000932945539,0.8036414089331861,-114.93516183247705,-79.44190685994347,1.3520103041503295,0
Rat_education_Tim,Rat_public_Duane,0.44785603485613745,1.2236154750674366,0.6561544011739597,-173.2162525085751,-46.51011711491906,0.5778031280691975,0
Rat_public_Sean,Rat_public_Duane,0.44785603485613745,1.148455453398353,1.3547580488368338,-156.43406898988547,-202.4985583306957,0.2399689493725422,1
Rat_education_Adrian,Rat_public_Duane,0.44785603485613745,1.2667139818248698,0.7647623393543808,-182.8395473629757,-70.76075341935307,0.3763669401611721,0
Rat_public_Margart,Rat_public_Duane,0.44785603485613745,1.2509407227275373,0.7273601708097565,-179.3175988193105,-62.4093713604647,1.094744965045432,1
Rat_assembly_Kimberley,Rat_public_Duane,0.44785603485613745,1.1598383001191481,0.5327250788856974,-158.97569974505694,-18.95007266270779,1.1394445735313394,0
Rat_public_Johnny,Rat_public_Duane,0.44785603485613745,0.9977338109541652,0.7677307108592132,-122.78003047891546,-71.42354933451493,1.8054701679999718,1
Rat_public_Frederick,Rat_public_Duane,0.44785603485613745,1.1363548116244804,0.7354346053090036,-153.73216462060313,-64.21227985578972,1.3923336506324417,1
Rat_health_Guy,Rat_public_Duane,0.44785603485613745,1.0262946260038073,0.5534208563678022,-129.157261737799,-23.57115083769606,1.335062909992395,0
Rat_assembly_Suzanne,Rat_public_Duane,0.44785603485613745,1.225374310492634,0.665795841467669,-173.60897590366397,-48.66291612695121,2.7180701144035457,0
Rat_assembly_Pauline,Rat_public_Duane,0.44785603485613745,1.311766851657283,0.9458577060032805,-192.89922420687157,-111.1968204932448,3.1921423777593483,0
Rat_other_Hazel,Rat_public_Duane,0.44785603485613745,0.9899790419528511,0.47345376235974357,-121.04849882638227,-5.715615177950822,0.7945163584158659,0
Rat_education_Candida,Rat_public_Duane,0.44785603485613745,0.9478801873569196,0.5281884894171335,-111.64841234335547,-17.937115570364217,0.7188899525811049,0
Rat_education_Conrad,Rat_public_Duane,0.44785603485613745,1.4523269285199778,1.09933544034702,-224.28432699059226,-145.466255847184,0.7750120462810569,0
Rat_education_Alfonso,Rat_public_Duane,0.44785603485613745,1.0844471221310843,0.518141500518793,-142.14190224754608,-15.69376321684111,0.18665320439202315,0
Rat_education_Kandice,Rat_public_Duane,0.44785603485613745,1.0885019334743042,1.232232051120389,-143.04728501067495,-175.14021364392528,0.05276201040713924,0
Rat_education_Liz,Rat_public_Duane,0.44785603485613745,1.1304569279738168,0.6186966535722815,-152.41524954262317,-38.14632502853788,0.32314427862487627,0
Rat_assembly_Mirta,Rat_public_Duane,0.44785603485613745,1.2130012205152918,0.6728567036196142,-170.84623765423595,-50.23950806775499,0.17817165115978117,0
Rat_assembly_Gerald,Rat_public_Duane,0.44785603485613745,1.4308845391860037,1.490258654301864,-219.4965408126385,-232.75395178733552,1.900832539917236,0
Rat_parking_Ronnie,Rat_public_Duane,0.44785603485613745,0.951463298650031,0.5776716810145743,-112.44847107076825,-28.986021412022932,2.7911717516806323,0
Rat_education_Dreama,Rat_public_Duane,0.44785603485613745,1.0402452306441434,0.6889515449156494,-132.27223698756146,-53.83326142673456,0.04184676662000497,0
Rat_assembly_Kaitlyn,Rat_public_Duane,0.44785603485613745,1.2134274541993941,0.551100629332732,-170.94140968518542,-23.053076533792662,0.9777292135200693,0
Rat_assembly_Ida,Rat_public_Duane,0.44785603485613745,1.0065465008530783,0.6312512624940795,-124.74778109809466,-40.949593924050426,1.359084332377295,0
Rat_public_Michelle,Rat_public_Duane,0.44785603485613745,1.088431251508999,0.9283499297268285,-143.03150271462354,-107.28757847932935,0.7822714638231841,1
Rat_lodging_Lorenzo,Rat_public_Duane,0.44785603485613745,1.280814004126042,0.9789982249339755,-185.9878854903611,-118.59663569085413,2.533659249488897,0
Rat_office_Ramiro,Rat_public_Duane,0.44785603485613745,1.1889266119949125,0.7333432993234025,-165.47071368075353,-63.74532042623265,0.15370735385283452,0
Rat_public_Amber,Rat_public_Duane,0.44785603485613745,1.0392188892924124,0.7593310056255885,-132.0430692926211,-69.54801242535554,1.1143165768379408,1
Rat_public_Alanna,Rat_public_Duane,0.44785603485613745,1.0938963167159677,0.5575244474587118,-144.25177547676776,-24.487425437462857,0.9495501877142841,1
Rat_office_Kasey,Rat_public_Duane,0.44785603485613745,1.0416007798782474,0.7079101205745747,-132.57491220651644,-58.06644668793469,0.7945163584158659,0
Rat_public_Dexter,Rat_public_Duane,0.44785603485613745,0.9689641742676892,0.5015521279011069,-116.35617226391616,-11.989587917960735,1.7970963314257014,1
Rat_public_Emilee,Rat_public_Duane,0.44785603485613745,1.3429449791015429,0.8469941333542709,-199.8608647827935,-89.1219649694676,1.0796681175340481,1
Rat_public_Roma,Rat_public_Duane,0.44785603485613745,1.1783208041882598,0.7381938512459995,-163.10258486675656,-64.82838095128622,1.1110765037177526,1
Rat_education_Terese,Rat_public_Duane,0.44785603485613745,1.1083017148698542,0.5519334280932481,-147.4682997686675,-23.23902887019104,0.3169696342458658,0
Rat_assembly_Deandre,Rat_public_Duane,0.44785603485613745,1.2398148912483524,1.05865193868085,-176.83335597936332,-136.38219791342442,1.5069014319622758,0
Rat_education_Adell,Rat_public_Duane,0.44785603485613745,1.2314209070587327,0.6502698950108263,-174.9590964994579,-45.196189043139555,0.049572740384579705,0
Rat_public_Tricia,Rat_public_Duane,0.44785603485613745,0.9908289732793737,0.8389749539424771,-121.23827662557962,-87.33139416374658,1.9663431818481714,1
Rat_public_Wilma,Rat_public_Alanna,0.2217589204640388,0.20578690440090797,0.21779658246373385,7.2024232575216365,1.7867772768796044,2.249861540849788,1
Rat_public_Jason,Rat_public_Alanna,0.2217589204640388,0.2621112218714839,0.2899355259187031,-18.196472693412463,-30.743568426470596,1.7816668810723135,1
Rat_public_Carole,Rat_public_Alanna,0.2217589204640388,0.16512258381863915,0.21398973212897704,25.53959792322492,3.50343892313529,2.5778747633458736,1
Rat_health_Rosaria,Rat_public_Alanna,0.2217589204640388,0.3909209899924369,0.35325861814676274,-76.28196835302957,-59.29849288928531,2.3015604918646138,0
Rat_education_Tim,Rat_public_Alanna,0.2217589204640388,0.1989595356914552,0.19641150982610553,10.281157901055368,11.430165057122785,1.5273533157834818,0
Rat_public_Sean,Rat_public_Alanna,0.2217589204640388,0.624359042721465,0.6779447370511413,-181.54855796329207,-205.71249879487002,1.1895191370868263,1
Rat_education_Adrian,Rat_public_Alanna,0.2217589204640388,0.24964876798001448,0.2495044769054183,-12.576651914437143,-12.511585276173278,1.3259171278754562,0
Rat_public_Margart,Rat_public_Alanna,0.2217589204640388,0.3752489628493108,0.29928203502968065,-69.21482214293268,-34.958284610793484,2.044295152759716,1
Rat_assembly_Kimberley,Rat_public_Alanna,0.2217589204640388,0.17301575048304757,0.16637149131962495,21.98025219413692,24.976415392225753,2.0889947612456234,0
Rat_public_Johnny,Rat_public_Alanna,0.2217589204640388,0.32242249925061983,0.35052153440015743,-45.39324892813274,-58.064231944617184,2.755020355714256,1
Rat_public_Frederick,Rat_public_Alanna,0.2217589204640388,0.19492296258057884,0.23374966160461214,12.101410769544117,-5.407106562154189,2.341883838346726,1
Rat_health_Guy,Rat_public_Alanna,0.2217589204640388,0.22869386930106908,0.22772869867646167,-3.1272468419843658,-2.692012659482145,0.38551272227811073,0
Rat_assembly_Suzanne,Rat_public_Alanna,0.2217589204640388,0.31915086473964543,0.27303622714607495,-43.91793758366534,-23.12299616842311,3.6676203021178297,0
Rat_assembly_Pauline,Rat_public_Alanna,0.2217589204640388,0.4288313883210434,0.38761491989499847,-93.37728891523179,-74.79112862016996,4.141692565473632,0
Rat_other_Hazel,Rat_public_Alanna,0.2217589204640388,0.2306245002925586,0.23054620443046475,-3.9978458634125005,-3.9625391159184153,1.7440665461301499,0
Rat_education_Candida,Rat_public_Alanna,0.2217589204640388,0.3173643112836592,0.2581441106408137,-43.112308907151316,-16.40754297533445,1.668440140295389,0
Rat_education_Conrad,Rat_public_Alanna,0.2217589204640388,0.490043529695452,0.4571865383399744,-120.98030089162484,-106.16376440834694,0.1745381414332272,0
Rat_education_Alfonso,Rat_public_Alanna,0.2217589204640388,0.2778700981587432,0.21415021403114512,-25.302782669256175,3.4310711907201674,1.1362033921063073,0
Rat_education_Kandice,Rat_public_Alanna,0.2217589204640388,0.36676279404302553,0.4800325338501717,-65.38806794133049,-116.46594096223308,1.0023121981214234,0
Rat_education_Liz,Rat_public_Alanna,0.2217589204640388,0.3373732053864419,0.2134678240237305,-52.135122537788284,3.738788240382343,1.2726944663391604,0
Rat_assembly_Mirta,Rat_public_Alanna,0.2217589204640388,0.2544197698568032,0.2301671754558759,-14.728088197949535,-3.7916197347292737,1.1277218388740653,0
Rat_assembly_Gerald,Rat_public_Alanna,0.2217589204640388,0.5695908392902705,0.5875224223807782,-156.85137630467378,-164.93744700387506,2.85038272763152,0
Rat_parking_Ronnie,Rat_public_Alanna,0.2217589204640388,0.3687768708000652,0.26062182644578924,-66.29629600846985,-17.524844502502248,3.7407219393949163,0
Rat_education_Dreama,Rat_public_Alanna,0.2217589204640388,0.2410126368337401,0.2733389931849063,-8.682273673326051,-23.259525530217346,0.9913969543342891,0
Rat_assembly_Kaitlyn,Rat_public_Alanna,0.2217589204640388,0.21195510108438134,0.2058910527240576,4.420935743708801,7.155458597461194,1.9272794012343533,0
Rat_assembly_Ida,Rat_public_Alanna,0.2217589204640388,0.23036610268829413,0.2508422732799171,-3.8813240099854736,-13.114851368783853,2.308634520091579,0
Rat_public_Michelle,Rat_public_Alanna,0.2217589204640388,0.4377573747649085,0.3273661753285321,-97.40237454659541,-47.62255094113292,1.7318216515374683,1
Rat_lodging_Lorenzo,Rat_public_Alanna,0.2217589204640388,0.23713868334861385,0.3520193775276455,-6.935352522636887,-58.7396695434086,3.483209437203181,0
Rat_office_Ramiro,Rat_public_Alanna,0.2217589204640388,0.21542523107668105,0.2643640835443799,2.856114817886144,-19.212378465402068,1.1032575415671186,0
Rat_public_Amber,Rat_public_Alanna,0.2217589204640388,0.355669961083218,0.35262211843357233,-60.38586422542343,-59.01146961560663,2.063866764552225,1
Rat_public_Duane,Rat_public_Alanna,0.2217589204640388,0.4372612176054151,0.26518713117846143,-97.1786373645893,-19.583523685787917,0.9495501877142841,1
Rat_office_Kasey,Rat_public_Alanna,0.2217589204640388,0.3638574107632834,0.26196262481896004,-64.07791398059577,-18.12946431683266,1.7440665461301499,0
Rat_public_Dexter,Rat_public_Alanna,0.2217589204640388,0.19297512687051552,0.1756510683798976,12.979768089280075,20.791881556628613,2.7466465191399854,1
Rat_public_Emilee,Rat_public_Alanna,0.2217589204640388,0.4110323922224669,0.3598641877027402,-85.3510070135471,-62.27720939013906,2.029218305248332,1
Rat_public_Roma,Rat_public_Alanna,0.2217589204640388,0.3157069222971404,0.25678267964532336,-42.364925675373925,-15.793619083280182,2.0606266914320366,1
Rat_education_Terese,Rat_public_Alanna,0.2217589204640388,0.2221318635709791,0.19538132657577367,-0.16817501914236735,11.894716042569577,0.6325805534684183,0
Rat_assembly_Deandre,Rat_public_Alanna,0.2217589204640388,0.23385430479924446,0.4188476479540113,-5.454294379633348,-88.87521957518416,2.4564516196765602,0
Rat_education_Adell,Rat_public_Alanna,0.2217589204640388,0.45564000146254074,0.2357553442370119,-105.46636884283936,-6.311549381501788,0.9991229280988638,0
Rat_public_Tricia,Rat_public_Alanna,0.2217589204640388,0.4256568675858104,0.36351039679353675,-91.9457700709886,-63.92143145036858,2.915893369562456,1
Rat_public_Wilma,Rat_office_Kasey,0.29774680905847606,0.40171984264116567,0.366009873757078,-34.919948902716804,-22.926547866108415,0.5057949947196382,0
Rat_public_Jason,Rat_office_Kasey,0.29774680905847606,0.48388397025232993,0.4557397564473859,-62.5152497124822,-53.06285158471028,0.037600334942163624,0
Rat_public_Carole,Rat_office_Kasey,0.29774680905847606,0.4531340642694821,0.35844507799499226,-52.18771469033232,-20.38586714949323,0.8338082172157237,0
Rat_health_Rosaria,Rat_office_Kasey,0.29774680905847606,0.45191129519417267,0.34513903223804965,-51.77704057457066,-15.916954183131473,0.5574939457344636,0
Rat_education_Tim,Rat_office_Kasey,0.29774680905847606,0.4153701373900913,0.38216271598743057,-39.50447989805815,-28.351574008766494,0.21671323034666823,0
Rat_public_Sean,Rat_office_Kasey,0.29774680905847606,0.7479161002641466,0.7009275369803301,-151.19197838901422,-135.41059573292395,0.5545474090433236,0
Rat_education_Adrian,Rat_office_Kasey,0.29774680905847606,0.44807579218232785,0.4701774085022499,-50.48886454878107,-57.911821117085196,0.4181494182546937,0
Rat_public_Margart,Rat_office_Kasey,0.29774680905847606,0.42766521724771583,0.3917225794129278,-43.63385407892799,-31.562309820084543,0.3002286066295661,0
Rat_assembly_Kimberley,Rat_office_Kasey,0.29774680905847606,0.40646578326245675,0.3100706876010099,-36.51390070233425,-4.139046386929881,0.34492821511547356,0
Rat_public_Johnny,Rat_office_Kasey,0.29774680905847606,0.5474611077668029,0.339676902791479,-83.86800164138253,-14.082466195218926,1.010953809584106,0
Rat_public_Frederick,Rat_office_Kasey,0.29774680905847606,0.47756079562458115,0.40890300140393926,-60.3915746854538,-37.332454610330565,0.5978172922165759,0
Rat_health_Guy,Rat_office_Kasey,0.29774680905847606,0.4809939214271344,0.30043001024556476,-61.54460998192241,-0.9011687465512801,2.1295792684082606,0
Rat_assembly_Suzanne,Rat_office_Kasey,0.29774680905847606,0.5780229471213855,0.4097502523688965,-94.13237339106614,-37.61700878158648,1.92355375598768,0
Rat_assembly_Pauline,Rat_office_Kasey,0.29774680905847606,0.6747851430130625,0.5010582601955447,-126.6305204569087,-68.2833350187606,2.3976260193434826,0
Rat_other_Hazel,Rat_office_Kasey,0.29774680905847606,0.4752650856121868,0.27306783354765446,-59.62054710680273,8.288577663975827,0.0,0
Rat_education_Candida,Rat_office_Kasey,0.29774680905847606,0.3999679951277151,0.26611457595173404,-34.331580711974404,10.623869725680114,0.07562640583476093,0
Rat_education_Conrad,Rat_office_Kasey,0.29774680905847606,0.5821382463448027,0.6439664655893854,-95.51452060413972,-116.2798881458083,1.5695284046969227,0
Rat_education_Alfonso,Rat_office_Kasey,0.29774680905847606,0.3167396803089412,0.24168523915471402,-6.3788664303485465,18.828604773645726,0.6078631540238426,0
Rat_education_Kandice,Rat_office_Kasey,0.29774680905847606,0.5945969548990941,0.5467200650087091,-99.69885043581378,-83.61911811499408,0.7417543480087265,0
Rat_education_Liz,Rat_office_Kasey,0.29774680905847606,0.40018192867920416,0.3200922345032732,-34.403431541263075,-7.504841282919871,0.47137207979098955,0
Rat_assembly_Mirta,Rat_office_Kasey,0.29774680905847606,0.41536383857877635,0.4275869415469268,-39.502364405591614,-43.607564728913935,0.6163447072560846,0
Rat_assembly_Gerald,Rat_office_Kasey,0.29774680905847606,0.878526369786041,0.6967508509124083,-195.05819812614774,-134.00783139058586,1.1063161815013705,0
Rat_parking_Ronnie,Rat_office_Kasey,0.29774680905847606,0.4132831700521375,0.27115691756920085,-38.8035597624056,8.930369925157814,1.9966553932647664,0
Rat_education_Dreama,Rat_office_Kasey,0.29774680905847606,0.5015005293147174,0.3255247288517107,-68.4318736783591,-9.329376150519611,0.7526695917958608,0
Rat_assembly_Kaitlyn,Rat_office_Kasey,0.29774680905847606,0.5104840597078156,0.3238483809471618,-71.44904468398819,-8.766364943161994,0.18321285510420338,0
Rat_assembly_Ida,Rat_office_Kasey,0.29774680905847606,0.4107846190187516,0.3223366646264203,-37.96440684544009,-8.258646212095899,0.5645679739614292,0
Rat_public_Michelle,Rat_office_Kasey,0.29774680905847606,0.49244499437024375,0.30679910018196505,-65.39051952477176,-3.0402646974165086,0.012244894592681715,0
Rat_lodging_Lorenzo,Rat_office_Kasey,0.29774680905847606,0.5741239684585289,0.5927547611198996,-92.82287869818066,-99.08013892551418,1.7391428910730313,0
Rat_office_Ramiro,Rat_office_Kasey,0.29774680905847606,0.45076105983681547,0.46678422287477045,-51.390727330444086,-56.77219996104014,0.6408090045630312,1
Rat_public_Amber,Rat_office_Kasey,0.29774680905847606,0.43608178762701055,0.3795340779776306,-46.46060826175509,-27.468730623101965,0.31980021842207496,0
Rat_public_Duane,Rat_office_Kasey,0.29774680905847606,0.56202989490802,0.38214066098918337,-88.76101365628406,-28.344166709149437,0.7945163584158659,0
Rat_public_Alanna,Rat_office_Kasey,0.29774680905847606,0.46086240798571504,0.34164818073543235,-54.783323939906225,-14.744531374082422,1.7440665461301499,0
Rat_public_Dexter,Rat_office_Kasey,0.29774680905847606,0.46179554171164927,0.3037880695579807,-55.09672233664637,-2.0289925250947616,1.0025799730098355,0
Rat_public_Emilee,Rat_office_Kasey,0.29774680905847606,0.4755513497191166,0.49315118651055423,-59.71669057441371,-65.62769826819594,0.28515175911818225,0
Rat_public_Roma,Rat_office_Kasey,0.29774680905847606,0.4623361552235931,0.4074274073200696,-55.27829053334792,-36.83686774290595,0.31656014530188664,0
Rat_education_Terese,Rat_office_Kasey,0.29774680905847606,0.355601677303953,0.3332604987954608,-19.430894466484276,-11.92747954185801,1.1114859926617315,0
Rat_assembly_Deandre,Rat_office_Kasey,0.29774680905847606,0.5892902247324963,0.6619413316514963,-97.91655420117785,-122.31685160444292,0.7123850735464101,0
Rat_education_Adell,Rat_office_Kasey,0.29774680905847606,0.39527268701101653,0.3491261692793329,-32.75463413392512,-17.256057380875628,0.7449436180312861,0
Rat_public_Tricia,Rat_office_Kasey,0.29774680905847606,0.5991977783749957,0.37718189293427384,-101.24406379694099,-26.67873557637258,1.1718268234323057,0
Rat_public_Wilma,Rat_public_Dexter,0.16384792824919192,0.24061839121069398,0.215943980393919,-46.85470471420543,-31.79536824261554,0.49678497829019724,1
Rat_public_Jason,Rat_public_Dexter,0.16384792824919192,0.28086975995072355,0.29223009820997714,-71.42100174959567,-78.35446644496609,0.9649796380676718,1
Rat_public_Carole,Rat_public_Dexter,0.16384792824919192,0.2100903296331013,0.24791100088792778,-28.222756233805146,-51.30554504838572,0.16877175579411174,1
Rat_health_Rosaria,Rat_public_Dexter,0.16384792824919192,0.3537438509857644,0.33909706448288923,-115.89766484429687,-106.95840838900665,0.4450860272753718,0
Rat_education_Tim,Rat_public_Dexter,0.16384792824919192,0.31047836428613346,0.22747390966805953,-89.4917852204608,-38.83233807027487,1.2192932033565036,0
Rat_public_Sean,Rat_public_Dexter,0.16384792824919192,0.603049339883062,0.6859263028801901,-268.05429664383695,-318.6359328492596,1.557127382053159,1
Rat_education_Adrian,Rat_public_Dexter,0.16384792824919192,0.37285845751535746,0.29482106100034206,-127.56373028305066,-79.93578811198431,1.4207293912645291,0
Rat_public_Margart,Rat_public_Dexter,0.16384792824919192,0.5066525063199169,0.34273325317786907,-209.2211856041064,-109.1776544507876,0.7023513663802694,1
Rat_assembly_Kimberley,Rat_public_Dexter,0.16384792824919192,0.24474757582807707,0.15630305606661188,-49.37483704758662,4.60480169825843,0.6576517578943618,0
Rat_public_Johnny,Rat_public_Dexter,0.16384792824919192,0.2949520192648536,0.35691506225722197,-80.01571482568212,-117.83312494156131,0.008373836574270488,1
Rat_public_Frederick,Rat_public_Dexter,0.16384792824919192,0.24183253285504572,0.25046538676714963,-47.595722105957364,-52.86454302078422,0.4047626807932595,1
Rat_health_Guy,Rat_public_Dexter,0.16384792824919192,0.2390115038018595,0.23058312288487004,-45.87398593063278,-40.7299593890393,3.132159241418096,0
Rat_assembly_Suzanne,Rat_public_Dexter,0.16384792824919192,0.3551210332405085,0.2842313881256301,-116.73818951217645,-73.47267747770981,0.9209737829778446,0
Rat_assembly_Pauline,Rat_public_Dexter,0.16384792824919192,0.5029012608096343,0.424492393206077,-206.9317178333712,-159.07705867386858,1.3950460463336471,0
Rat_other_Hazel,Rat_public_Dexter,0.16384792824919192,0.22708698154251422,0.18152599645148484,-38.59618731165384,-10.789314452244293,1.0025799730098355,0
Rat_education_Candida,Rat_public_Dexter,0.16384792824919192,0.27549406830280154,0.1763745494958966,-68.1400987162987,-7.6452728945423525,1.0782063788445964,0
Rat_education_Conrad,Rat_public_Dexter,0.16384792824919192,0.6500757081742911,0.5288348793790809,-296.7555251511074,-222.75957653537745,2.5721083777067584,0
Rat_education_Alfonso,Rat_public_Dexter,0.16384792824919192,0.33265414042610697,0.1868391744222804,-103.02614990662696,-14.032064011283508,1.610443127033678,0
Rat_education_Kandice,Rat_public_Dexter,0.16384792824919192,0.37249981057446013,0.5521624216240767,-127.34484015442365,-236.9968894475783,1.744334321018562,0
Rat_education_Liz,Rat_public_Dexter,0.16384792824919192,0.3313770292955399,0.17221511555372462,-102.24670085028936,-5.106678731883184,1.473952052800825,0
Rat_assembly_Mirta,Rat_public_Dexter,0.16384792824919192,0.3358734635430641,0.22461134966591256,-104.99097372305076,-37.08525464191844,1.61892468026592,0
Rat_assembly_Gerald,Rat_public_Dexter,0.16384792824919192,0.6644869974048186,0.708084543713325,-305.5510524333382,-332.1595953513786,0.10373620849153498,0
Rat_parking_Ronnie,Rat_public_Dexter,0.16384792824919192,0.3284176817227527,0.21637966634203082,-100.44054583544752,-32.061276974430086,0.9940754202549309,0
Rat_education_Dreama,Rat_public_Dexter,0.16384792824919192,0.25894850106092204,0.282225074436874,-58.04197454794436,-72.24818003657968,1.7552495648056963,0
Rat_assembly_Kaitlyn,Rat_public_Dexter,0.16384792824919192,0.2774400178393498,0.19774061740562565,-69.32775458558055,-20.685454810809233,0.819367117905632,0
Rat_assembly_Ida,Rat_public_Dexter,0.16384792824919192,0.2120048314827044,0.24749183067229646,-29.391218886986444,-51.049716231927434,0.4380119990484062,0
Rat_public_Michelle,Rat_public_Dexter,0.16384792824919192,0.4589775942386674,0.4087422480611674,-180.12413653508068,-149.46439813356824,1.0148248676025171,1
Rat_lodging_Lorenzo,Rat_public_Dexter,0.16384792824919192,0.3520207556548555,0.42730494528707463,-114.8460218059496,-160.79362116632808,0.7365629180631958,0
Rat_office_Ramiro,Rat_public_Dexter,0.16384792824919192,0.30665322327867517,0.28921930718115035,-87.15721739996279,-76.51691435566062,1.6433889775728667,0
Rat_public_Amber,Rat_public_Dexter,0.16384792824919192,0.35281753453225523,0.3433880606292195,-115.33231350698831,-109.5772978630342,0.6827797545877605,1
Rat_public_Duane,Rat_public_Dexter,0.16384792824919192,0.37509588380198405,0.24509447341440357,-128.92928083381733,-49.58655628629369,1.7970963314257014,1
Rat_public_Alanna,Rat_public_Dexter,0.16384792824919192,0.21190158344256121,0.1633416853332595,-29.32820433364637,0.30897120356779845,2.7466465191399854,1
Rat_office_Kasey,Rat_public_Dexter,0.16384792824919192,0.4035774334143883,0.22720562470270858,-146.31219797945704,-38.66859784589869,1.0025799730098355,0
Rat_public_Emilee,Rat_public_Dexter,0.16384792824919192,0.5535218170759203,0.4130678333444739,-237.826558437824,-152.104398119853,0.7174282138916532,1
Rat_public_Roma,Rat_public_Dexter,0.16384792824919192,0.3593132125083856,0.26047129180738987,-119.29676886845697,-58.97136728591775,0.6860198277079488,1
Rat_education_Terese,Rat_public_Dexter,0.16384792824919192,0.24220496325189725,0.1620784324286506,-47.82302458138757,1.0799622793216723,2.114065965671567,0
Rat_assembly_Deandre,Rat_public_Dexter,0.16384792824919192,0.3311269540100572,0.5131093335192056,-102.09407439467594,-213.16192948062874,0.29019489946342536,0
Rat_education_Adell,Rat_public_Dexter,0.16384792824919192,0.5399112522706834,0.2337149745852063,-229.5197309114259,-42.64139747300037,1.7475235910411215,0
Rat_public_Tricia,Rat_public_Dexter,0.16384792824919192,0.3383091059291313,0.3666354135119064,-106.47749992578855,-123.76566944093457,0.16924685042247023,1
Rat_public_Wilma,Rat_public_Emilee,0.37054796321949574,0.40768275500753337,0.30377009937533883,-10.02158842417943,18.021381972784113,0.22064323560145593,1
Rat_public_Jason,Rat_public_Emilee,0.37054796321949574,0.4606157545082585,0.3315193549603696,-24.306648593129815,10.532673805578945,0.2475514241760186,1
Rat_public_Carole,Rat_public_Emilee,0.37054796321949574,0.43840156563214444,0.28267335318473397,-18.31169218233034,23.71477345908628,0.5486564580975415,1
Rat_health_Rosaria,Rat_public_Emilee,0.37054796321949574,0.4834970756801931,0.4906203720831843,-30.481644394788233,-32.40401264668756,0.2723421866162814,0
Rat_education_Tim,Rat_public_Emilee,0.37054796321949574,0.4286487877979724,0.3069244594166147,-15.679704207160997,17.170112945727713,0.5018649894648505,0
Rat_public_Sean,Rat_public_Emilee,0.37054796321949574,0.6268671543525812,0.6908125447015733,-69.17301309824059,-86.42999375828909,0.8396991681615058,1
Rat_education_Adrian,Rat_public_Emilee,0.37054796321949574,0.43418729279258383,0.29059638884165234,-17.1743838557793,21.576579097395747,0.7033011773728759,0
Rat_public_Margart,Rat_public_Emilee,0.37054796321949574,0.3700331016373801,0.2538098958501088,0.1389460024667928,31.504171917479034,0.015076847511383829,1
Rat_assembly_Kimberley,Rat_public_Emilee,0.37054796321949574,0.41553389865525775,0.3220318016535001,-12.140381246439182,13.093085479262742,0.05977645599729134,0
Rat_public_Johnny,Rat_public_Emilee,0.37054796321949574,0.49851717711702437,0.5158869803823734,-34.53512813447189,-39.222727309065085,0.7258020504659237,1
Rat_public_Frederick,Rat_public_Emilee,0.37054796321949574,0.45987336667049333,0.2973945301927786,-24.10629994424913,19.741960633415857,0.3126655330983937,1
Rat_health_Guy,Rat_public_Emilee,0.37054796321949574,0.46462785806029283,0.4249436611771926,-25.389397373389,-14.679799474562314,2.414731027526443,0
Rat_assembly_Suzanne,Rat_public_Emilee,0.37054796321949574,0.4527595498290788,0.3028709507036834,-22.186489947290482,18.264035761471327,1.6384019968694978,0
Rat_assembly_Pauline,Rat_public_Emilee,0.37054796321949574,0.4578474046758344,0.35252869739142495,-23.55955237153104,4.862870024034376,2.1124742602253,0
Rat_other_Hazel,Rat_public_Emilee,0.37054796321949574,0.47077501931189003,0.4067089903483048,-27.04833544936377,-9.758797974390413,0.28515175911818225,0
Rat_education_Candida,Rat_public_Emilee,0.37054796321949574,0.4605020286249561,0.40447701209648734,-24.275957321124356,-9.15645267138969,0.3607781649529432,0
Rat_education_Conrad,Rat_public_Emilee,0.37054796321949574,0.4554626963245466,0.24201751278510034,-22.91598970542749,34.68658937365682,1.854680163815105,0
Rat_education_Alfonso,Rat_public_Emilee,0.37054796321949574,0.4026546345951863,0.34377262422138183,-8.664646567405914,7.225876716600224,0.8930149131420249,0
Rat_education_Kandice,Rat_public_Emilee,0.37054796321949574,0.5084816962759011,0.6339507472849378,-37.22425886731962,-71.08466655082228,1.0269061071269088,0
Rat_education_Liz,Rat_public_Emilee,0.37054796321949574,0.4420608241761244,0.3935612288898372,-19.299218469666158,-6.210603742196106,0.7565238389091717,0
Rat_assembly_Mirta,Rat_public_Emilee,0.37054796321949574,0.4187769575902428,0.3371886963523897,-13.015587496881857,9.002685260300714,0.9014964663742668,0
Rat_assembly_Gerald,Rat_public_Emilee,0.37054796321949574,0.6158054820618851,0.6249443853772737,-66.18779299485989,-68.65411428724684,0.8211644223831882,0
Rat_parking_Ronnie,Rat_public_Emilee,0.37054796321949574,0.516274697259606,0.42092560313500765,-39.327360694137276,-13.59544375249217,1.7115036341465841,0
Rat_education_Dreama,Rat_public_Emilee,0.37054796321949574,0.46994044821664105,0.47104451805137737,-26.823109249765253,-27.121065235042746,1.037821350914043,0
Rat_assembly_Kaitlyn,Rat_public_Emilee,0.37054796321949574,0.4241625314248315,0.2982853611869069,-14.468995522066047,19.50155154132739,0.10193890401397886,0
Rat_assembly_Ida,Rat_public_Emilee,0.37054796321949574,0.4388463663128587,0.4239246880801652,-18.431730807519276,-14.404808596681324,0.27941621484324697,0
Rat_public_Michelle,Rat_public_Emilee,0.37054796321949574,0.4541435529394069,0.47606197602302425,-22.559991692733426,-28.475129612580496,0.297396653710864,1
Rat_lodging_Lorenzo,Rat_public_Emilee,0.37054796321949574,0.4833451990685758,0.2728636500401881,-30.44065736296171,26.362123901742756,1.453991131954849,0
Rat_office_Ramiro,Rat_public_Emilee,0.37054796321949574,0.4431555606724237,0.30599369481527566,-19.594655661328925,17.421298944229,0.9259607636812135,0
Rat_public_Amber,Rat_public_Emilee,0.37054796321949574,0.44561818787155993,0.41451757682925394,-20.259246333408132,-11.866105868651776,0.03464845930389268,1
Rat_public_Duane,Rat_public_Emilee,0.37054796321949574,0.5962641034884031,0.3773267071178483,-60.9141494957303,-1.829383661822254,1.0796681175340481,1
Rat_public_Alanna,Rat_public_Emilee,0.37054796321949574,0.4479494520012802,0.32254893910511395,-20.88838597553844,12.953525286536077,2.029218305248332,1
Rat_office_Kasey,Rat_public_Emilee,0.37054796321949574,0.42703791586080964,0.39193724674021385,-15.244977236010829,-5.772338710184214,0.28515175911818225,0
Rat_public_Dexter,Rat_public_Emilee,0.37054796321949574,0.4694751835806369,0.33886679272551007,-26.697548004748086,8.549816390494955,0.7174282138916532,1
Rat_public_Roma,Rat_public_Emilee,0.37054796321949574,0.3945393592453057,0.34162879377624444,-6.474572365035118,7.804433518400125,0.031408386183704395,1
Rat_education_Terese,Rat_public_Emilee,0.37054796321949574,0.4119643313644858,0.31466318074990335,-11.177059991139902,15.081659600565336,1.3966377517799138,0
Rat_assembly_Deandre,Rat_public_Emilee,0.37054796321949574,0.4995741147813005,0.2746774565362455,-34.82036453277589,25.872630860059793,0.4272333144282278,0
Rat_education_Adell,Rat_public_Emilee,0.37054796321949574,0.4302586588458708,0.31749514278392293,-16.114161067728,14.31739631615428,1.0300953771494683,0
Rat_public_Tricia,Rat_public_Emilee,0.37054796321949574,0.5578772781822346,0.5213212416015891,-50.55467403872183,-40.68927462779822,0.8866750643141235,1
Rat_public_Wilma,Rat_public_Roma,0.2963656984610521,0.31169004995168526,0.3831095336746246,-5.170757469642547,-29.269188595039864,0.18923484941775154,1
Rat_public_Jason,Rat_public_Roma,0.2963656984610521,0.3842507708797211,0.4388782447180149,-29.654265954202092,-48.086720898198536,0.278959810359723,1
Rat_public_Carole,Rat_public_Roma,0.2963656984610521,0.36761099848841483,0.42606642808091005,-24.03965789472957,-43.763745363704096,0.517248071913837,1
Rat_health_Rosaria,Rat_public_Roma,0.2963656984610521,0.3914243960122459,0.30008058689351846,-32.07479746975045,-1.2534812401559259,0.240933800432577,0
Rat_education_Tim,Rat_public_Roma,0.2963656984610521,0.38489509129176613,0.38419887511951667,-29.871673169473905,-29.636755236708833,0.5332733756485548,0
Rat_public_Sean,Rat_public_Roma,0.2963656984610521,0.6506474051236285,0.5592866647506949,-119.54207538263258,-88.71504619290327,0.8711075543452103,1
Rat_education_Adrian,Rat_public_Roma,0.2963656984610521,0.38427988712883776,0.43926806206571856,-29.664090387079394,-48.21825344387703,0.7347095635565803,0
Rat_public_Margart,Rat_public_Roma,0.2963656984610521,0.2676468312906019,0.4120668134359197,9.690347877497159,-39.039981879034116,0.016331538672320567,1
Rat_assembly_Kimberley,Rat_public_Roma,0.2963656984610521,0.33496692367409286,0.3531587961587046,-13.024862665783058,-19.163181836684842,0.028368069813586944,0
Rat_public_Johnny,Rat_public_Roma,0.2963656984610521,0.46513038752858543,0.3076155329518696,-56.94474426152665,-3.795930011210777,0.6943936642822193,1
Rat_public_Frederick,Rat_public_Roma,0.2963656984610521,0.4055869604679218,0.4409708418781335,-36.853543636806336,-48.792807051550604,0.2812571469146893,1
Rat_health_Guy,Rat_public_Roma,0.2963656984610521,0.4236570349790186,0.29025836195749133,-42.95076561793635,2.06074337727832,2.4461394137101475,0
Rat_assembly_Suzanne,Rat_public_Roma,0.2963656984610521,0.4564336630171224,0.4440753968541727,-54.01028708357968,-49.84034898780041,1.6069936106857934,0
Rat_assembly_Pauline,Rat_public_Roma,0.2963656984610521,0.5487719896900991,0.48470137607815456,-85.16717438614707,-63.54840610606401,2.081065874041596,0
Rat_other_Hazel,Rat_public_Roma,0.2963656984610521,0.4152790068135424,0.2781722938241086,-40.123843268629045,6.13883615122027,0.31656014530188664,0
Rat_education_Candida,Rat_public_Roma,0.2963656984610521,0.3698687288875086,0.28652293005893703,-24.801463464948238,3.3211564135883243,0.3921865511366476,0
Rat_education_Conrad,Rat_public_Roma,0.2963656984610521,0.46185920301562455,0.6149513438311938,-55.84097802611302,-107.4974759307409,1.8860885499988094,0
Rat_education_Alfonso,Rat_public_Roma,0.2963656984610521,0.2953072411043378,0.3192750705383054,0.35714570282950026,-7.730102436353311,0.9244232993257293,0
Rat_education_Kandice,Rat_public_Roma,0.2963656984610521,0.4842543115975522,0.396207835977601,-63.39755717755311,-33.688830399402654,1.0583144933106132,0
Rat_education_Liz,Rat_public_Roma,0.2963656984610521,0.4079449008597696,0.3127123428116984,-37.649162159493656,-5.515700513092463,0.7879322250928762,0
Rat_assembly_Mirta,Rat_public_Roma,0.2963656984610521,0.3406581283989129,0.391303162327572,-14.94519445666606,-32.03389068286404,0.9329048525579713,0
Rat_assembly_Gerald,Rat_public_Roma,0.2963656984610521,0.7434848505390019,0.5704662995471818,-150.86737581296356,-92.48728935550264,0.7897560361994838,0
Rat_parking_Ronnie,Rat_public_Roma,0.2963656984610521,0.39452729289719296,0.29067851020387103,-33.12177993130373,1.918976550495929,1.6800952479628797,0
Rat_education_Dreama,Rat_public_Roma,0.2963656984610521,0.43376476829069344,0.27709583457052644,-46.36132674702842,6.502056071464716,1.0692297370977475,0
Rat_assembly_Kaitlyn,Rat_public_Roma,0.2963656984610521,0.37994814214278144,0.38087291430344,-28.202468813277193,-28.51450632823276,0.13334729019768327,0
Rat_assembly_Ida,Rat_public_Roma,0.2963656984610521,0.35198939851820504,0.2615488293949164,-18.768602556231023,11.747941562377285,0.24800782865954257,0
Rat_public_Michelle,Rat_public_Roma,0.2963656984610521,0.48089821645230113,0.3243892744622043,-62.26514031464407,-9.455742060120699,0.32880503989456833,1
Rat_lodging_Lorenzo,Rat_public_Roma,0.2963656984610521,0.44633229497488697,0.5688836556179641,-50.60187372984504,-91.95327211348173,1.4225827457711446,0
Rat_office_Ramiro,Rat_public_Roma,0.2963656984610521,0.3940273481146052,0.44466081795044865,-32.95308808026164,-50.037882339101145,0.957369149864918,0
Rat_public_Amber,Rat_public_Roma,0.2963656984610521,0.3908795862795594,0.3488097478996107,-31.890967243946466,-17.69572177579476,0.003240073120188286,1
Rat_public_Duane,Rat_public_Roma,0.2963656984610521,0.49056135199215484,0.3804926260143654,-65.52568483448283,-28.386189086713465,1.1110765037177526,1
Rat_public_Alanna,Rat_public_Roma,0.2963656984610521,0.3828567971882405,0.3575653244266683,-29.183910005885828,-20.65003685764226,2.0606266914320366,1
Rat_office_Kasey,Rat_public_Roma,0.2963656984610521,0.3980257379401278,0.31888200455806776,-34.30222863407241,-7.59747373394992,0.31656014530188664,0
Rat_public_Dexter,Rat_public_Roma,0.2963656984610521,0.39124833403123854,0.3509020304205989,-32.01539046619991,-18.401701763307774,0.6860198277079488,1
Rat_public_Emilee,Rat_public_Roma,0.2963656984610521,0.28563406093495214,0.4661599941933679,3.621079491259105,-57.29215513604045,0.031408386183704395,1
Rat_education_Terese,Rat_public_Roma,0.2963656984610521,0.3491208729594628,0.3356908807021989,-17.80070189375972,-13.269140944904201,1.4280461379636182,0
Rat_assembly_Deandre,Rat_public_Roma,0.2963656984610521,0.4667271158367801,0.6254894093551188,-57.483513868294935,-111.05324017020801,0.3958249282445234,0
Rat_education_Adell,Rat_public_Roma,0.2963656984610521,0.40298386245241635,0.37134436655199765,-35.975203792140555,-25.29937454985167,1.0615037633331728,0
Rat_public_Tricia,Rat_public_Roma,0.2963656984610521,0.48848876788289913,0.2943553565852639,-64.82635150406772,0.6783314959279563,0.855266678130419,1
Rat_public_Wilma,Rat_education_Terese,0.1699087171497227,0.18197356854167576,0.15509661973452774,-7.1007842295234225,8.717679506780463,1.6172809873813698,0
Rat_public_Jason,Rat_education_Terese,0.1699087171497227,0.23073310213246426,0.21516785126890478,-35.79827215642116,-26.63732319237039,1.1490863276038952,0
Rat_public_Carole,Rat_education_Terese,0.1699087171497227,0.18455737053870422,0.194668950440515,-8.621484309173617,-14.572668022073115,1.9452942098774553,0
Rat_health_Rosaria,Rat_education_Terese,0.1699087171497227,0.2836479232687191,0.29605359878672355,-66.94136005910163,-74.2427367783859,1.6689799383961952,0
Rat_education_Tim,Rat_education_Terese,0.1699087171497227,0.17433870104055676,0.15169258069932598,-2.607272872839357,10.72113117912882,0.8947727623150634,1
Rat_public_Sean,Rat_education_Terese,0.1699087171497227,0.5341683674773967,0.614559133157397,-214.38549854195549,-261.6995899132418,0.556938583618408,0
Rat_education_Adrian,Rat_education_Terese,0.1699087171497227,0.2118739867427149,0.18606145226264736,-24.698714872888264,-9.5067135953307,0.6933365744070379,1
Rat_public_Margart,Rat_education_Terese,0.1699087171497227,0.34274185072172375,0.25950816622643147,-101.72116914972725,-52.7338741529984,1.4117145992912976,0
Rat_assembly_Kimberley,Rat_education_Terese,0.1699087171497227,0.1719630552869382,0.13292328645201898,-1.2090834253107998,21.767824110585416,1.456414207777205,0
Rat_public_Johnny,Rat_education_Terese,0.1699087171497227,0.29674508032444363,0.32677307991887083,-74.64970915115167,-92.32272799218421,2.1224398022458377,0
Rat_public_Frederick,Rat_education_Terese,0.1699087171497227,0.20011647190696036,0.19066554711664532,-17.778813979637516,-12.216459705614643,1.7093032848783074,0
Rat_health_Guy,Rat_education_Terese,0.1699087171497227,0.21965299943687222,0.22527456509658053,-29.277063073412013,-32.58564297090757,1.018093275746529,0
Rat_assembly_Suzanne,Rat_education_Terese,0.1699087171497227,0.3541906523257539,0.22715294630330438,-108.4593764625054,-33.691166712263716,3.0350397486494116,0
Rat_assembly_Pauline,Rat_education_Terese,0.1699087171497227,0.45776291221877535,0.3770336200370808,-169.41696688545827,-121.90363529426256,3.509112012005214,0
Rat_other_Hazel,Rat_education_Terese,0.1699087171497227,0.22696353333753555,0.19610548238036865,-33.57968746096555,-15.418140793542396,1.1114859926617315,0
Rat_education_Candida,Rat_education_Terese,0.1699087171497227,0.21525561074742522,0.1867005770150657,-26.688974149421114,-9.882871312921578,1.0358595868269707,1
Rat_education_Conrad,Rat_education_Terese,0.1699087171497227,0.44810143305996275,0.3730009514899484,-163.7306905596245,-119.53020289198102,0.45804241203519114,1
Rat_education_Alfonso,Rat_education_Terese,0.1699087171497227,0.1882963257056856,0.16904180334618937,-10.822051313447236,0.5102232646306193,0.5036228386378889,1
Rat_education_Kandice,Rat_education_Terese,0.1699087171497227,0.334993027548493,0.478447550130986,-97.16058903163803,-181.5909378618758,0.369731644653005,1
Rat_education_Liz,Rat_education_Terese,0.1699087171497227,0.2092700229471855,0.17998425639695864,-23.16614854008804,-5.929971938024484,0.640113912870742,1
Rat_assembly_Mirta,Rat_education_Terese,0.1699087171497227,0.18062923397259334,0.1644002386751709,-6.309574342453414,3.2420222852355214,0.49514128540564695,0
Rat_assembly_Gerald,Rat_education_Terese,0.1699087171497227,0.6280642229548202,0.6031185336305069,-269.64802835947097,-254.96620994380294,2.217802174163102,0
Rat_parking_Ronnie,Rat_education_Terese,0.1699087171497227,0.2898011384102235,0.24040309393238138,-70.56284296164287,-41.48955860842584,3.1081413859264977,0
Rat_education_Dreama,Rat_education_Terese,0.1699087171497227,0.22065693981948817,0.2595070448465283,-29.867933512231982,-52.733214163374576,0.35881640086587074,1
Rat_assembly_Kaitlyn,Rat_education_Terese,0.1699087171497227,0.2463327943684542,0.15029246715724556,-44.979491635727555,11.545169854464495,1.294698847765935,0
Rat_assembly_Ida,Rat_education_Terese,0.1699087171497227,0.182899702498052,0.21660878921989032,-7.645861593364707,-27.48538912751355,1.6760539666231609,0
Rat_public_Michelle,Rat_education_Terese,0.1699087171497227,0.3368735260519953,0.3099547227025381,-98.26735891081094,-82.42426162832339,1.09924109806905,0
Rat_lodging_Lorenzo,Rat_education_Terese,0.1699087171497227,0.29891432565594866,0.29518724287830034,-75.92642135750273,-73.73284186365956,2.850628883734763,0
Rat_office_Ramiro,Rat_education_Terese,0.1699087171497227,0.20376512712553396,0.21611769727425373,-19.926234829951177,-27.196356313968234,0.4706769880987003,0
Rat_public_Amber,Rat_education_Terese,0.1699087171497227,0.2639895237645182,0.2768963457466781,-55.37138305381468,-62.96771018680487,1.4312862110838065,0
Rat_public_Duane,Rat_education_Terese,0.1699087171497227,0.3930169637637625,0.240967312159672,-131.31065336538202,-41.82162999166948,0.3169696342458658,0
Rat_public_Alanna,Rat_education_Terese,0.1699087171497227,0.17290697570984523,0.14624524487072837,-1.7646290375322444,13.927167879292613,0.6325805534684183,0
Rat_office_Kasey,Rat_education_Terese,0.1699087171497227,0.2310219803754516,0.2220805435066073,-35.968291828062135,-30.705797343470646,1.1114859926617315,0
Rat_public_Dexter,Rat_education_Terese,0.1699087171497227,0.18516553451034273,0.12674612270348404,-8.979420018324198,25.403401997440778,2.114065965671567,0
Rat_public_Emilee,Rat_education_Terese,0.1699087171497227,0.37594589231515535,0.31063559316197237,-121.26345170617334,-82.8249888369423,1.3966377517799138,0
Rat_public_Roma,Rat_education_Terese,0.1699087171497227,0.2602590554120048,0.1959888329887106,-53.17581097541088,-15.349486639938684,1.4280461379636182,0
Rat_assembly_Deandre,Rat_education_Terese,0.1699087171497227,0.28461426751856955,0.35487838387947784,-67.51010324430202,-108.86414177723492,1.8238710662081417,0
Rat_education_Adell,Rat_education_Terese,0.1699087171497227,0.31061765563175975,0.16418402427245607,-82.81443167983257,3.369275557664327,0.3665423746304455,1
Rat_public_Tricia,Rat_education_Terese,0.1699087171497227,0.35560562790223577,0.31573628769149503,-109.29216220782709,-85.82700934247525,2.2833128160940372,0
Rat_public_Wilma,Rat_assembly_Deandre,0.637976734907672,0.6431576524879958,0.5506798256082869,-0.8120856603138638,13.683400118347382,0.20659007882677188,0
Rat_public_Jason,Rat_assembly_Deandre,0.637976734907672,0.6390550377995238,0.5451166209014746,-0.1690191558486512,14.555407576051522,0.6747847386042465,0
Rat_public_Carole,Rat_assembly_Deandre,0.637976734907672,0.6307882982032917,0.5372004708202691,1.1267553048655616,15.796228698212209,0.12142314366931362,0
Rat_health_Rosaria,Rat_assembly_Deandre,0.637976734907672,0.6233596742893383,0.7374460375273576,2.291158880652469,-15.591368333216845,0.15489112781194642,0
Rat_education_Tim,Rat_assembly_Deandre,0.637976734907672,0.6321624730968478,0.5571060252385889,0.9113595359657854,12.676122065922476,0.9290983038930782,0
Rat_public_Sean,Rat_assembly_Deandre,0.637976734907672,0.6377149029898893,0.9317453800421557,0.04104098213246305,-46.04692131555515,1.2669324825897337,0
Rat_education_Adrian,Rat_assembly_Deandre,0.637976734907672,0.644075713582529,0.510709147267816,-0.9559876310755477,19.948625189016365,1.1305344918011038,0
Rat_public_Margart,Rat_assembly_Deandre,0.637976734907672,0.6363615514784251,0.5394938541117067,0.25317277901688456,15.436751123881937,0.412156466916844,0
Rat_assembly_Kimberley,Rat_assembly_Deandre,0.637976734907672,0.627772475881148,0.5950527515852931,1.5994719663250352,6.728142418640212,0.36745685843093645,1
Rat_public_Johnny,Rat_assembly_Deandre,0.637976734907672,0.5919587418695917,0.7712144064166615,7.2131146043656305,-20.884409135745617,0.29856873603769585,0
Rat_public_Frederick,Rat_assembly_Deandre,0.637976734907672,0.6364528465319181,0.5349783407989237,0.23886268767691635,16.144537641118568,0.11456778132983414,0
Rat_health_Guy,Rat_assembly_Deandre,0.637976734907672,0.6081687099186172,0.6996918255670835,4.672274607845801,-9.673564455033443,2.8419643419546707,0
Rat_assembly_Suzanne,Rat_assembly_Deandre,0.637976734907672,0.64614343968104,0.5492381013690245,-1.2800944496118483,13.909383945088496,1.21116868244127,1
Rat_assembly_Pauline,Rat_assembly_Deandre,0.637976734907672,0.6516621856362812,0.557567695583373,-2.145133196838239,12.60375730408661,1.6852409457970725,1
Rat_other_Hazel,Rat_assembly_Deandre,0.637976734907672,0.6099985564932874,0.6749077959548757,4.38545434081286,-5.788778653903161,0.7123850735464101,0
Rat_education_Candida,Rat_assembly_Deandre,0.637976734907672,0.6256943133423197,0.665094566375881,1.925214650206613,-4.250598804693638,0.788011479381171,0
Rat_education_Conrad,Rat_assembly_Deandre,0.637976734907672,0.6914770460867068,0.45070654555893847,-8.385934510100485,29.353764659746613,2.281913478243333,0
Rat_education_Alfonso,Rat_assembly_Deandre,0.637976734907672,0.6288526861922172,0.6060723947275471,1.4301538310445183,5.000862638782915,1.3202482275702527,0
Rat_education_Kandice,Rat_assembly_Deandre,0.637976734907672,0.6041724450156181,0.850670560540995,5.298671259061841,-33.33880594628643,1.4541394215551366,0
Rat_education_Liz,Rat_assembly_Deandre,0.637976734907672,0.6552346480343295,0.6491844949094062,-2.705100700757535,-1.7567662562736188,1.1837571533373996,0
Rat_assembly_Mirta,Rat_assembly_Deandre,0.637976734907672,0.6461646406425642,0.5501723379654981,-1.2834176055145796,13.76294653673867,1.3287297808024947,1
Rat_assembly_Gerald,Rat_assembly_Deandre,0.637976734907672,0.5929524085129556,0.8530140800387246,7.057361801952284,-33.706142146730905,0.39393110795496034,1
Rat_parking_Ronnie,Rat_assembly_Deandre,0.637976734907672,0.6281161568330346,0.6675316310896069,1.5456015141468276,-4.632597799387157,1.2842703197183563,0
Rat_education_Dreama,Rat_assembly_Deandre,0.637976734907672,0.6002352540929979,0.724037693095192,5.915808328047581,-13.48967030905518,1.465054665342271,0
Rat_assembly_Kaitlyn,Rat_assembly_Deandre,0.637976734907672,0.6261300984587125,0.5716527128604387,1.8569072821556736,10.395993837742644,0.5291722184422066,1
Rat_assembly_Ida,Rat_assembly_Deandre,0.637976734907672,0.628517218061508,0.7093237061689575,1.4827369602330507,-11.183318663118765,0.14781709958498085,1
Rat_public_Michelle,Rat_assembly_Deandre,0.637976734907672,0.6470281002862844,0.7253779852367546,-1.4187610430531312,-13.699755108112402,0.7246299681390918,0
Rat_lodging_Lorenzo,Rat_assembly_Deandre,0.637976734907672,0.6487667756027455,0.45293719895280266,-1.691290623103213,29.004119716316662,1.0267578175266212,0
Rat_office_Ramiro,Rat_assembly_Deandre,0.637976734907672,0.6290421472110073,0.5139180730825406,1.4004566636678042,19.44564041870355,1.3531940781094414,0
Rat_public_Amber,Rat_assembly_Deandre,0.637976734907672,0.6435568062685503,0.6530546962806214,-0.8746512302969455,-2.363403012671214,0.39258485512433516,0
Rat_public_Duane,Rat_assembly_Deandre,0.637976734907672,0.6722136341346454,0.6304856098164274,-5.366480837569748,1.1742003558058784,1.5069014319622758,0
Rat_public_Alanna,Rat_assembly_Deandre,0.637976734907672,0.6259060432341124,0.5883348577611033,1.8920269365788933,7.781142231425246,2.4564516196765602,0
Rat_office_Kasey,Rat_assembly_Deandre,0.637976734907672,0.6247538269088583,0.6449177002791953,2.0726316925533936,-1.0879652801959492,0.7123850735464101,0
Rat_public_Dexter,Rat_assembly_Deandre,0.637976734907672,0.6238677150551972,0.5995147846524066,2.21152576269363,6.028738690734805,0.29019489946342536,0
Rat_public_Emilee,Rat_assembly_Deandre,0.637976734907672,0.6508676676661964,0.4960375290093601,-2.020596058317072,22.248335735762115,0.4272333144282278,0
Rat_public_Roma,Rat_assembly_Deandre,0.637976734907672,0.6333383620841986,0.6177990573197089,0.7270441960778904,3.1627607221262224,0.3958249282445234,0
Rat_education_Terese,Rat_assembly_Deandre,0.637976734907672,0.6333184488423075,0.5766216791203451,0.7301655076871582,9.617130599003147,1.8238710662081417,0
Rat_education_Adell,Rat_assembly_Deandre,0.637976734907672,0.6626288420347844,0.5701566680744105,-3.864107541583011,10.630492167253795,1.4573286915776962,0
Rat_public_Tricia,Rat_assembly_Deandre,0.637976734907672,0.6222471897596719,0.7817680340052279,2.4655358553594526,-22.538643061704327,0.4594417498858956,0
Rat_public_Wilma,Rat_education_Adell,0.268589893063559,0.4000785485102669,0.26169291641008,-48.955176215656216,2.5678466806071865,1.2507386127509244,0
Rat_public_Jason,Rat_education_Adell,0.268589893063559,0.4652231800364271,0.3468555301299635,-73.20948853661328,-29.139457249749807,0.7825439529734497,0
Rat_public_Carole,Rat_education_Adell,0.268589893063559,0.45191672438353725,0.289251440261878,-68.2552977809168,-7.692600403779763,1.5787518352470098,0
Rat_health_Rosaria,Rat_education_Adell,0.268589893063559,0.3940531038547745,0.41733620535695565,-46.711813821499945,-55.38045776659115,1.3024375637657497,0
Rat_education_Tim,Rat_education_Adell,0.268589893063559,0.36488779359392265,0.29905468901459026,-35.85313633062721,-11.342495282881721,0.5282303876846179,1
Rat_public_Sean,Rat_education_Adell,0.268589893063559,0.5493276031556092,0.6754296564224416,-104.52281241484265,-151.4724767631551,0.1903962089879625,0
Rat_education_Adrian,Rat_education_Adell,0.268589893063559,0.3683024570713104,0.3235537811624482,-37.124466177941926,-20.463870576798865,0.3267941997765924,1
Rat_public_Margart,Rat_education_Adell,0.268589893063559,0.43605798804624685,0.3773081941253575,-62.35085507966536,-40.47743562564784,1.0451722246608521,0
Rat_assembly_Kimberley,Rat_education_Adell,0.268589893063559,0.3951685985393815,0.2738524757317728,-47.12712903380507,-1.9593375641161754,1.0898718331467596,0
Rat_public_Johnny,Rat_education_Adell,0.268589893063559,0.4710832519678535,0.45721805811549254,-75.39128021335357,-70.22906294068802,1.755897427615392,0
Rat_public_Frederick,Rat_education_Adell,0.268589893063559,0.4576229014395659,0.31689819839617994,-70.37979211350078,-17.985898419933942,1.3427609102478621,0
Rat_health_Guy,Rat_education_Adell,0.268589893063559,0.4400563141614314,0.3418149760679174,-63.839491181932374,-27.262784228083525,1.3846356503769746,0
Rat_assembly_Suzanne,Rat_education_Adell,0.268589893063559,0.5027958041032617,0.30709938799433095,-87.19833362615783,-14.337656004672915,2.6684973740189664,0
Rat_assembly_Pauline,Rat_education_Adell,0.268589893063559,0.5907861419610735,0.5051582671300254,-119.95844118425933,-88.07791364304424,3.142569637374769,0
Rat_other_Hazel,Rat_education_Adell,0.268589893063559,0.447543703875247,0.3137027673539435,-66.62715739990277,-16.796192059136406,0.7449436180312861,0
Rat_education_Candida,Rat_education_Adell,0.268589893063559,0.3399557236529292,0.32043962978373347,-26.570556983870645,-19.30442583999419,0.6693172121965252,1
Rat_education_Conrad,Rat_education_Adell,0.268589893063559,0.4620582601439491,0.501435217616753,-72.03114192930848,-86.69176710163609,0.8245847866656366,1
Rat_education_Alfonso,Rat_education_Adell,0.268589893063559,0.28606297850484885,0.281353701040035,-6.505488811209665,-4.752154979061535,0.13708046400744345,1
Rat_education_Kandice,Rat_education_Adell,0.268589893063559,0.5041085819419611,0.5993304628080554,-87.68710028216475,-123.13961853591789,0.0031892700225595316,1
Rat_education_Liz,Rat_education_Adell,0.268589893063559,0.30510534481639673,0.3259718974725957,-13.59524416065675,-21.364171136349434,0.27357153824029656,1
Rat_assembly_Mirta,Rat_education_Adell,0.268589893063559,0.34595432312649615,0.27942598875450514,-28.803924518719565,-4.034439109881872,0.12859891077520147,0
Rat_assembly_Gerald,Rat_education_Adell,0.268589893063559,0.7308667696558699,0.6641831968556771,-172.11253607480975,-147.28525309718376,1.8512597995326565,0
Rat_parking_Ronnie,Rat_education_Adell,0.268589893063559,0.385717873667778,0.3213482456806996,-43.608484023075974,-19.642717011937545,2.7415990112960524,0
Rat_education_Dreama,Rat_education_Adell,0.268589893063559,0.44144817876588727,0.36737421170812967,-64.35770301357658,-36.77886666464936,0.007725973764574734,1
Rat_assembly_Kaitlyn,Rat_education_Adell,0.268589893063559,0.47543554831876844,0.26920752866100167,-77.01170468326653,-0.229954891599923,0.9281564731354895,0
Rat_assembly_Ida,Rat_education_Adell,0.268589893063559,0.3994403316962061,0.35224637505868156,-48.717558631918685,-31.146548755401643,1.3095115919927154,0
Rat_public_Michelle,Rat_education_Adell,0.268589893063559,0.3422209100958323,0.402127407434586,-27.41391948611009,-49.71799677489233,0.7326987234386044,0
Rat_lodging_Lorenzo,Rat_education_Adell,0.268589893063559,0.5148961072319083,0.37219189546119685,-91.70345591152362,-38.57256176542782,2.4840865091043174,0
Rat_office_Ramiro,Rat_education_Adell,0.268589893063559,0.41460355478673183,0.3201397760873574,-54.363051437911025,-19.192785862422465,0.10413461346825481,0
Rat_public_Amber,Rat_education_Adell,0.268589893063559,0.3926244054020075,0.3835192253524043,-46.17988820193506,-42.78989465238308,1.064743836453361,0
Rat_public_Duane,Rat_education_Adell,0.268589893063559,0.4993302980933436,0.3795592081587825,-85.9080743500584,-41.3155215296816,0.049572740384579705,0
Rat_public_Alanna,Rat_education_Adell,0.268589893063559,0.44471466830859124,0.2703548178962091,-65.57386550779634,-0.6571076865622825,0.9991229280988638,0
Rat_office_Kasey,Rat_education_Adell,0.268589893063559,0.24263601438519836,0.3225135761812703,9.663013891672739,-20.076586837521397,0.7449436180312861,0
Rat_public_Dexter,Rat_education_Adell,0.268589893063559,0.46419297147075106,0.2726541527362937,-72.82592661106001,-1.5131841434453734,1.7475235910411215,0
Rat_public_Emilee,Rat_education_Adell,0.268589893063559,0.44486791659975605,0.4086089901239328,-65.63092211905482,-52.13118612294162,1.0300953771494683,0
Rat_public_Roma,Rat_education_Adell,0.268589893063559,0.40131766724421736,0.3412760260323884,-49.41651849470363,-27.062125137980882,1.0615037633331728,0
Rat_education_Terese,Rat_education_Adell,0.268589893063559,0.32761184207498445,0.25649627045152673,-21.974746829903424,4.502635029967585,0.3665423746304455,1
Rat_assembly_Deandre,Rat_education_Adell,0.268589893063559,0.5193383829143129,0.402485889034883,-93.3573810208178,-49.851464790463616,1.4573286915776962,0
Rat_public_Tricia,Rat_education_Adell,0.268589893063559,0.4761086408209768,0.4902317562117897,-77.26230700285906,-82.52055228890592,1.9167704414635918,0
Rat_public_Wilma,Rat_public_Tricia,0.3393316101651622,0.8233642759372921,0.6137077395676092,-142.64296377709627,-80.85781612532365,0.6660318287126674,1
Rat_public_Jason,Rat_public_Tricia,0.3393316101651622,0.8172327968895221,0.7390885523303103,-140.83603543205183,-117.80716272515113,1.134226488490142,1
Rat_public_Carole,Rat_public_Tricia,0.3393316101651622,0.8251896343023356,0.7244572142775472,-143.1808913707428,-113.49535161930051,0.338018606216582,1
Rat_health_Rosaria,Rat_public_Tricia,0.3393316101651622,0.8342075405929472,0.46760307112576976,-145.83844110099704,-37.80121188773843,0.6143328776978421,0
Rat_education_Tim,Rat_public_Tricia,0.3393316101651622,0.8978857858228577,0.6105431524717938,-164.60422752417068,-79.9252218720871,1.3885400537789738,0
Rat_public_Sean,Rat_public_Tricia,0.3393316101651622,1.0516133784665116,0.8565293342518645,-209.90728448630583,-152.41660623216552,1.7263742324756293,1
Rat_education_Adrian,Rat_public_Tricia,0.3393316101651622,0.9473859674856915,0.790336671123011,-179.19178146255578,-132.90982845315588,1.5899762416869994,0
Rat_public_Margart,Rat_public_Tricia,0.3393316101651622,0.9822624020510613,0.6985440433621092,-189.46976132667587,-105.85881846436533,0.8715982168027396,1
Rat_assembly_Kimberley,Rat_public_Tricia,0.3393316101651622,0.8652522823093788,0.5275784061006246,-154.98723266253805,-55.4757618495481,0.826898608316832,0
Rat_public_Johnny,Rat_public_Tricia,0.3393316101651622,0.8599644685340552,0.3836624477653733,-153.428929923589,-13.06416386573417,0.16087301384819974,1
Rat_public_Frederick,Rat_public_Tricia,0.3393316101651622,0.8181874882326362,0.7199524879215246,-141.11738008563404,-112.16782237620112,0.5740095312157297,1
Rat_health_Guy,Rat_public_Tricia,0.3393316101651622,0.8341431781574504,0.3182727377253922,-145.81947368576996,6.2059860646404434,3.3014060918405663,0
Rat_assembly_Suzanne,Rat_public_Tricia,0.3393316101651622,0.9445905133442013,0.6834443427976616,-178.36796957537865,-101.40898234178952,0.7517269325553744,0
Rat_assembly_Pauline,Rat_public_Tricia,0.3393316101651622,1.0360915598188394,0.814778370403903,-205.33305144031365,-140.1127233644185,1.225799195911177,0
Rat_other_Hazel,Rat_public_Tricia,0.3393316101651622,0.8072255475685577,0.2553502647878306,-137.88692930070923,24.749048677326442,1.1718268234323057,0
Rat_education_Candida,Rat_public_Tricia,0.3393316101651622,0.7845334748625737,0.2847617380069518,-131.1996440534141,16.08157640593805,1.2474532292670666,0
Rat_education_Conrad,Rat_public_Tricia,0.3393316101651622,1.1915574223614653,1.0627766423960514,-251.1483712883397,-213.19706462913027,2.7413552281292284,0
Rat_education_Alfonso,Rat_public_Tricia,0.3393316101651622,0.8277613583621763,0.4282985181087747,-143.93877067900678,-26.218278898423215,1.7796899774561483,0
Rat_education_Kandice,Rat_public_Tricia,0.3393316101651622,0.9233210243928283,0.7265539175555493,-172.09991546128637,-114.11324373874723,1.9135811714410322,0
Rat_education_Liz,Rat_public_Tricia,0.3393316101651622,0.8586849021396143,0.38609425244038853,-153.0518455742064,-13.780809354149357,1.6431989032232952,0
Rat_assembly_Mirta,Rat_public_Tricia,0.3393316101651622,0.9230985255371182,0.6576784343556997,-172.0343457209366,-93.81584699273644,1.7881715306883903,0
Rat_assembly_Gerald,Rat_public_Tricia,0.3393316101651622,1.1970027602788709,1.0194747246206977,-252.75309591589655,-200.43612032621735,0.06551064193093525,0
Rat_parking_Ronnie,Rat_public_Tricia,0.3393316101651622,0.7936249688275309,0.3790546762906227,-133.87887984890395,-11.706267537564853,0.8248285698324607,0
Rat_education_Dreama,Rat_public_Tricia,0.3393316101651622,0.8608839935848704,0.28968866779797253,-153.69991117710904,14.629625086512593,1.9244964152281665,0
Rat_assembly_Kaitlyn,Rat_public_Tricia,0.3393316101651622,0.9184624593423357,0.5678946130842735,-170.66811102428514,-67.35682620545231,0.9886139683281022,0
Rat_assembly_Ida,Rat_public_Tricia,0.3393316101651622,0.7790001618414747,0.35317894181669407,-129.5689934286739,-4.080766788803425,0.6072588494708764,0
Rat_public_Michelle,Rat_public_Tricia,0.3393316101651622,0.8668486801420755,0.5353283104065394,-155.45768627925818,-57.759635227021754,1.1840717180249873,1
Rat_lodging_Lorenzo,Rat_public_Tricia,0.3393316101651622,0.9428448901969297,1.0390888416934363,-177.85353970943663,-206.2163413504809,0.5673160676407256,0
Rat_office_Ramiro,Rat_public_Tricia,0.3393316101651622,0.8844329237441672,0.7381231783171465,-160.63970972633194,-117.52266992099003,1.812635827995337,0
Rat_public_Amber,Rat_public_Tricia,0.3393316101651622,0.8130356739481542,0.6009518734809906,-139.59915598562333,-77.09870093991256,0.8520266050102308,1
Rat_public_Duane,Rat_public_Tricia,0.3393316101651622,0.8651549277659137,0.5622768766312454,-154.95854257280027,-65.7012962504641,1.9663431818481714,1
Rat_public_Alanna,Rat_public_Tricia,0.3393316101651622,0.8193905250848634,0.5475369357932776,-141.4719114102111,-61.35748023202906,2.915893369562456,1
Rat_office_Kasey,Rat_public_Tricia,0.3393316101651622,0.8086640121846602,0.5202740620721827,-138.3108404757991,-53.32319373928964,1.1718268234323057,0
Rat_public_Dexter,Rat_public_Tricia,0.3393316101651622,0.7438265489141404,0.49156845538641697,-119.20343599940455,-44.86373820203688,0.16924685042247023,1
Rat_public_Emilee,Rat_public_Tricia,0.3393316101651622,1.0596985170825335,0.8508297228753307,-212.28995040183509,-150.7369479846596,0.8866750643141235,1
Rat_public_Roma,Rat_public_Tricia,0.3393316101651622,0.9308785342031222,0.6146681343555767,-174.3270907623482,-81.14084156686742,0.855266678130419,1
Rat_education_Terese,Rat_public_Tricia,0.3393316101651622,0.8131865875616905,0.4783056363068421,-139.6436297714468,-40.955225501696496,2.2833128160940372,0
Rat_assembly_Deandre,Rat_public_Tricia,0.3393316101651622,0.9420064885800195,1.1444759487515654,-177.6064652867201,-237.27360330342253,0.4594417498858956,0
Rat_education_Adell,Rat_public_Tricia,0.3393316101651622,0.9749746277842813,0.6478341616476653,-187.32207627510263,-90.91476957668229,1.9167704414635918,0
