donor,receiver,err_transfer,err_own,loss_pct,d_log_sqm,d_year,same_use
Rat_public_Wilma,Rat_public_Jason,0.26821632341962837,0.2924230314421531,-8.277975884164677,0.46819465977747454,0.0,1
Rat_public_Wilma,Rat_public_Carole,0.19571807151440473,0.13088117615001693,49.53874748960943,0.3280132224960855,0.0,1
Rat_public_Wilma,Rat_health_Rosaria,0.43572624800566806,0.20519341448034364,112.34904107870778,0.05169895101482547,2.0975037562703465,0
Rat_public_Wilma,Rat_education_Tim,0.2263795095166751,0.1853940521540006,22.107212656762723,0.7225082250663064,0.22313869747556878,0
Rat_public_Wilma,Rat_public_Sean,0.6886972860331889,0.2018872934911357,241.12958479153997,1.0603424037629618,0.0,1
Rat_public_Wilma,Rat_education_Adrian,0.2595509773856082,0.15745030610544986,64.84628312616807,0.9239444129743319,1.7404818403094366,0
Rat_public_Wilma,Rat_public_Margart,0.24461996024317587,0.1915978872677605,27.67362090027451,0.2055663880900721,0.0,1
Rat_public_Wilma,Rat_assembly_Kimberley,0.12971457263950492,0.1169981354484951,10.868922946731782,0.1608667796041646,0.0,0
Rat_public_Wilma,Rat_public_Johnny,0.2798538991511684,0.18738885008266776,49.343943904724895,0.5051588148644677,0.0,1
Rat_public_Wilma,Rat_public_Frederick,0.21477667824587765,0.12812148595880132,67.63517581660045,0.09202229749693774,0.0,1
Rat_public_Wilma,Rat_health_Guy,0.1804771217927336,0.19945687684606464,-9.51571856205244,2.6353742631278987,1.8297373192996642,0
Rat_public_Wilma,Rat_assembly_Suzanne,0.3407884514586495,0.2335235407647517,45.93323240244757,1.4177587612680418,0.0,0
Rat_public_Wilma,Rat_assembly_Pauline,0.5395890008313886,0.3739749987409571,44.28477910234532,1.8918310246238443,0.0,0
Rat_public_Wilma,Rat_other_Hazel,0.18791428976954463,0.07793774482728459,141.10819499072707,0.5057949947196382,0.0,0
Rat_public_Wilma,Rat_education_Candida,0.3510449788839283,0.18763596228911222,87.0883249678082,0.5814214005543992,2.365270193241029,0
Rat_public_Wilma,Rat_education_Conrad,0.632229172668897,0.307625192578067,105.5193098362561,2.0753233994165607,2.2760147142508016,0
Rat_public_Wilma,Rat_education_Alfonso,0.40127659817208317,0.3160769552774824,26.95534788982145,1.113658148743481,1.6958541008143229,0
Rat_public_Wilma,Rat_education_Kandice,0.6082921162753846,0.5170953693209811,17.636349572063978,1.2475493427283648,0.0,0
Rat_public_Wilma,Rat_education_Liz,0.3383450565168331,0.24012520093798506,40.903601619146336,0.9771670745106278,2.3206424537459154,0
Rat_public_Wilma,Rat_assembly_Mirta,0.21215486776945666,0.19766323862344218,7.3314741005644075,1.1221397019757229,1.651226361319209,0
Rat_public_Wilma,Rat_assembly_Gerald,0.6516574397080805,0.8002916490610287,-18.572505351934964,0.6005211867817322,0.0,0
Rat_public_Wilma,Rat_parking_Ronnie,0.40220072569794324,0.20341562486836928,97.72361437731651,1.490860398545128,0.0,0
Rat_public_Wilma,Rat_education_Dreama,0.21108881121477285,0.2755245537605945,-23.386569968573607,1.258464586515499,0.0,0
Rat_public_Wilma,Rat_assembly_Kaitlyn,0.190249947364142,0.09366511070297816,103.11719693306554,0.3225821396154348,0.0,0
Rat_public_Wilma,Rat_assembly_Ida,0.22504309295638514,0.22604554080308642,-0.44347163104382487,0.058772979241791035,0.0,0
Rat_public_Wilma,Rat_public_Michelle,0.4195282510990697,0.21179766833895156,98.07973071151822,0.5180398893123199,0.04462773949511376,1
Rat_public_Wilma,Rat_lodging_Lorenzo,0.46832748304321226,0.3164100815559401,48.01281954741185,1.233347896353393,0.0,0
Rat_public_Wilma,Rat_office_Ramiro,0.293857679698876,0.37759805683497755,-22.177120782350524,1.1466039992826695,0.0,0
Rat_public_Wilma,Rat_public_Amber,0.3579174000925833,0.34373344096304037,4.126441433746934,0.18599477629756325,0.0,1
Rat_public_Wilma,Rat_public_Duane,0.6387783609699402,0.36795063698313035,73.60436340248181,1.300311353135504,0.0,1
Rat_public_Wilma,Rat_public_Alanna,0.21594631953404916,0.19608913462753244,10.126611525026648,2.249861540849788,0.5801606134364788,1
Rat_public_Wilma,Rat_office_Kasey,0.3868732886107942,0.16803394575157518,130.23519853705963,0.5057949947196382,0.0,0
Rat_public_Wilma,Rat_public_Dexter,0.20809286052563444,0.09239349181476958,125.22458718501395,0.49678497829019724,0.0,1
Rat_public_Wilma,Rat_public_Emilee,0.3150029149497587,0.19299349423673734,63.219447471818555,0.22064323560145593,0.0,1
Rat_public_Wilma,Rat_public_Roma,0.3440810504190447,0.36230122147013455,-5.0290117646185735,0.18923484941775154,2.1421314957654602,1
Rat_public_Wilma,Rat_education_Terese,0.17074440411211614,0.10075470200165566,69.46544500653712,1.6172809873813698,1.0710657478827301,0
Rat_public_Wilma,Rat_assembly_Deandre,0.3432973128422338,0.25731217291926384,33.41666231622446,0.20659007882677188,0.0,0
Rat_public_Wilma,Rat_education_Adell,0.40485104127301796,0.1975759611611889,104.90905821418595,1.2507386127509244,0.5801606134364788,0
Rat_public_Wilma,Rat_public_Tricia,0.4205876120028187,0.16674423112866849,152.23518028535062,0.6660318287126674,0.0,1
Rat_public_Jason,Rat_public_Wilma,0.281494673846839,0.16250505327587528,73.22210489600101,0.46819465977747454,0.0,1
Rat_public_Jason,Rat_public_Carole,0.22380182288343425,0.13088117615001693,70.99618865505228,0.7962078822735601,0.0,1
Rat_public_Jason,Rat_health_Rosaria,0.4372982458338806,0.20519341448034364,113.11514647843208,0.5198936107923,2.0975037562703465,0
Rat_public_Jason,Rat_education_Tim,0.3053942949489574,0.1853940521540006,64.7271265721495,0.25431356528883187,0.22313869747556878,0
Rat_public_Jason,Rat_public_Sean,0.7311099791809385,0.2018872934911357,262.1376890730567,0.5921477439854872,0.0,1
Rat_public_Jason,Rat_education_Adrian,0.29937962753006647,0.15745030610544986,90.14229628080983,0.45574975319685734,1.7404818403094366,0
Rat_public_Jason,Rat_public_Margart,0.35545663676601086,0.1915978872677605,85.52221104048796,0.26262827168740244,0.0,1
Rat_public_Jason,Rat_assembly_Kimberley,0.22837834319801723,0.1169981354484951,95.19827587214318,0.30732788017331,0.0,0
Rat_public_Jason,Rat_public_Johnny,0.375880771181611,0.18738885008266776,100.58865349554623,0.9733534746419423,0.0,1
Rat_public_Jason,Rat_public_Frederick,0.2019959307159968,0.12812148595880132,57.659684637868246,0.5602169572744123,0.0,1
Rat_public_Jason,Rat_health_Guy,0.2458893354702566,0.19945687684606464,23.27944734641928,2.1671796033504243,1.8297373192996642,0
Rat_public_Jason,Rat_assembly_Suzanne,0.36343308786783657,0.2335235407647517,55.63017187802659,1.8859534210455164,0.0,0
Rat_public_Jason,Rat_assembly_Pauline,0.5463582530086525,0.3739749987409571,46.09486057839414,2.360025684401319,0.0,0
Rat_public_Jason,Rat_other_Hazel,0.28397010698951003,0.07793774482728459,264.3550472480405,0.037600334942163624,0.0,0
Rat_public_Jason,Rat_education_Candida,0.4507940808256061,0.18763596228911222,140.2492972701129,0.11322674077692456,2.365270193241029,0
Rat_public_Jason,Rat_education_Conrad,0.6534724753763792,0.307625192578067,112.42488948968168,1.6071287396390863,2.2760147142508016,0
Rat_public_Jason,Rat_education_Alfonso,0.533463264525731,0.3160769552774824,68.77638676866088,0.6454634889660062,1.6958541008143229,0
Rat_public_Jason,Rat_education_Kandice,0.6934870722137181,0.5170953693209811,34.112025239050986,0.7793546829508902,0.0,0
Rat_public_Jason,Rat_education_Liz,0.37858487003698016,0.24012520093798506,57.661448510251866,0.5089724147331531,2.3206424537459154,0
Rat_public_Jason,Rat_assembly_Mirta,0.27451095254715896,0.19766323862344218,38.878101188109795,0.6539450421982482,1.651226361319209,0
Rat_public_Jason,Rat_assembly_Gerald,0.6709862864181779,0.8002916490610287,-16.15728001092639,1.0687158465592068,0.0,0
Rat_public_Jason,Rat_parking_Ronnie,0.42837934618542395,0.20341562486836928,110.59313730822262,1.9590550583226027,0.0,0
Rat_public_Jason,Rat_education_Dreama,0.2540311646082602,0.2755245537605945,-7.800897908725066,0.7902699267380244,0.0,0
Rat_public_Jason,Rat_assembly_Kaitlyn,0.26303458700420257,0.09366511070297816,180.82450875258417,0.14561252016203977,0.0,0
Rat_public_Jason,Rat_assembly_Ida,0.24680643702322452,0.22604554080308642,9.18438653838494,0.5269676390192656,0.0,0
Rat_public_Jason,Rat_public_Michelle,0.4676440464744289,0.21179766833895156,120.79754236294625,0.04984522953484534,0.04462773949511376,1
Rat_public_Jason,Rat_lodging_Lorenzo,0.4170973086748022,0.3164100815559401,31.8217506293525,1.7015425561308677,0.0,0
Rat_public_Jason,Rat_office_Ramiro,0.39312591712180955,0.37759805683497755,4.112272297422913,0.6784093395051949,0.0,0
Rat_public_Jason,Rat_public_Amber,0.4137863366742312,0.34373344096304037,20.380005947318697,0.2821998834799113,0.0,1
Rat_public_Jason,Rat_public_Duane,0.6497153661840138,0.36795063698313035,76.5767744040627,0.8321166933580294,0.0,1
Rat_public_Jason,Rat_public_Alanna,0.2813392180675938,0.19608913462753244,43.47516939273167,1.7816668810723135,0.5801606134364788,1
Rat_public_Jason,Rat_office_Kasey,0.44744277018492873,0.16803394575157518,166.28117799866303,0.037600334942163624,0.0,0
Rat_public_Jason,Rat_public_Dexter,0.2389707138161742,0.09239349181476958,158.64453125687962,0.9649796380676718,0.0,1
Rat_public_Jason,Rat_public_Emilee,0.41805455844576045,0.19299349423673734,116.61588132755905,0.2475514241760186,0.0,1
Rat_public_Jason,Rat_public_Roma,0.4227119815809517,0.36230122147013455,16.67418063502084,0.278959810359723,2.1421314957654602,1
Rat_public_Jason,Rat_education_Terese,0.24574439590578487,0.10075470200165566,143.90365017579688,1.1490863276038952,1.0710657478827301,0
Rat_public_Jason,Rat_assembly_Deandre,0.3296759396608979,0.25731217291926384,28.122947282536636,0.6747847386042465,0.0,0
Rat_public_Jason,Rat_education_Adell,0.47674268691568883,0.1975759611611889,141.29589658265496,0.7825439529734497,0.5801606134364788,0
Rat_public_Jason,Rat_public_Tricia,0.47408196056012675,0.16674423112866849,184.31685903082342,1.134226488490142,0.0,1
Rat_public_Carole,Rat_public_Wilma,0.19472097791232448,0.16250505327587528,19.824567905441146,0.3280132224960855,0.0,1
Rat_public_Carole,Rat_public_Jason,0.2388569448466508,0.2924230314421531,-18.31801220694845,0.7962078822735601,0.0,1
Rat_public_Carole,Rat_health_Rosaria,0.47740391745018523,0.20519341448034364,132.6604480261806,0.27631427148126003,2.0975037562703465,0
Rat_public_Carole,Rat_education_Tim,0.24961244049399794,0.1853940521540006,34.638861168347134,1.0505214475623919,0.22313869747556878,0
Rat_public_Carole,Rat_public_Sean,0.744756742785069,0.2018872934911357,268.8972841759202,1.3883556262590473,0.0,1
Rat_public_Carole,Rat_education_Adrian,0.2737908282835016,0.15745030610544986,73.89031184235013,1.2519576354704174,1.7404818403094366,0
Rat_public_Carole,Rat_public_Margart,0.3098650073146072,0.1915978872677605,61.72673495171003,0.5335796105861577,0.0,1
Rat_public_Carole,Rat_assembly_Kimberley,0.14144780403670257,0.1169981354484951,20.897485668881185,0.48888000210025007,0.0,0
Rat_public_Carole,Rat_public_Johnny,0.2707399210888026,0.18738885008266776,44.480272422486195,0.17714559236838223,0.0,1
Rat_public_Carole,Rat_public_Frederick,0.13150931457117243,0.12812148595880132,2.644231439417192,0.23599092499914776,0.0,1
Rat_public_Carole,Rat_health_Guy,0.16202431306481563,0.19945687684606464,-18.767246521230973,2.9633874856239846,1.8297373192996642,0
Rat_public_Carole,Rat_assembly_Suzanne,0.33811741215748337,0.2335235407647517,44.78943366917258,1.0897455387719563,0.0,0
Rat_public_Carole,Rat_assembly_Pauline,0.5472208707859276,0.3739749987409571,46.32552246225784,1.563817802127759,0.0,0
Rat_public_Carole,Rat_other_Hazel,0.18998309595057106,0.07793774482728459,143.76262922616849,0.8338082172157237,0.0,0
Rat_public_Carole,Rat_education_Candida,0.3885127996331683,0.18763596228911222,107.05668300117337,0.9094346230504846,2.365270193241029,0
Rat_public_Carole,Rat_education_Conrad,0.6418301021138708,0.307625192578067,108.64029266751021,2.403336621912646,2.2760147142508016,0
Rat_public_Carole,Rat_education_Alfonso,0.4355359606259342,0.3160769552774824,37.79427868873873,1.4416713712395663,1.6958541008143229,0
Rat_public_Carole,Rat_education_Kandice,0.624912722620804,0.5170953693209811,20.85057412937235,1.5755625652244503,0.0,0
Rat_public_Carole,Rat_education_Liz,0.38732473503828435,0.24012520093798506,61.301160196973726,1.3051802970067132,2.3206424537459154,0
Rat_public_Carole,Rat_assembly_Mirta,0.22330823024820842,0.19766323862344218,12.97408248663838,1.4501529244718083,1.651226361319209,0
Rat_public_Carole,Rat_assembly_Gerald,0.6678543313521526,0.8002916490610287,-16.548631722480554,0.2725079642856467,0.0,0
Rat_public_Carole,Rat_parking_Ronnie,0.42288970907549933,0.20341562486836928,107.89440798815345,1.1628471760490426,0.0,0
Rat_public_Carole,Rat_education_Dreama,0.19655499408607524,0.2755245537605945,-28.661532555511016,1.5864778090115845,0.0,0
Rat_public_Carole,Rat_assembly_Kaitlyn,0.18466372657912988,0.09366511070297816,97.153161079068,0.6505953621115202,0.0,0
Rat_public_Carole,Rat_assembly_Ida,0.22660342759565036,0.22604554080308642,0.24680283034201805,0.26924024325429446,0.0,0
Rat_public_Carole,Rat_public_Michelle,0.44732162990792385,0.21179766833895156,111.20233920236092,0.8460531118084054,0.04462773949511376,1
Rat_public_Carole,Rat_lodging_Lorenzo,0.3837888159773146,0.3164100815559401,21.294749550975432,0.9053346738573076,0.0,0
Rat_public_Carole,Rat_office_Ramiro,0.33383921207133777,0.37759805683497755,-11.5887367457412,1.474617221778755,0.0,0
Rat_public_Carole,Rat_public_Amber,0.3946552412872145,0.34373344096304037,14.814328271787053,0.5140079987936488,0.0,1
Rat_public_Carole,Rat_public_Duane,0.6419515758830716,0.36795063698313035,74.46676574512998,1.6283245756315896,0.0,1
Rat_public_Carole,Rat_public_Alanna,0.17532169499765216,0.19608913462753244,-10.590816094592718,2.5778747633458736,0.5801606134364788,1
Rat_public_Carole,Rat_office_Kasey,0.4276108918081333,0.16803394575157518,154.47887323929297,0.8338082172157237,0.0,0
Rat_public_Carole,Rat_public_Dexter,0.17022762578095024,0.09239349181476958,84.24200929890439,0.16877175579411174,0.0,1
Rat_public_Carole,Rat_public_Emilee,0.3798638923339267,0.19299349423673734,96.82730437947457,0.5486564580975415,0.0,1
Rat_public_Carole,Rat_public_Roma,0.4010391227096857,0.36230122147013455,10.69218068941687,0.517248071913837,2.1421314957654602,1
Rat_public_Carole,Rat_education_Terese,0.20035882445471342,0.10075470200165566,98.85803885502138,1.9452942098774553,1.0710657478827301,0
Rat_public_Carole,Rat_assembly_Deandre,0.24655739459287437,0.25731217291926384,-4.179661694343532,0.12142314366931362,0.0,0
Rat_public_Carole,Rat_education_Adell,0.46551809214410994,0.1975759611611889,135.61474250621268,1.5787518352470098,0.5801606134364788,0
Rat_public_Carole,Rat_public_Tricia,0.43236625848577886,0.16674423112866849,159.29908072930132,0.338018606216582,0.0,1
Rat_health_Rosaria,Rat_public_Wilma,0.35668754111942735,0.16250505327587528,119.49319970616537,0.05169895101482547,2.0975037562703465,0
Rat_health_Rosaria,Rat_public_Jason,0.34862634727555447,0.2924230314421531,19.219866354651167,0.5198936107923,2.0975037562703465,0
Rat_health_Rosaria,Rat_public_Carole,0.3442420220613178,0.13088117615001693,163.01874126401887,0.27631427148126003,2.0975037562703465,0
Rat_health_Rosaria,Rat_education_Tim,0.3919184260777683,0.1853940521540006,111.39751870368248,0.7742071760811319,1.8743650587947778,0
Rat_health_Rosaria,Rat_public_Sean,0.5624508483408533,0.2018872934911357,178.59645776347432,1.1120413547777872,2.0975037562703465,0
Rat_health_Rosaria,Rat_education_Adrian,0.3933908028150762,0.15745030610544986,149.85077040854333,0.9756433639891573,3.837985596579783,0
Rat_health_Rosaria,Rat_public_Margart,0.43206168702773495,0.1915978872677605,125.50441092490921,0.2572653391048976,2.0975037562703465,0
Rat_health_Rosaria,Rat_assembly_Kimberley,0.34103619666119933,0.1169981354484951,191.4885740305923,0.21256573061899006,2.0975037562703465,0
Rat_health_Rosaria,Rat_public_Johnny,0.35301022579464975,0.18738885008266776,88.38379425398955,0.45345986384964226,2.0975037562703465,0
Rat_health_Rosaria,Rat_public_Frederick,0.41529336500974723,0.12812148595880132,224.14029692356885,0.04032334648211228,2.0975037562703465,0
Rat_health_Rosaria,Rat_health_Guy,0.3708679483843068,0.19945687684606464,85.93891283604754,2.6870732141427243,3.9272410755700107,1
Rat_health_Rosaria,Rat_assembly_Suzanne,0.448443909198207,0.2335235407647517,92.0337057795655,1.3660598102532164,2.0975037562703465,0
Rat_health_Rosaria,Rat_assembly_Pauline,0.5930002961106969,0.3739749987409571,58.56682882736048,1.840132073609019,2.0975037562703465,0
Rat_health_Rosaria,Rat_other_Hazel,0.3334998900005837,0.07793774482728459,327.90549141451606,0.5574939457344636,2.0975037562703465,0
Rat_health_Rosaria,Rat_education_Candida,0.31804080439907334,0.18763596228911222,69.49885326834705,0.6331203515692245,0.2677664369706827,0
Rat_health_Rosaria,Rat_education_Conrad,0.7282810675257942,0.307625192578067,136.74298630173996,2.1270223504313863,0.17851095798045513,0
Rat_health_Rosaria,Rat_education_Alfonso,0.4977047890252003,0.3160769552774824,57.46316860976711,1.1653570997583063,3.7933578570846693,0
Rat_health_Rosaria,Rat_education_Kandice,0.6338314874423004,0.5170953693209811,22.575355543139032,1.2992482937431902,2.0975037562703465,0
Rat_health_Rosaria,Rat_education_Liz,0.30883325041935494,0.24012520093798506,28.613427167569338,1.0288660255254531,4.418146210016262,0
Rat_health_Rosaria,Rat_assembly_Mirta,0.37991751244999833,0.19766323862344218,92.20443573413222,1.1738386529905482,3.7487301175895555,0
Rat_health_Rosaria,Rat_assembly_Gerald,0.7365910046948262,0.8002916490610287,-7.9596787547316765,0.5488222357669068,2.0975037562703465,0
Rat_health_Rosaria,Rat_parking_Ronnie,0.26309981240417263,0.20341562486836928,29.341004445663955,1.4391614475303027,2.0975037562703465,0
Rat_health_Rosaria,Rat_education_Dreama,0.38776667169838325,0.2755245537605945,40.73760991745108,1.3101635375303244,2.0975037562703465,0
Rat_health_Rosaria,Rat_assembly_Kaitlyn,0.4040585199279015,0.09366511070297816,331.3863688361115,0.37428109063026027,2.0975037562703465,0
Rat_health_Rosaria,Rat_assembly_Ida,0.31128771497595303,0.22604554080308642,37.71017728110066,0.0070740282269655674,2.0975037562703465,0
Rat_health_Rosaria,Rat_public_Michelle,0.4814406977929676,0.21179766833895156,127.31161375322195,0.5697388403271454,2.1421314957654602,0
Rat_health_Rosaria,Rat_lodging_Lorenzo,0.5894251756875591,0.3164100815559401,86.28520709235083,1.1816489453385677,2.0975037562703465,0
Rat_health_Rosaria,Rat_office_Ramiro,0.4593488884501862,0.37759805683497755,21.650225718967715,1.198302950297495,2.0975037562703465,0
Rat_health_Rosaria,Rat_public_Amber,0.3744199826517876,0.34373344096304037,8.927423995399614,0.23769372731238872,2.0975037562703465,0
Rat_health_Rosaria,Rat_public_Duane,0.49575343521867055,0.36795063698313035,34.73368038805696,1.3520103041503295,2.0975037562703465,0
Rat_health_Rosaria,Rat_public_Alanna,0.4241245883989782,0.19608913462753244,116.29173345305173,2.3015604918646138,1.5173431428338677,0
Rat_health_Rosaria,Rat_office_Kasey,0.34987111416232763,0.16803394575157518,108.21454414906393,0.5574939457344636,2.0975037562703465,0
Rat_health_Rosaria,Rat_public_Dexter,0.2980180082191878,0.09239349181476958,222.55303091764742,0.4450860272753718,2.0975037562703465,0
Rat_health_Rosaria,Rat_public_Emilee,0.47175867287219614,0.19299349423673734,144.44278535809542,0.2723421866162814,2.0975037562703465,0
Rat_health_Rosaria,Rat_public_Roma,0.450005342891634,0.36230122147013455,24.207514693330715,0.240933800432577,0.04462773949511378,0
Rat_health_Rosaria,Rat_education_Terese,0.30985654682276575,0.10075470200165566,207.5355697222687,1.6689799383961952,3.1685695041530764,0
Rat_health_Rosaria,Rat_assembly_Deandre,0.49050167185349053,0.25731217291926384,90.6251330003707,0.15489112781194642,2.0975037562703465,0
Rat_health_Rosaria,Rat_education_Adell,0.4077834024928886,0.1975759611611889,106.39322724094235,1.3024375637657497,1.5173431428338677,0
Rat_health_Rosaria,Rat_public_Tricia,0.3063154292257806,0.16674423112866849,83.7037642336254,0.6143328776978421,2.0975037562703465,0
Rat_education_Tim,Rat_public_Wilma,0.23826328690194096,0.16250505327587528,46.619001747259745,0.7225082250663064,0.22313869747556878,0
Rat_education_Tim,Rat_public_Jason,0.2643751389262167,0.2924230314421531,-9.591547005586932,0.25431356528883187,0.22313869747556878,0
Rat_education_Tim,Rat_public_Carole,0.22656279849193506,0.13088117615001693,73.10571707595841,1.0505214475623919,0.22313869747556878,0
Rat_education_Tim,Rat_health_Rosaria,0.4908421783606141,0.20519341448034364,139.20951829944522,0.7742071760811319,1.8743650587947778,0
Rat_education_Tim,Rat_public_Sean,0.8240033731991688,0.2018872934911357,308.15019060887477,0.3378341786966554,0.22313869747556878,0
Rat_education_Tim,Rat_education_Adrian,0.17376138544738431,0.15745030610544986,10.359509451198127,0.20143618790802548,1.9636205377850053,1
Rat_education_Tim,Rat_public_Margart,0.3107104033323562,0.1915978872677605,62.16796947146628,0.5169418369762343,0.22313869747556878,0
Rat_education_Tim,Rat_assembly_Kimberley,0.17997332632589513,0.1169981354484951,53.82580725410189,0.5616414454621418,0.22313869747556878,0
Rat_education_Tim,Rat_public_Johnny,0.35008076751790884,0.18738885008266776,86.82048978019158,1.227667039930774,0.22313869747556878,0
Rat_education_Tim,Rat_public_Frederick,0.18412309356219989,0.12812148595880132,43.709770601167094,0.8145305225632442,0.22313869747556878,0
Rat_education_Tim,Rat_health_Guy,0.21104144433497354,0.19945687684606464,5.808056193444538,1.9128660380615925,2.052876016775233,0
Rat_education_Tim,Rat_assembly_Suzanne,0.38711246106354646,0.2335235407647517,65.77020877459118,2.1402669863343484,0.22313869747556878,0
Rat_education_Tim,Rat_assembly_Pauline,0.519987952942503,0.3739749987409571,39.04350683685285,2.614339249690151,0.22313869747556878,0
Rat_education_Tim,Rat_other_Hazel,0.2790178471733579,0.07793774482728459,258.0009247017355,0.21671323034666823,0.22313869747556878,0
Rat_education_Tim,Rat_education_Candida,0.4273201365110221,0.18763596228911222,127.73893197115433,0.1410868245119073,2.1421314957654602,1
Rat_education_Tim,Rat_education_Conrad,0.5439843467568164,0.307625192578067,76.83348434435123,1.3528151743502546,2.0528760167752327,1
Rat_education_Tim,Rat_education_Alfonso,0.42752739247420446,0.3160769552774824,35.26053871876874,0.39114992367717444,1.9189927982898916,1
Rat_education_Tim,Rat_education_Kandice,0.6784094144374305,0.5170953693209811,31.196188302416523,0.5250411176620584,0.22313869747556878,1
Rat_education_Tim,Rat_education_Liz,0.37614393932664836,0.24012520093798506,56.64492433836281,0.2546588494443213,2.5437811512214843,1
Rat_education_Tim,Rat_assembly_Mirta,0.19250406789807697,0.19766323862344218,-2.6100810455674397,0.3996314769094164,1.8743650587947778,0
Rat_education_Tim,Rat_assembly_Gerald,0.667835406090973,0.8002916490610287,-16.550996518014998,1.3230294118480386,0.22313869747556878,0
Rat_education_Tim,Rat_parking_Ronnie,0.4348580625355363,0.20341562486836928,113.77810225587832,2.2133686236114345,0.22313869747556878,0
Rat_education_Tim,Rat_education_Dreama,0.22148658688521153,0.2755245537605945,-19.61275905824966,0.5359563614491927,0.22313869747556878,1
Rat_education_Tim,Rat_assembly_Kaitlyn,0.2628611867614046,0.09366511070297816,180.6393808629179,0.3999260854508716,0.22313869747556878,0
Rat_education_Tim,Rat_assembly_Ida,0.2768182142653792,0.22604554080308642,22.461258595020052,0.7812812043080974,0.22313869747556878,0
Rat_education_Tim,Rat_public_Michelle,0.40010019784549417,0.21179766833895156,88.90680005277093,0.2044683357539865,0.26776643697068253,0
Rat_education_Tim,Rat_lodging_Lorenzo,0.39409193528798236,0.3164100815559401,24.551004617186457,1.9558561214196994,0.22313869747556878,0
Rat_education_Tim,Rat_office_Ramiro,0.39277587798572244,0.37759805683497755,4.019570777976247,0.4240957742163631,0.22313869747556878,0
Rat_education_Tim,Rat_public_Amber,0.4172079056274528,0.34373344096304037,21.375419411785632,0.5365134487687432,0.22313869747556878,0
Rat_education_Tim,Rat_public_Duane,0.6996011433759313,0.36795063698313035,90.134510735473,0.5778031280691975,0.22313869747556878,0
Rat_education_Tim,Rat_public_Alanna,0.2199411932766338,0.19608913462753244,12.163885925861162,1.5273533157834818,0.35702191596091004,0
Rat_education_Tim,Rat_office_Kasey,0.3870177429779583,0.16803394575157518,130.32116590902012,0.21671323034666823,0.22313869747556878,0
Rat_education_Tim,Rat_public_Dexter,0.26986219959484203,0.09239349181476958,192.07923014302958,1.2192932033565036,0.22313869747556878,0
Rat_education_Tim,Rat_public_Emilee,0.35315032308639743,0.19299349423673734,82.9856102057006,0.5018649894648505,0.22313869747556878,0
Rat_education_Tim,Rat_public_Roma,0.43168228451601925,0.36230122147013455,19.150104646170497,0.5332733756485548,1.9189927982898916,0
Rat_education_Tim,Rat_education_Terese,0.18324506233204643,0.10075470200165566,81.8724671817651,0.8947727623150634,1.2942044453582988,1
Rat_education_Tim,Rat_assembly_Deandre,0.29587171641320614,0.25731217291926384,14.985510812207487,0.9290983038930782,0.22313869747556878,0
Rat_education_Tim,Rat_education_Adell,0.3709450277578687,0.1975759611611889,87.74805678674629,0.5282303876846179,0.35702191596091004,1
Rat_education_Tim,Rat_public_Tricia,0.5076736390968343,0.16674423112866849,204.4624906423821,1.3885400537789738,0.22313869747556878,0
Rat_public_Sean,Rat_public_Wilma,0.596288309252174,0.16250505327587528,266.9352412320929,1.0603424037629618,0.0,1
Rat_public_Sean,Rat_public_Jason,0.630508618300616,0.2924230314421531,115.61523905662088,0.5921477439854872,0.0,1
Rat_public_Sean,Rat_public_Carole,0.6065476103731043,0.13088117615001693,363.43380172399674,1.3883556262590473,0.0,1
Rat_public_Sean,Rat_health_Rosaria,0.42085498223520956,0.20519341448034364,105.10160294424315,1.1120413547777872,2.0975037562703465,0
Rat_public_Sean,Rat_education_Tim,0.644892538663171,0.1853940521540006,247.84963766123437,0.3378341786966554,0.22313869747556878,0
Rat_public_Sean,Rat_education_Adrian,0.742905688526505,0.15745030610544986,371.8350233177417,0.1363979907886299,1.7404818403094366,0
Rat_public_Sean,Rat_public_Margart,0.7390118147766505,0.1915978872677605,285.7097932107529,0.8547760156728896,0.0,1
Rat_public_Sean,Rat_assembly_Kimberley,0.6138901691177343,0.1169981354484951,424.70081404671686,0.8994756241587972,0.0,0
Rat_public_Sean,Rat_public_Johnny,0.4358884377381756,0.18738885008266776,132.61172558873204,1.5655012186274295,0.0,1
Rat_public_Sean,Rat_public_Frederick,0.7152556993342023,0.12812148595880132,458.2636620091961,1.1523647012598994,0.0,1
Rat_public_Sean,Rat_health_Guy,0.585587924174398,0.19945687684606464,193.59124309679166,1.575031859364937,1.8297373192996642,0
Rat_public_Sean,Rat_assembly_Suzanne,0.6706123266310831,0.2335235407647517,187.17118815299585,2.4781011650310036,0.0,0
Rat_public_Sean,Rat_assembly_Pauline,0.9389076873285562,0.3739749987409571,151.06161922308436,2.952173428386806,0.0,0
Rat_public_Sean,Rat_other_Hazel,0.492910770220242,0.07793774482728459,532.4416639364742,0.5545474090433236,0.0,0
Rat_public_Sean,Rat_education_Candida,0.42377904216284684,0.18763596228911222,125.85171679929988,0.4789210032085627,2.365270193241029,0
Rat_public_Sean,Rat_education_Conrad,1.052374235692906,0.307625192578067,242.0962460432566,1.0149809956535991,2.2760147142508016,0
Rat_public_Sean,Rat_education_Alfonso,0.5810643232592606,0.3160769552774824,83.83634540808174,0.05331574498051905,1.6958541008143229,0
Rat_public_Sean,Rat_education_Kandice,0.5930221991140862,0.5170953693209811,14.683331992086421,0.18720693896540297,0.0,0
Rat_public_Sean,Rat_education_Liz,0.5406943395057235,0.24012520093798506,125.17184260279441,0.08317532925233406,2.3206424537459154,0
Rat_public_Sean,Rat_assembly_Mirta,0.6816370487112233,0.19766323862344218,244.84765779325016,0.06179729821276103,1.651226361319209,0
Rat_public_Sean,Rat_assembly_Gerald,0.8398128577575642,0.8002916490610287,4.9383507553659,1.660863590544694,0.0,0
Rat_public_Sean,Rat_parking_Ronnie,0.45512496030087873,0.20341562486836928,123.74139675621826,2.55120280230809,0.0,0
Rat_public_Sean,Rat_education_Dreama,0.6416210041933799,0.2755245537605945,132.87253184370985,0.19812218275253723,0.0,0
Rat_public_Sean,Rat_assembly_Kaitlyn,0.6198044115551732,0.09366511070297816,561.723887265385,0.737760264147527,0.0,0
Rat_public_Sean,Rat_assembly_Ida,0.5839507039071853,0.22604554080308642,158.33321101250056,1.1191153830047529,0.0,0
Rat_public_Sean,Rat_public_Michelle,0.6054236157322496,0.21179766833895156,185.84999092783053,0.5423025144506419,0.04462773949511376,1
Rat_public_Sean,Rat_lodging_Lorenzo,0.8819210066130533,0.3164100815559401,178.72721446681624,2.2936903001163547,0.0,0
Rat_public_Sean,Rat_office_Ramiro,0.49655758313434095,0.37759805683497755,31.504273961704342,0.08626159551970769,0.0,0
Rat_public_Sean,Rat_public_Amber,0.5656332835330208,0.34373344096304037,64.55579123994514,0.8743476274653985,0.0,1
Rat_public_Sean,Rat_public_Duane,0.43374969967551263,0.36795063698313035,17.882578824126078,0.2399689493725422,0.0,1
Rat_public_Sean,Rat_public_Alanna,0.6647759943395358,0.19608913462753244,239.01725131393187,1.1895191370868263,0.5801606134364788,1
Rat_public_Sean,Rat_office_Kasey,0.5777337591377426,0.16803394575157518,243.81967081334625,0.5545474090433236,0.0,0
Rat_public_Sean,Rat_public_Dexter,0.531185927398676,0.09239349181476958,474.91703903084124,1.557127382053159,0.0,1
Rat_public_Sean,Rat_public_Emilee,0.7822304559395613,0.19299349423673734,305.3144169616571,0.8396991681615058,0.0,1
Rat_public_Sean,Rat_public_Roma,0.7230303778001899,0.36230122147013455,99.56608892078802,0.8711075543452103,2.1421314957654602,1
Rat_public_Sean,Rat_education_Terese,0.5986054414728473,0.10075470200165566,494.12159391132997,0.556938583618408,1.0710657478827301,0
Rat_public_Sean,Rat_assembly_Deandre,0.7599110213549983,0.25731217291926384,195.32649494722256,1.2669324825897337,0.0,0
Rat_public_Sean,Rat_education_Adell,0.5972717614569408,0.1975759611611889,202.29981316890422,0.1903962089879625,0.5801606134364788,0
Rat_public_Sean,Rat_public_Tricia,0.32664781490511224,0.16674423112866849,95.89752082820416,1.7263742324756293,0.0,1
Rat_education_Adrian,Rat_public_Wilma,0.2928865025108132,0.16250505327587528,80.23224300206654,0.9239444129743319,1.7404818403094366,0
Rat_education_Adrian,Rat_public_Jason,0.31824355545748384,0.2924230314421531,8.82985306868298,0.45574975319685734,1.7404818403094366,0
Rat_education_Adrian,Rat_public_Carole,0.2779976207832123,0.13088117615001693,112.40458632841856,1.2519576354704174,1.7404818403094366,0
Rat_education_Adrian,Rat_health_Rosaria,0.5199132677467617,0.20519341448034364,153.3771705410002,0.9756433639891573,3.837985596579783,0
Rat_education_Adrian,Rat_education_Tim,0.21390742218139494,0.1853940521540006,15.379873138383775,0.20143618790802548,1.9636205377850053,1
Rat_education_Adrian,Rat_public_Sean,0.8602501735254832,0.2018872934911357,326.10416864261657,0.1363979907886299,1.7404818403094366,0
Rat_education_Adrian,Rat_public_Margart,0.3294870186432007,0.1915978872677605,71.96798114101244,0.7183780248842597,1.7404818403094366,0
Rat_education_Adrian,Rat_assembly_Kimberley,0.23686081921079277,0.1169981354484951,102.44837091020445,0.7630776333701673,1.7404818403094366,0
Rat_education_Adrian,Rat_public_Johnny,0.41570679210721134,0.18738885008266776,121.84179684320581,1.4291032278387996,1.7404818403094366,0
Rat_education_Adrian,Rat_public_Frederick,0.24325546426921182,0.12812148595880132,89.86313064417074,1.0159667104712695,1.7404818403094366,0
Rat_education_Adrian,Rat_health_Guy,0.2801907045898255,0.19945687684606464,40.476833398965226,1.711429850153567,0.08925547899022757,0
Rat_education_Adrian,Rat_assembly_Suzanne,0.40950972807226865,0.2335235407647517,75.36121914355647,2.3417031742423737,1.7404818403094366,0
Rat_education_Adrian,Rat_assembly_Pauline,0.5163952309025653,0.3739749987409571,38.08282175040774,2.8157754375981763,1.7404818403094366,0
Rat_education_Adrian,Rat_other_Hazel,0.3508261418834667,0.07793774482728459,350.13637828618414,0.4181494182546937,1.7404818403094366,0
Rat_education_Adrian,Rat_education_Candida,0.47384299726873885,0.18763596228911222,152.53314529260368,0.34252301241993277,4.105752033550466,1
Rat_education_Adrian,Rat_education_Conrad,0.5042804673821379,0.307625192578067,63.92690831202492,1.151378986442229,4.016496554560238,1
Rat_education_Adrian,Rat_education_Alfonso,0.46577619128123926,0.3160769552774824,47.3616420002327,0.18971373576914896,0.04462773949511378,1
Rat_education_Adrian,Rat_education_Kandice,0.7039287832484071,0.5170953693209811,36.13132605940072,0.3236049297540329,1.7404818403094366,1
Rat_education_Adrian,Rat_education_Liz,0.3968152070316225,0.24012520093798506,65.2534617281192,0.053222661536295846,0.5801606134364787,1
Rat_education_Adrian,Rat_assembly_Mirta,0.23124802049014684,0.19766323862344218,16.990909437988748,0.19819528900139094,0.08925547899022757,0
Rat_education_Adrian,Rat_assembly_Gerald,0.6567374763570472,0.8002916490610287,-17.937732184561924,1.524465599756064,1.7404818403094366,0
Rat_education_Adrian,Rat_parking_Ronnie,0.4715326809024806,0.20341562486836928,131.8075030900947,2.41480481151946,1.7404818403094366,0
Rat_education_Adrian,Rat_education_Dreama,0.2785520390126556,0.2755245537605945,1.0988077870880784,0.33452017354116714,1.7404818403094366,1
Rat_education_Adrian,Rat_assembly_Kaitlyn,0.31404642289546,0.09366511070297816,235.28644821798582,0.6013622733588971,1.7404818403094366,0
Rat_education_Adrian,Rat_assembly_Ida,0.3250548822814375,0.22604554080308642,43.80061695824401,0.982717392216123,1.7404818403094366,0
Rat_education_Adrian,Rat_public_Michelle,0.4020735541806119,0.21179766833895156,89.83851773908638,0.405904523662012,1.6958541008143229,0
Rat_education_Adrian,Rat_lodging_Lorenzo,0.41083559684181004,0.3164100815559401,29.842764434538378,2.157292309327725,1.7404818403094366,0
Rat_education_Adrian,Rat_office_Ramiro,0.41669503541975333,0.37759805683497755,10.35412600172951,0.2226595863083376,1.7404818403094366,0
Rat_education_Adrian,Rat_public_Amber,0.45085200822886395,0.34373344096304037,31.163266211663537,0.7379496366767686,1.7404818403094366,0
Rat_education_Adrian,Rat_public_Duane,0.7374188243022093,0.36795063698313035,100.41243313189811,0.3763669401611721,1.7404818403094366,0
Rat_education_Adrian,Rat_public_Alanna,0.2698929898736206,0.19608913462753244,37.63791164986125,1.3259171278754562,2.3206424537459154,0
Rat_education_Adrian,Rat_office_Kasey,0.4204842511716823,0.16803394575157518,150.23768220817408,0.4181494182546937,1.7404818403094366,0
Rat_education_Adrian,Rat_public_Dexter,0.3298859738619416,0.09239349181476958,257.04460063409743,1.4207293912645291,1.7404818403094366,0
Rat_education_Adrian,Rat_public_Emilee,0.3535033429787843,0.19299349423673734,83.16852823295481,0.7033011773728759,1.7404818403094366,0
Rat_education_Adrian,Rat_public_Roma,0.431923375734928,0.36230122147013455,19.216649058560403,0.7347095635565803,3.882613336074897,0
Rat_education_Adrian,Rat_education_Terese,0.2180146097144532,0.10075470200165566,116.3815736469258,0.6933365744070379,0.6694160924267065,1
Rat_education_Adrian,Rat_assembly_Deandre,0.35959498692532393,0.25731217291926384,39.75047618060149,1.1305344918011038,1.7404818403094366,0
Rat_education_Adrian,Rat_education_Adell,0.364088138517444,0.1975759611611889,84.27754893744844,0.3267941997765924,2.3206424537459154,1
Rat_education_Adrian,Rat_public_Tricia,0.5543049415558854,0.16674423112866849,232.4282572199784,1.5899762416869994,1.7404818403094366,0
Rat_public_Margart,Rat_public_Wilma,0.3249408132082855,0.16250505327587528,99.95735926848538,0.2055663880900721,0.0,1
Rat_public_Margart,Rat_public_Jason,0.425006927997933,0.2924230314421531,45.33975860311384,0.26262827168740244,0.0,1
Rat_public_Margart,Rat_public_Carole,0.39688961752372565,0.13088117615001693,203.24423205733416,0.5335796105861577,0.0,1
Rat_public_Margart,Rat_health_Rosaria,0.5494784439213473,0.20519341448034364,167.7856135455966,0.2572653391048976,2.0975037562703465,0
Rat_public_Margart,Rat_education_Tim,0.38233477774803065,0.1853940521540006,106.22817900891341,0.5169418369762343,0.22313869747556878,0
Rat_public_Margart,Rat_public_Sean,0.8558052425705592,0.2018872934911357,323.90247933465673,0.8547760156728896,0.0,1
Rat_public_Margart,Rat_education_Adrian,0.3747554163367939,0.15745030610544986,138.0150446235445,0.7183780248842597,1.7404818403094366,0
Rat_public_Margart,Rat_assembly_Kimberley,0.33943780077496155,0.1169981354484951,190.12240192869464,0.04469960848590751,0.0,0
Rat_public_Margart,Rat_public_Johnny,0.47676797417268196,0.18738885008266776,154.42707715125675,0.7107252029545399,0.0,1
Rat_public_Margart,Rat_public_Frederick,0.4031149733497441,0.12812148595880132,214.63495004996238,0.29758868558700985,0.0,1
Rat_public_Margart,Rat_health_Guy,0.4194957912765323,0.19945687684606464,110.31904134360215,2.429807875037827,1.8297373192996642,0
Rat_public_Margart,Rat_assembly_Suzanne,0.39668913869970757,0.2335235407647517,69.87115620147544,1.623325149358114,0.0,0
Rat_public_Margart,Rat_assembly_Pauline,0.48873682572813254,0.3739749987409571,30.6870318533427,2.0973974127139163,0.0,0
Rat_public_Margart,Rat_other_Hazel,0.4377698042939381,0.07793774482728459,461.6916492311474,0.3002286066295661,0.0,0
Rat_public_Margart,Rat_education_Candida,0.4889421747723361,0.18763596228911222,160.58020477917069,0.375855012464327,2.365270193241029,0
Rat_public_Margart,Rat_education_Conrad,0.5661296307523943,0.307625192578067,84.03227187211785,1.8697570113264887,2.2760147142508016,0
Rat_public_Margart,Rat_education_Alfonso,0.40134137355975696,0.3160769552774824,26.975841439443542,0.9080917606534087,1.6958541008143229,0
Rat_public_Margart,Rat_education_Kandice,0.640503221408247,0.5170953693209811,23.865588324513087,1.0419829546382926,0.0,0
Rat_public_Margart,Rat_education_Liz,0.4546790051506916,0.24012520093798506,89.35080673524033,0.7716006864205556,2.3206424537459154,0
Rat_public_Margart,Rat_assembly_Mirta,0.35912582916238167,0.19766323862344218,81.6856951567678,0.9165733138856507,1.651226361319209,0
Rat_public_Margart,Rat_assembly_Gerald,0.7007239979479956,0.8002916490610287,-12.441420728287556,0.8060875748718044,0.0,0
Rat_public_Margart,Rat_parking_Ronnie,0.5232889876758844,0.20341562486836928,157.2511271022105,1.6964267866352003,0.0,0
Rat_public_Margart,Rat_education_Dreama,0.41460580900715416,0.2755245537605945,50.47871536248218,1.0528981984254269,0.0,0
Rat_public_Margart,Rat_assembly_Kaitlyn,0.3651342289461417,0.09366511070297816,289.8294959625046,0.11701575152536269,0.0,0
Rat_public_Margart,Rat_assembly_Ida,0.373893623625686,0.22604554080308642,65.40632577724395,0.26433936733186314,0.0,0
Rat_public_Margart,Rat_public_Michelle,0.48387680603897554,0.21179766833895156,128.4618191663001,0.3124735012222478,0.04462773949511376,1
Rat_public_Margart,Rat_lodging_Lorenzo,0.5412938035794354,0.3164100815559401,71.07350085611502,1.4389142844434653,0.0,0
Rat_public_Margart,Rat_office_Ramiro,0.46597859538485586,0.37759805683497755,23.40598341280751,0.9410376111925973,0.0,0
Rat_public_Margart,Rat_public_Amber,0.4399331097190579,0.34373344096304037,27.986706352019247,0.019571611792508853,0.0,1
Rat_public_Margart,Rat_public_Duane,0.7695363112172142,0.36795063698313035,109.14118196036596,1.094744965045432,0.0,1
Rat_public_Margart,Rat_public_Alanna,0.4180305630615657,0.19608913462753244,113.18395017429536,2.044295152759716,0.5801606134364788,1
Rat_public_Margart,Rat_office_Kasey,0.37394482277176083,0.16803394575157518,122.54123778335153,0.3002286066295661,0.0,0
Rat_public_Margart,Rat_public_Dexter,0.454516910036703,0.09239349181476958,391.9360672588479,0.7023513663802694,0.0,1
Rat_public_Margart,Rat_public_Emilee,0.2016542988666222,0.19299349423673734,4.487614810093547,0.015076847511383829,0.0,1
Rat_public_Margart,Rat_public_Roma,0.3365462901461491,0.36230122147013455,-7.1087067328886935,0.016331538672320567,2.1421314957654602,1
Rat_public_Margart,Rat_education_Terese,0.37419754587552617,0.10075470200165566,271.394623220043,1.4117145992912976,1.0710657478827301,0
Rat_public_Margart,Rat_assembly_Deandre,0.462621831638474,0.25731217291926384,79.79010724208125,0.412156466916844,0.0,0
Rat_public_Margart,Rat_education_Adell,0.4389436366029501,0.1975759611611889,122.16449512541945,1.0451722246608521,0.5801606134364788,0
Rat_public_Margart,Rat_public_Tricia,0.6149980243188286,0.16674423112866849,268.82716730647445,0.8715982168027396,0.0,1
Rat_assembly_Kimberley,Rat_public_Wilma,0.15493418624840594,0.16250505327587528,-4.658850217178616,0.1608667796041646,0.0,0
Rat_assembly_Kimberley,Rat_public_Jason,0.23086346454476683,0.2924230314421531,-21.051545288273207,0.30732788017331,0.0,0
Rat_assembly_Kimberley,Rat_public_Carole,0.1692609891568795,0.13088117615001693,29.324165732489572,0.48888000210025007,0.0,0
Rat_assembly_Kimberley,Rat_health_Rosaria,0.45606356511385154,0.20519341448034364,122.26033241312425,0.21256573061899006,2.0975037562703465,0
Rat_assembly_Kimberley,Rat_education_Tim,0.21914052700979597,0.1853940521540006,18.20256608219735,0.5616414454621418,0.22313869747556878,0
Rat_assembly_Kimberley,Rat_public_Sean,0.7312570044017995,0.2018872934911357,262.21051446900844,0.8994756241587972,0.0,0
Rat_assembly_Kimberley,Rat_education_Adrian,0.24229629270674274,0.15745030610544986,53.88747008498582,0.7630776333701673,1.7404818403094366,0
Rat_assembly_Kimberley,Rat_public_Margart,0.26657279400997325,0.1915978872677605,39.13138490793187,0.04469960848590751,0.0,0
Rat_assembly_Kimberley,Rat_public_Johnny,0.262026987262338,0.18738885008266776,39.830618068654104,0.6660255944686323,0.0,0
Rat_assembly_Kimberley,Rat_public_Frederick,0.17447934171213778,0.12812148595880132,36.18273344741198,0.2528890771011023,0.0,0
Rat_assembly_Kimberley,Rat_health_Guy,0.17822873483230184,0.19945687684606464,-10.64297323282872,2.4745074835237344,1.8297373192996642,0
Rat_assembly_Kimberley,Rat_assembly_Suzanne,0.35625531733938803,0.2335235407647517,52.55649009633447,1.5786255408722065,0.0,1
Rat_assembly_Kimberley,Rat_assembly_Pauline,0.5372473446760219,0.3739749987409571,43.658625973593324,2.052697804228009,0.0,1
Rat_assembly_Kimberley,Rat_other_Hazel,0.19366234609713043,0.07793774482728459,148.48338443240758,0.34492821511547356,0.0,0
Rat_assembly_Kimberley,Rat_education_Candida,0.3530641641578344,0.18763596228911222,88.16444345238469,0.42055462095023455,2.365270193241029,0
Rat_assembly_Kimberley,Rat_education_Conrad,0.614877339788911,0.307625192578067,99.87873380457023,1.9144566198123962,2.2760147142508016,0
Rat_assembly_Kimberley,Rat_education_Alfonso,0.36526768800216114,0.3160769552774824,15.562897548634766,0.9527913691393163,1.6958541008143229,0
Rat_assembly_Kimberley,Rat_education_Kandice,0.6186460755245023,0.5170953693209811,19.6386802567719,1.0866825631242,0.0,0
Rat_assembly_Kimberley,Rat_education_Liz,0.3642584601105659,0.24012520093798506,51.695223444972605,0.8163002949064632,2.3206424537459154,0
Rat_assembly_Kimberley,Rat_assembly_Mirta,0.19662133500717777,0.19766323862344218,-0.5271104650112948,0.9612729223715583,1.651226361319209,1
Rat_assembly_Kimberley,Rat_assembly_Gerald,0.6740495765026737,0.8002916490610287,-15.774508294129156,0.7613879663858968,0.0,1
Rat_assembly_Kimberley,Rat_parking_Ronnie,0.4053068106685433,0.20341562486836928,99.2505791680547,1.6517271781492928,0.0,0
Rat_assembly_Kimberley,Rat_education_Dreama,0.20393513679268874,0.2755245537605945,-25.982953602788655,1.0975978069113344,0.0,0
Rat_assembly_Kimberley,Rat_assembly_Kaitlyn,0.19343955619309527,0.09366511070297816,106.5225298313182,0.16171536001127018,0.0,1
Rat_assembly_Kimberley,Rat_assembly_Ida,0.23833090917180688,0.22604554080308642,5.434908525544653,0.21963975884595563,0.0,1
Rat_assembly_Kimberley,Rat_public_Michelle,0.41845360443068397,0.21179766833895156,97.57233765246625,0.3571731097081553,0.04462773949511376,0
Rat_assembly_Kimberley,Rat_lodging_Lorenzo,0.4146530245987165,0.3164100815559401,31.0492455106578,1.3942146759575578,0.0,0
Rat_assembly_Kimberley,Rat_office_Ramiro,0.341603504522355,0.37759805683497755,-9.532504646429715,0.9857372196785049,0.0,0
Rat_assembly_Kimberley,Rat_public_Amber,0.3565361262550137,0.34373344096304037,3.72459695981396,0.025127996693398658,0.0,0
Rat_assembly_Kimberley,Rat_public_Duane,0.6460227272761853,0.36795063698313035,75.57320530085231,1.1394445735313394,0.0,0
Rat_assembly_Kimberley,Rat_public_Alanna,0.18886664384723054,0.19608913462753244,-3.683269240807701,2.0889947612456234,0.5801606134364788,0
Rat_assembly_Kimberley,Rat_office_Kasey,0.38465956341430924,0.16803394575157518,128.91777116452278,0.34492821511547356,0.0,0
Rat_assembly_Kimberley,Rat_public_Dexter,0.19799048158297072,0.09239349181476958,114.2905065000703,0.6576517578943618,0.0,0
Rat_assembly_Kimberley,Rat_public_Emilee,0.3253421517373132,0.19299349423673734,68.57674556543812,0.05977645599729134,0.0,0
Rat_assembly_Kimberley,Rat_public_Roma,0.3833564984411151,0.36230122147013455,5.8115390518262915,0.028368069813586944,2.1421314957654602,0
Rat_assembly_Kimberley,Rat_education_Terese,0.17823564506552347,0.10075470200165566,76.90057290090004,1.456414207777205,1.0710657478827301,0
Rat_assembly_Kimberley,Rat_assembly_Deandre,0.2770069957423077,0.25731217291926384,7.6540579482119755,0.36745685843093645,0.0,1
Rat_assembly_Kimberley,Rat_education_Adell,0.40146383372989375,0.1975759611611889,103.19467579477775,1.0898718331467596,0.5801606134364788,0
Rat_assembly_Kimberley,Rat_public_Tricia,0.43133898897561146,0.16674423112866849,158.68300573635315,0.826898608316832,0.0,0
Rat_public_Johnny,Rat_public_Wilma,0.28994541450096933,0.16250505327587528,78.42239896918531,0.5051588148644677,0.0,1
Rat_public_Johnny,Rat_public_Jason,0.3572609453079439,0.2924230314421531,22.172642676613858,0.9733534746419423,0.0,1
Rat_public_Johnny,Rat_public_Carole,0.30765542296234877,0.13088117615001693,135.06468386997986,0.17714559236838223,0.0,1
Rat_public_Johnny,Rat_health_Rosaria,0.36286103533781566,0.20519341448034364,76.83853853534646,0.45345986384964226,2.0975037562703465,0
Rat_public_Johnny,Rat_education_Tim,0.38311407404229714,0.1853940521540006,106.6485249073995,1.227667039930774,0.22313869747556878,0
Rat_public_Johnny,Rat_public_Sean,0.45151648138682443,0.2018872934911357,123.64779554917816,1.5655012186274295,0.0,1
Rat_public_Johnny,Rat_education_Adrian,0.4723506494884446,0.15745030610544986,199.99982926174508,1.4291032278387996,1.7404818403094366,0
Rat_public_Johnny,Rat_public_Margart,0.4550154732413978,0.1915978872677605,137.48459846298192,0.7107252029545399,0.0,1
Rat_public_Johnny,Rat_assembly_Kimberley,0.3103633375413103,0.1169981354484951,165.27203732912338,0.6660255944686323,0.0,0
Rat_public_Johnny,Rat_public_Frederick,0.4047991885592944,0.12812148595880132,215.94949553540258,0.41313651736753,0.0,1
Rat_public_Johnny,Rat_health_Guy,0.29684942808585313,0.19945687684606464,48.82887608580846,3.140533077992367,1.8297373192996642,0
Rat_public_Johnny,Rat_assembly_Suzanne,0.4593011666879787,0.2335235407647517,96.68302612397959,0.9125999464035741,0.0,0
Rat_public_Johnny,Rat_assembly_Pauline,0.7264185260787447,0.3739749987409571,94.24253720819348,1.3866722097593767,0.0,0
Rat_public_Johnny,Rat_other_Hazel,0.1788855298388875,0.07793774482728459,129.52361559256065,1.010953809584106,0.0,0
Rat_public_Johnny,Rat_education_Candida,0.2598647700655221,0.18763596228911222,38.494117489651956,1.0865802154188668,2.365270193241029,0
Rat_public_Johnny,Rat_education_Conrad,0.8369423739753875,0.307625192578067,172.06561561533817,2.5804822142810284,2.2760147142508016,0
Rat_public_Johnny,Rat_education_Alfonso,0.388650622295795,0.3160769552774824,22.960758703398835,1.6188169636079486,1.6958541008143229,0
Rat_public_Johnny,Rat_education_Kandice,0.5215475595650888,0.5170953693209811,0.8609998287074303,1.7527081575928325,0.0,0
Rat_public_Johnny,Rat_education_Liz,0.41218266025300454,0.24012520093798506,71.65322866692996,1.4823258893750955,2.3206424537459154,0
Rat_public_Johnny,Rat_assembly_Mirta,0.38840085918944856,0.19766323862344218,96.49625387822901,1.6272985168401906,1.651226361319209,0
Rat_public_Johnny,Rat_assembly_Gerald,0.7490819094275957,0.8002916490610287,-6.398884668297701,0.09536237191726449,0.0,0
Rat_public_Johnny,Rat_parking_Ronnie,0.3732620353921912,0.20341562486836928,83.49722919944323,0.9857015836806604,0.0,0
Rat_public_Johnny,Rat_education_Dreama,0.379118543389677,0.2755245537605945,37.59882312307315,1.7636234013799668,0.0,0
Rat_public_Johnny,Rat_assembly_Kaitlyn,0.3232739157189534,0.09366511070297816,245.13802769538034,0.8277409544799025,0.0,0
Rat_public_Johnny,Rat_assembly_Ida,0.3324802158184131,0.22604554080308642,47.085500840755095,0.4463858356226767,0.0,0
Rat_public_Johnny,Rat_public_Michelle,0.501235318067648,0.21179766833895156,136.65761856523054,1.0231987041767876,0.04462773949511376,1
Rat_public_Johnny,Rat_lodging_Lorenzo,0.6017746386022229,0.3164100815559401,90.1881999596879,0.7281890814889254,0.0,0
Rat_public_Johnny,Rat_office_Ramiro,0.34280761862431,0.37759805683497755,-9.213616855521083,1.6517628141471372,0.0,0
Rat_public_Johnny,Rat_public_Amber,0.39681660034618826,0.34373344096304037,15.443117560637813,0.691153591162031,0.0,1
Rat_public_Johnny,Rat_public_Duane,0.5437114043488661,0.36795063698313035,47.767485553719524,1.8054701679999718,0.0,1
Rat_public_Johnny,Rat_public_Alanna,0.34986172927922526,0.19608913462753244,78.41974260520907,2.755020355714256,0.5801606134364788,1
Rat_public_Johnny,Rat_office_Kasey,0.4402509549855786,0.16803394575157518,162.00120042199958,1.010953809584106,0.0,0
Rat_public_Johnny,Rat_public_Dexter,0.24286817025760302,0.09239349181476958,162.86285482586263,0.008373836574270488,0.0,1
Rat_public_Johnny,Rat_public_Emilee,0.5257784015137758,0.19299349423673734,172.43322558263264,0.7258020504659237,0.0,1
Rat_public_Johnny,Rat_public_Roma,0.5102082734122824,0.36230122147013455,40.824331571937634,0.6943936642822193,2.1421314957654602,1
Rat_public_Johnny,Rat_education_Terese,0.325518423636321,0.10075470200165566,223.08013141756092,2.1224398022458377,1.0710657478827301,0
Rat_public_Johnny,Rat_assembly_Deandre,0.40722225449621335,0.25731217291926384,58.2600037441627,0.29856873603769585,0.0,0
Rat_public_Johnny,Rat_education_Adell,0.49076895439175355,0.1975759611611889,148.39507372628614,1.755897427615392,0.5801606134364788,0
Rat_public_Johnny,Rat_public_Tricia,0.2709373002879275,0.16674423112866849,62.486760983567855,0.16087301384819974,0.0,1
Rat_public_Frederick,Rat_public_Wilma,0.2474811167135419,0.16250505327587528,52.29133600750725,0.09202229749693774,0.0,1
Rat_public_Frederick,Rat_public_Jason,0.2560695068032328,0.2924230314421531,-12.431826747583562,0.5602169572744123,0.0,1
Rat_public_Frederick,Rat_public_Carole,0.18165452897489526,0.13088117615001693,38.793472307034854,0.23599092499914776,0.0,1
Rat_public_Frederick,Rat_health_Rosaria,0.5067867889894995,0.20519341448034364,146.98004576460067,0.04032334648211228,2.0975037562703465,0
Rat_public_Frederick,Rat_education_Tim,0.25720255846269857,0.1853940521540006,38.73290727204618,0.8145305225632442,0.22313869747556878,0
Rat_public_Frederick,Rat_public_Sean,0.7853984488051755,0.2018872934911357,289.028172711454,1.1523647012598994,0.0,1
Rat_public_Frederick,Rat_education_Adrian,0.2681684259207749,0.15745030610544986,70.31940588364009,1.0159667104712695,1.7404818403094366,0
Rat_public_Frederick,Rat_public_Margart,0.3555340737167842,0.1915978872677605,85.5626274312309,0.29758868558700985,0.0,1
Rat_public_Frederick,Rat_assembly_Kimberley,0.1870646717541012,0.1169981354484951,59.886882843915735,0.2528890771011023,0.0,0
Rat_public_Frederick,Rat_public_Johnny,0.3140257380950147,0.18738885008266776,67.57973484360478,0.41313651736753,0.0,1
Rat_public_Frederick,Rat_health_Guy,0.1731364145244575,0.19945687684606464,-13.19606660738028,2.7273965606248365,1.8297373192996642,0
Rat_public_Frederick,Rat_assembly_Suzanne,0.3777371697499739,0.2335235407647517,61.75549947253538,1.3257364637711042,0.0,0
Rat_public_Frederick,Rat_assembly_Pauline,0.5426971917351102,0.3739749987409571,45.115901748026396,1.7998087271269068,0.0,0
Rat_public_Frederick,Rat_other_Hazel,0.2593683893441033,0.07793774482728459,232.78918952412786,0.5978172922165759,0.0,0
Rat_public_Frederick,Rat_education_Candida,0.45908549753243066,0.18763596228911222,144.66818190484457,0.6734436980513369,2.365270193241029,0
Rat_public_Frederick,Rat_education_Conrad,0.6211142494705071,0.307625192578067,101.90617168419489,2.1673456969134985,2.2760147142508016,0
Rat_public_Frederick,Rat_education_Alfonso,0.48198651384230917,0.3160769552774824,52.490241947305385,1.2056804462404185,1.6958541008143229,0
Rat_public_Frederick,Rat_education_Kandice,0.6700598744648457,0.5170953693209811,29.581488100488794,1.3395716402253024,0.0,0
Rat_public_Frederick,Rat_education_Liz,0.4158851508127605,0.24012520093798506,73.19512870295,1.0691893720075654,2.3206424537459154,0
Rat_public_Frederick,Rat_assembly_Mirta,0.23983709818514576,0.19766323862344218,21.33621803194613,1.2141619994726605,1.651226361319209,0
Rat_public_Frederick,Rat_assembly_Gerald,0.6571356357358942,0.8002916490610287,-17.887980399782695,0.5084988892847945,0.0,0
Rat_public_Frederick,Rat_parking_Ronnie,0.44850076787129334,0.20341562486836928,120.48491513939463,1.3988381010481903,0.0,0
Rat_public_Frederick,Rat_education_Dreama,0.20498397737366222,0.2755245537605945,-25.602283144690453,1.3504868840124367,0.0,0
Rat_public_Frederick,Rat_assembly_Kaitlyn,0.24455163370476796,0.09366511070297816,161.09149059810187,0.41460443711237255,0.0,0
Rat_public_Frederick,Rat_assembly_Ida,0.25301494001309716,0.22604554080308642,11.930958299020114,0.03324931825514671,0.0,0
Rat_public_Frederick,Rat_public_Michelle,0.4424149691363657,0.21179766833895156,108.88566555338299,0.6100621868092576,0.04462773949511376,1
Rat_public_Frederick,Rat_lodging_Lorenzo,0.3649921070978421,0.3164100815559401,15.354133251064846,1.1413255988564552,0.0,0
Rat_public_Frederick,Rat_office_Ramiro,0.35888015737774737,0.37759805683497755,-4.9570963405170545,1.2386262967796071,0.0,0
Rat_public_Frederick,Rat_public_Amber,0.4261294165807768,0.34373344096304037,23.97089308124547,0.278017073794501,0.0,1
Rat_public_Frederick,Rat_public_Duane,0.6709530644174382,0.36795063698313035,82.34866228759913,1.3923336506324417,0.0,1
Rat_public_Frederick,Rat_public_Alanna,0.20324586224861935,0.19608913462753244,3.6497318602996405,2.341883838346726,0.5801606134364788,1
Rat_public_Frederick,Rat_office_Kasey,0.450135654172972,0.16803394575157518,167.8837613195501,0.5978172922165759,0.0,0
Rat_public_Frederick,Rat_public_Dexter,0.21975874088554254,0.09239349181476958,137.85088816224712,0.4047626807932595,0.0,1
Rat_public_Frederick,Rat_public_Emilee,0.4184430206592894,0.19299349423673734,116.81716387082055,0.3126655330983937,0.0,1
Rat_public_Frederick,Rat_public_Roma,0.4454814531138055,0.36230122147013455,22.958860394161743,0.2812571469146893,2.1421314957654602,1
Rat_public_Frederick,Rat_education_Terese,0.21394265608086965,0.10075470200165566,112.34012093783376,1.7093032848783074,1.0710657478827301,0
Rat_public_Frederick,Rat_assembly_Deandre,0.24652172216029258,0.25731217291926384,-4.193525178599671,0.11456778132983414,0.0,0
Rat_public_Frederick,Rat_education_Adell,0.4742358413561789,0.1975759611611889,140.02709568968356,1.3427609102478621,0.5801606134364788,0
Rat_public_Frederick,Rat_public_Tricia,0.4903892252285654,0.16674423112866849,194.09666643888605,0.5740095312157297,0.0,1
Rat_health_Guy,Rat_public_Wilma,0.2168499942864325,0.16250505327587528,33.44200067323385,2.6353742631278987,1.8297373192996642,0
Rat_health_Guy,Rat_public_Jason,0.24752445658097502,0.2924230314421531,-15.353980375536826,2.1671796033504243,1.8297373192996642,0
Rat_health_Guy,Rat_public_Carole,0.22915212695351084,0.13088117615001693,75.08409818296181,2.9633874856239846,1.8297373192996642,0
Rat_health_Guy,Rat_health_Rosaria,0.4036543576640259,0.20519341448034364,96.71896326999018,2.6870732141427243,3.9272410755700107,1
Rat_health_Guy,Rat_education_Tim,0.2925561658098523,0.1853940521540006,57.80234716852498,1.9128660380615925,2.052876016775233,0
Rat_health_Guy,Rat_public_Sean,0.566428726560047,0.2018872934911357,180.56680376713118,1.575031859364937,1.8297373192996642,0
Rat_health_Guy,Rat_education_Adrian,0.3534152131754505,0.15745030610544986,124.46143289093146,1.711429850153567,0.08925547899022757,0
Rat_health_Guy,Rat_public_Margart,0.371608648397617,0.1915978872677605,93.95237269933418,2.429807875037827,1.8297373192996642,0
Rat_health_Guy,Rat_assembly_Kimberley,0.2083103822637287,0.1169981354484951,78.0458991634367,2.4745074835237344,1.8297373192996642,0
Rat_health_Guy,Rat_public_Johnny,0.1627472473153751,0.18738885008266776,-13.149983446945676,3.140533077992367,1.8297373192996642,0
Rat_health_Guy,Rat_public_Frederick,0.2814606318301977,0.12812148595880132,119.68261585781485,2.7273965606248365,1.8297373192996642,0
Rat_health_Guy,Rat_assembly_Suzanne,0.417830640700347,0.2335235407647517,78.92441992444077,4.05313302439594,1.8297373192996642,0
Rat_health_Guy,Rat_assembly_Pauline,0.6596951958886923,0.3739749987409571,76.40088190645233,4.527205287751743,1.8297373192996642,0
Rat_health_Guy,Rat_other_Hazel,0.14521960162812328,0.07793774482728459,86.32769263460204,2.1295792684082606,1.8297373192996642,0
Rat_health_Guy,Rat_education_Candida,0.2795410326636329,0.18763596228911222,48.98052018030105,2.0539528625734995,4.195007512540693,0
Rat_health_Guy,Rat_education_Conrad,0.7449221933361984,0.307625192578067,142.15253214255435,0.5600508637113379,4.105752033550466,0
Rat_health_Guy,Rat_education_Alfonso,0.3741698349079885,0.3160769552774824,18.37934675734478,1.521716114384418,0.13388321848534135,0
Rat_health_Guy,Rat_education_Kandice,0.552750147465081,0.5170953693209811,6.895203527140387,1.387824920399534,1.8297373192996642,0
Rat_health_Guy,Rat_education_Liz,0.3929175320443675,0.24012520093798506,63.63027725100904,1.6582071886172711,0.49090513444625117,0
Rat_health_Guy,Rat_assembly_Mirta,0.2894854664707227,0.19766323862344218,46.453871992963855,1.513234561152176,0.17851095798045513,0
Rat_health_Guy,Rat_assembly_Gerald,0.7139424900964899,0.8002916490610287,-10.789711359084036,3.235895449909631,1.8297373192996642,0
Rat_health_Guy,Rat_parking_Ronnie,0.3772846364411899,0.20341562486836928,85.47475725393842,4.126234661673027,1.8297373192996642,0
Rat_health_Guy,Rat_education_Dreama,0.26005456886709694,0.2755245537605945,-5.6147391157521085,1.3769096766123998,1.8297373192996642,0
Rat_health_Guy,Rat_assembly_Kaitlyn,0.24810186749104698,0.09366511070297816,164.8818387433544,2.312792123512464,1.8297373192996642,0
Rat_health_Guy,Rat_assembly_Ida,0.2911426941181724,0.22604554080308642,28.798247062875543,2.6941472423696897,1.8297373192996642,0
Rat_health_Guy,Rat_public_Michelle,0.4672524325702143,0.21179766833895156,120.61264235564877,2.117334373815579,1.7851095798045504,0
Rat_health_Guy,Rat_lodging_Lorenzo,0.5255584213820791,0.3164100815559401,66.10040324810649,3.868722159481292,1.8297373192996642,0
Rat_health_Guy,Rat_office_Ramiro,0.32892769194943783,0.37759805683497755,-12.88946381067057,1.4887702638452294,1.8297373192996642,0
Rat_health_Guy,Rat_public_Amber,0.3686460006918194,0.34373344096304037,7.247639234338488,2.4493794868303356,1.8297373192996642,0
Rat_health_Guy,Rat_public_Duane,0.5843778247431993,0.36795063698313035,58.819625788551534,1.335062909992395,1.8297373192996642,0
Rat_health_Guy,Rat_public_Alanna,0.24751523806154951,0.19608913462753244,26.225881169652755,0.38551272227811073,2.409897932736143,0
Rat_health_Guy,Rat_office_Kasey,0.41081819240291356,0.16803394575157518,144.48523812579845,2.1295792684082606,1.8297373192996642,0
Rat_health_Guy,Rat_public_Dexter,0.18965842025269605,0.09239349181476958,105.27248892478612,3.132159241418096,1.8297373192996642,0
Rat_health_Guy,Rat_public_Emilee,0.4509395320876443,0.19299349423673734,133.6553021494574,2.414731027526443,1.8297373192996642,0
Rat_health_Guy,Rat_public_Roma,0.4588774648496579,0.36230122147013455,26.65633943701302,2.4461394137101475,3.9718688150651245,0
Rat_health_Guy,Rat_education_Terese,0.2279778535212021,0.10075470200165566,126.27018788409083,1.018093275746529,0.7586715714169341,0
Rat_health_Guy,Rat_assembly_Deandre,0.3242570030132502,0.25731217291926384,26.016969712113653,2.8419643419546707,1.8297373192996642,0
Rat_health_Guy,Rat_education_Adell,0.4531448611397795,0.1975759611611889,129.35222406438868,1.3846356503769746,2.409897932736143,0
Rat_health_Guy,Rat_public_Tricia,0.3285290238791786,0.16674423112866849,97.02572116313193,3.3014060918405663,1.8297373192996642,0
Rat_assembly_Suzanne,Rat_public_Wilma,0.36202219485222203,0.16250505327587528,122.77596145741893,1.4177587612680418,0.0,0
Rat_assembly_Suzanne,Rat_public_Jason,0.35799991298750916,0.2924230314421531,22.425347696434248,1.8859534210455164,0.0,0
Rat_assembly_Suzanne,Rat_public_Carole,0.3048273123015535,0.13088117615001693,132.90386079061386,1.0897455387719563,0.0,0
Rat_assembly_Suzanne,Rat_health_Rosaria,0.5407125496497269,0.20519341448034364,163.5135981430457,1.3660598102532164,2.0975037562703465,0
Rat_assembly_Suzanne,Rat_education_Tim,0.3742832907942679,0.1853940521540006,101.8852743362896,2.1402669863343484,0.22313869747556878,0
Rat_assembly_Suzanne,Rat_public_Sean,0.7760435783431933,0.2018872934911357,284.39446332825656,2.4781011650310036,0.0,0
Rat_assembly_Suzanne,Rat_education_Adrian,0.3931659559437527,0.15745030610544986,149.70796543287506,2.3417031742423737,1.7404818403094366,0
Rat_assembly_Suzanne,Rat_public_Margart,0.3977694609590531,0.1915978872677605,107.60639202830309,1.623325149358114,0.0,0
Rat_assembly_Suzanne,Rat_assembly_Kimberley,0.31016541852451157,0.1169981354484951,165.1028730804454,1.5786255408722065,0.0,1
Rat_assembly_Suzanne,Rat_public_Johnny,0.3904290875031602,0.18738885008266776,108.35235785422664,0.9125999464035741,0.0,0
Rat_assembly_Suzanne,Rat_public_Frederick,0.31713331113077853,0.12812148595880132,147.52547065583968,1.3257364637711042,0.0,0
Rat_assembly_Suzanne,Rat_health_Guy,0.31472188856055877,0.19945687684606464,57.789439771210546,4.05313302439594,1.8297373192996642,0
Rat_assembly_Suzanne,Rat_assembly_Pauline,0.5278823571733287,0.3739749987409571,41.1544512201414,0.47407226335580255,0.0,1
Rat_assembly_Suzanne,Rat_other_Hazel,0.36357226425677525,0.07793774482728459,366.4906138386175,1.92355375598768,0.0,0
Rat_assembly_Suzanne,Rat_education_Candida,0.49956443526497724,0.18763596228911222,166.24130532890123,1.999180161822441,2.365270193241029,0
Rat_assembly_Suzanne,Rat_education_Conrad,0.6643778470914559,0.307625192578067,115.96990855124932,3.4930821606846028,2.2760147142508016,0
Rat_assembly_Suzanne,Rat_education_Alfonso,0.502725135548754,0.3160769552774824,59.05149905895988,2.5314169100115227,1.6958541008143229,0
Rat_assembly_Suzanne,Rat_education_Kandice,0.6167466670502761,0.5170953693209811,19.27135759505083,2.6653081039964066,0.0,0
Rat_assembly_Suzanne,Rat_education_Liz,0.49709829306121994,0.24012520093798506,107.01629446615266,2.3949258357786696,2.3206424537459154,0
Rat_assembly_Suzanne,Rat_assembly_Mirta,0.40093572254605414,0.19766323862344218,102.83777870798507,2.5398984632437647,1.651226361319209,1
Rat_assembly_Suzanne,Rat_assembly_Gerald,0.6583477781815604,0.8002916490610287,-17.73651781147649,0.8172375744863096,0.0,1
Rat_assembly_Suzanne,Rat_parking_Ronnie,0.5211755885630339,0.20341562486836928,156.21217096783388,0.0731016372770863,0.0,0
Rat_assembly_Suzanne,Rat_education_Dreama,0.3616730148788722,0.2755245537605945,31.267072187378563,2.676223347783541,0.0,0
Rat_assembly_Suzanne,Rat_assembly_Kaitlyn,0.23886035783148218,0.09366511070297816,155.01529442369775,1.7403409008834767,0.0,1
Rat_assembly_Suzanne,Rat_assembly_Ida,0.34813562683558485,0.22604554080308642,54.01127825779761,1.3589857820262508,0.0,1
Rat_assembly_Suzanne,Rat_public_Michelle,0.5543288528959479,0.21179766833895156,161.72566357474,1.9357986505803617,0.04462773949511376,0
Rat_assembly_Suzanne,Rat_lodging_Lorenzo,0.4533075114069142,0.3164100815559401,43.265824267603556,0.18441086491464875,0.0,0
Rat_assembly_Suzanne,Rat_office_Ramiro,0.4480149839282781,0.37759805683497755,18.648646575020646,2.5643627605507113,0.0,0
Rat_assembly_Suzanne,Rat_public_Amber,0.5378087227739546,0.34373344096304037,56.46098362358117,1.6037535375656051,0.0,0
Rat_assembly_Suzanne,Rat_public_Duane,0.7187180519764921,0.36795063698313035,95.33001977366968,2.7180701144035457,0.0,0
Rat_assembly_Suzanne,Rat_public_Alanna,0.33719386188610145,0.19608913462753244,71.95948287833221,3.6676203021178297,0.5801606134364788,0
Rat_assembly_Suzanne,Rat_office_Kasey,0.5258077171471536,0.16803394575157518,212.9175565064207,1.92355375598768,0.0,0
Rat_assembly_Suzanne,Rat_public_Dexter,0.3252010521955915,0.09239349181476958,251.97398194188222,0.9209737829778446,0.0,0
Rat_assembly_Suzanne,Rat_public_Emilee,0.44196676553844905,0.19299349423673734,129.00604359041566,1.6384019968694978,0.0,0
Rat_assembly_Suzanne,Rat_public_Roma,0.5034934687129666,0.36230122147013455,38.970955347571454,1.6069936106857934,2.1421314957654602,0
Rat_assembly_Suzanne,Rat_education_Terese,0.3661486598286857,0.10075470200165566,263.4060272667661,3.0350397486494116,1.0710657478827301,0
Rat_assembly_Suzanne,Rat_assembly_Deandre,0.38443059973513655,0.25731217291926384,49.402414729814716,1.21116868244127,0.0,1
Rat_assembly_Suzanne,Rat_education_Adell,0.5269739453787945,0.1975759611611889,166.71966684695613,2.6684973740189664,0.5801606134364788,0
Rat_assembly_Suzanne,Rat_public_Tricia,0.5217283582328586,0.16674423112866849,212.89139942134847,0.7517269325553744,0.0,0
Rat_assembly_Pauline,Rat_public_Wilma,0.4929387313750185,0.16250505327587528,203.3374787048532,1.8918310246238443,0.0,0
Rat_assembly_Pauline,Rat_public_Jason,0.4728685030407254,0.2924230314421531,61.706997122854155,2.360025684401319,0.0,0
Rat_assembly_Pauline,Rat_public_Carole,0.4587286363473543,0.13088117615001693,250.49244653910833,1.563817802127759,0.0,0
Rat_assembly_Pauline,Rat_health_Rosaria,0.6292260000824835,0.20519341448034364,206.65019229589348,1.840132073609019,2.0975037562703465,0
Rat_assembly_Pauline,Rat_education_Tim,0.4745188067151748,0.1853940521540006,155.95147266159762,2.614339249690151,0.22313869747556878,0
Rat_assembly_Pauline,Rat_public_Sean,0.9311699239170621,0.2018872934911357,361.23255595476445,2.952173428386806,0.0,0
Rat_assembly_Pauline,Rat_education_Adrian,0.5013721320628381,0.15745030610544986,218.43198305823051,2.8157754375981763,1.7404818403094366,0
Rat_assembly_Pauline,Rat_public_Margart,0.5237226446544777,0.1915978872677605,173.34468668883002,2.0973974127139163,0.0,0
Rat_assembly_Pauline,Rat_assembly_Kimberley,0.44163072312186735,0.1169981354484951,277.46817197465674,2.052697804228009,0.0,1
Rat_assembly_Pauline,Rat_public_Johnny,0.48420482250921987,0.18738885008266776,158.3957488909345,1.3866722097593767,0.0,0
Rat_assembly_Pauline,Rat_public_Frederick,0.4723590545086681,0.12812148595880132,268.6805932461317,1.7998087271269068,0.0,0
Rat_assembly_Pauline,Rat_health_Guy,0.43627271320625316,0.19945687684606464,118.73034417507525,4.527205287751743,1.8297373192996642,0
Rat_assembly_Pauline,Rat_assembly_Suzanne,0.4570968735706029,0.2335235407647517,95.73909853956685,0.47407226335580255,0.0,1
Rat_assembly_Pauline,Rat_other_Hazel,0.497803934183628,0.07793774482728459,538.7199620502181,2.3976260193434826,0.0,0
Rat_assembly_Pauline,Rat_education_Candida,0.6469392566064064,0.18763596228911222,244.7842560210249,2.4732524251782433,2.365270193241029,0
Rat_assembly_Pauline,Rat_education_Conrad,0.6181971449090248,0.307625192578067,100.95790586206394,3.9671544240404053,2.2760147142508016,0
Rat_assembly_Pauline,Rat_education_Alfonso,0.5524065329991167,0.3160769552774824,74.76963245047766,3.0054891733673252,1.6958541008143229,0
Rat_assembly_Pauline,Rat_education_Kandice,0.7546460237579736,0.5170953693209811,45.93942791422207,3.139380367352209,0.0,0
Rat_assembly_Pauline,Rat_education_Liz,0.6262051072032566,0.24012520093798506,160.7827519798644,2.868998099134472,2.3206424537459154,0
Rat_assembly_Pauline,Rat_assembly_Mirta,0.5146273606674558,0.19766323862344218,160.35562517916918,3.013970726599567,1.651226361319209,1
Rat_assembly_Pauline,Rat_assembly_Gerald,0.6602578480123904,0.8002916490610287,-17.49784609310094,1.2913098378421122,0.0,1
Rat_assembly_Pauline,Rat_parking_Ronnie,0.6200030256635728,0.20341562486836928,204.79616600975373,0.40097062607871625,0.0,0
Rat_assembly_Pauline,Rat_education_Dreama,0.4885320223314171,0.2755245537605945,77.3097953207853,3.1502956111393434,0.0,0
Rat_assembly_Pauline,Rat_assembly_Kaitlyn,0.45184597739397003,0.09366511070297816,382.40585422123803,2.214413164239279,0.0,1
Rat_assembly_Pauline,Rat_assembly_Ida,0.4478308123300516,0.22604554080308642,98.11530488016463,1.8330580453820533,0.0,1
Rat_assembly_Pauline,Rat_public_Michelle,0.6413864415082294,0.21179766833895156,202.82979342425205,2.4098709139361643,0.04462773949511376,0
Rat_assembly_Pauline,Rat_lodging_Lorenzo,0.5388995019544468,0.3164100815559401,70.31679246894396,0.6584831282704513,0.0,0
Rat_assembly_Pauline,Rat_office_Ramiro,0.5346530620877544,0.37759805683497755,41.59317094192965,3.038435023906514,0.0,0
Rat_assembly_Pauline,Rat_public_Amber,0.6244486336664495,0.34373344096304037,81.66653553315251,2.0778258009214077,0.0,0
Rat_assembly_Pauline,Rat_public_Duane,0.8467754105778674,0.36795063698313035,130.13288345433415,3.1921423777593483,0.0,0
Rat_assembly_Pauline,Rat_public_Alanna,0.45088312858608526,0.19608913462753244,129.93784405368976,4.141692565473632,0.5801606134364788,0
Rat_assembly_Pauline,Rat_office_Kasey,0.579171968445198,0.16803394575157518,244.67557483977535,2.3976260193434826,0.0,0
Rat_assembly_Pauline,Rat_public_Dexter,0.48080822851973354,0.09239349181476958,420.3918794233447,1.3950460463336471,0.0,0
Rat_assembly_Pauline,Rat_public_Emilee,0.5062170453758642,0.19299349423673734,162.2974662321561,2.1124742602253,0.0,0
Rat_assembly_Pauline,Rat_public_Roma,0.6046660686415989,0.36230122147013455,66.89595088528928,2.081065874041596,2.1421314957654602,0
Rat_assembly_Pauline,Rat_education_Terese,0.48812591137790634,0.10075470200165566,384.4696095373149,3.509112012005214,1.0710657478827301,0
Rat_assembly_Pauline,Rat_assembly_Deandre,0.49344955617351594,0.25731217291926384,91.77077810786056,1.6852409457970725,0.0,1
Rat_assembly_Pauline,Rat_education_Adell,0.6236589309468586,0.1975759611611889,215.65526862757224,3.142569637374769,0.5801606134364788,0
Rat_assembly_Pauline,Rat_public_Tricia,0.6673163312226922,0.16674423112866849,300.20354929566133,1.225799195911177,0.0,0
Rat_other_Hazel,Rat_public_Wilma,0.21441547151022525,0.16250505327587528,31.943879398153058,0.5057949947196382,0.0,0
Rat_other_Hazel,Rat_public_Jason,0.28709150406207606,0.2924230314421531,-1.8232241673247638,0.037600334942163624,0.0,0
Rat_other_Hazel,Rat_public_Carole,0.22865008506922507,0.13088117615001693,74.70051217078361,0.8338082172157237,0.0,0
Rat_other_Hazel,Rat_health_Rosaria,0.4117404818414097,0.20519341448034364,100.6596960648813,0.5574939457344636,2.0975037562703465,0
Rat_other_Hazel,Rat_education_Tim,0.28926623685377106,0.1853940521540006,56.02778702603002,0.21671323034666823,0.22313869747556878,0
Rat_other_Hazel,Rat_public_Sean,0.5559373405321951,0.2018872934911357,175.37014881850638,0.5545474090433236,0.0,0
Rat_other_Hazel,Rat_education_Adrian,0.37539450698991184,0.15745030610544986,138.42094453503145,0.4181494182546937,1.7404818403094366,0
Rat_other_Hazel,Rat_public_Margart,0.38088633067252087,0.1915978872677605,98.79464022493491,0.3002286066295661,0.0,0
Rat_other_Hazel,Rat_assembly_Kimberley,0.21129026077512905,0.1169981354484951,80.59284446301557,0.34492821511547356,0.0,0
Rat_other_Hazel,Rat_public_Johnny,0.1571470498615099,0.18738885008266776,-16.138527029658647,1.010953809584106,0.0,0
Rat_other_Hazel,Rat_public_Frederick,0.29192883256607066,0.12812148595880132,127.85314296147263,0.5978172922165759,0.0,0
Rat_other_Hazel,Rat_health_Guy,0.21610764230942953,0.19945687684606464,8.348052835608916,2.1295792684082606,1.8297373192996642,0
Rat_other_Hazel,Rat_assembly_Suzanne,0.4247565206076494,0.2335235407647517,81.89023651176267,1.92355375598768,0.0,0
Rat_other_Hazel,Rat_assembly_Pauline,0.6696322935475422,0.3739749987409571,79.05803751640076,2.3976260193434826,0.0,0
Rat_other_Hazel,Rat_education_Candida,0.24966414235990256,0.18763596228911222,33.05772481674724,0.07562640583476093,2.365270193241029,0
Rat_other_Hazel,Rat_education_Conrad,0.7637954707601857,0.307625192578067,148.28768553029187,1.5695284046969227,2.2760147142508016,0
Rat_other_Hazel,Rat_education_Alfonso,0.3657432922957692,0.3160769552774824,15.713368592368568,0.6078631540238426,1.6958541008143229,0
Rat_other_Hazel,Rat_education_Kandice,0.5517061076651031,0.5170953693209811,6.693298837614954,0.7417543480087265,0.0,0
Rat_other_Hazel,Rat_education_Liz,0.3751987796030033,0.24012520093798506,56.25131312223345,0.47137207979098955,2.3206424537459154,0
Rat_other_Hazel,Rat_assembly_Mirta,0.2999078860508259,0.19766323862344218,51.72668835107201,0.6163447072560846,1.651226361319209,0
Rat_other_Hazel,Rat_assembly_Gerald,0.7100368308795126,0.8002916490610287,-11.277740844529715,1.1063161815013705,0.0,0
Rat_other_Hazel,Rat_parking_Ronnie,0.3738074120639199,0.20341562486836928,83.765338727451,1.9966553932647664,0.0,0
Rat_other_Hazel,Rat_education_Dreama,0.2731320377954036,0.2755245537605945,-0.8683494565314611,0.7526695917958608,0.0,0
Rat_other_Hazel,Rat_assembly_Kaitlyn,0.253105890366293,0.09366511070297816,170.22430066721233,0.18321285510420338,0.0,0
Rat_other_Hazel,Rat_assembly_Ida,0.2690140352901794,0.22604554080308642,19.008777759754114,0.5645679739614292,0.0,0
Rat_other_Hazel,Rat_public_Michelle,0.47506088973573024,0.21179766833895156,124.29939548506455,0.012244894592681715,0.04462773949511376,0
Rat_other_Hazel,Rat_lodging_Lorenzo,0.527946143537718,0.3164100815559401,66.85503222323183,1.7391428910730313,0.0,0
Rat_other_Hazel,Rat_office_Ramiro,0.29870733918730946,0.37759805683497755,-20.892776384743385,0.6408090045630312,0.0,0
Rat_other_Hazel,Rat_public_Amber,0.36408468617684,0.34373344096304037,5.920647451927104,0.31980021842207496,0.0,0
Rat_other_Hazel,Rat_public_Duane,0.5882354467982212,0.36795063698313035,59.86803328327716,0.7945163584158659,0.0,0
Rat_other_Hazel,Rat_public_Alanna,0.2552519418304826,0.19608913462753244,30.171384720182886,1.7440665461301499,0.5801606134364788,0
Rat_other_Hazel,Rat_office_Kasey,0.4119873214059191,0.16803394575157518,145.181007660803,0.0,0.0,0
Rat_other_Hazel,Rat_public_Dexter,0.17662051433774148,0.09239349181476958,91.16120721125054,1.0025799730098355,0.0,0
Rat_other_Hazel,Rat_public_Emilee,0.456568126457712,0.19299349423673734,136.5717705995096,0.28515175911818225,0.0,0
Rat_other_Hazel,Rat_public_Roma,0.4502533433888072,0.36230122147013455,24.275966159259212,0.31656014530188664,2.1421314957654602,0
Rat_other_Hazel,Rat_education_Terese,0.24320599617972777,0.10075470200165566,141.38426430533363,1.1114859926617315,1.0710657478827301,0
Rat_other_Hazel,Rat_assembly_Deandre,0.31629833748263997,0.25731217291926384,22.92396970347923,0.7123850735464101,0.0,0
Rat_other_Hazel,Rat_education_Adell,0.4601253442736199,0.1975759611611889,132.8852870406814,0.7449436180312861,0.5801606134364788,0
Rat_other_Hazel,Rat_public_Tricia,0.31051050411559644,0.16674423112866849,86.21963831299834,1.1718268234323057,0.0,0
Rat_education_Candida,Rat_public_Wilma,0.2572028007602452,0.16250505327587528,58.27372477064275,0.5814214005543992,2.365270193241029,0
Rat_education_Candida,Rat_public_Jason,0.345513983113043,0.2924230314421531,18.15553016089716,0.11322674077692456,2.365270193241029,0
Rat_education_Candida,Rat_public_Carole,0.28739774945537,0.13088117615001693,119.58677168820111,0.9094346230504846,2.365270193241029,0
Rat_education_Candida,Rat_health_Rosaria,0.31360890280739323,0.20519341448034364,52.83575430605993,0.6331203515692245,0.2677664369706827,0
Rat_education_Candida,Rat_education_Tim,0.3105990609583613,0.1853940521540006,67.53453379418943,0.1410868245119073,2.1421314957654602,1
Rat_education_Candida,Rat_public_Sean,0.49154917114550256,0.2018872934911357,143.47702257303533,0.4789210032085627,2.365270193241029,0
Rat_education_Candida,Rat_education_Adrian,0.3846909890950355,0.15745030610544986,144.32533579032537,0.34252301241993277,4.105752033550466,1
Rat_education_Candida,Rat_public_Margart,0.3901876770953296,0.1915978872677605,103.6492586946104,0.375855012464327,2.365270193241029,0
Rat_education_Candida,Rat_assembly_Kimberley,0.25797339879090264,0.1169981354484951,120.49359829710076,0.42055462095023455,2.365270193241029,0
Rat_education_Candida,Rat_public_Johnny,0.22928175885487243,0.18738885008266776,22.356137386895405,1.0865802154188668,2.365270193241029,0
Rat_education_Candida,Rat_public_Frederick,0.3692633853332135,0.12812148595880132,188.2134737743782,0.6734436980513369,2.365270193241029,0
Rat_education_Candida,Rat_health_Guy,0.2749246094737156,0.19945687684606464,37.83661602497411,2.0539528625734995,4.195007512540693,0
Rat_education_Candida,Rat_assembly_Suzanne,0.4358222541538252,0.2335235407647517,86.62883096349859,1.999180161822441,2.365270193241029,0
Rat_education_Candida,Rat_assembly_Pauline,0.6596058542891798,0.3739749987409571,76.37699218125326,2.4732524251782433,2.365270193241029,0
Rat_education_Candida,Rat_other_Hazel,0.19663644600274027,0.07793774482728459,152.29937873940307,0.07562640583476093,2.365270193241029,0
Rat_education_Candida,Rat_education_Conrad,0.7379957079009886,0.307625192578067,139.90093324808083,1.4939019988621618,0.08925547899022757,1
Rat_education_Candida,Rat_education_Alfonso,0.3638919557844436,0.3160769552774824,15.127645248602398,0.5322367481890817,4.061124294055352,1
Rat_education_Candida,Rat_education_Kandice,0.5532000997142066,0.5170953693209811,6.982218858512709,0.6661279421739656,2.365270193241029,1
Rat_education_Candida,Rat_education_Liz,0.2659614243522001,0.24012520093798506,10.759480185042106,0.3957456739562286,4.685912646986944,1
Rat_education_Candida,Rat_assembly_Mirta,0.3066192686455592,0.19766323862344218,55.12205040294995,0.5407183014213237,4.016496554560238,0
Rat_education_Candida,Rat_assembly_Gerald,0.7127157779876208,0.8002916490610287,-10.942994491590596,1.1819425873361313,2.365270193241029,0
Rat_education_Candida,Rat_parking_Ronnie,0.26514610384811826,0.20341562486836928,30.346970160082304,2.0722817990995273,2.365270193241029,0
Rat_education_Candida,Rat_education_Dreama,0.3223561837774407,0.2755245537605945,16.997261905571794,0.6770431859610999,2.365270193241029,1
Rat_education_Candida,Rat_assembly_Kaitlyn,0.321191366154595,0.09366511070297816,242.91462823668283,0.2588392609389643,2.365270193241029,0
Rat_education_Candida,Rat_assembly_Ida,0.27856109615200675,0.22604554080308642,23.2322899015592,0.6401943797961902,2.365270193241029,0
Rat_education_Candida,Rat_public_Michelle,0.4006523675395108,0.21179766833895156,89.1675062722242,0.06338151124207922,2.409897932736143,0
Rat_education_Candida,Rat_lodging_Lorenzo,0.5987633468781517,0.3164100815559401,89.23649459389702,1.8147692969077922,2.365270193241029,0
Rat_education_Candida,Rat_office_Ramiro,0.32058831510214286,0.37759805683497755,-15.097996586817652,0.5651825987282704,2.365270193241029,0
Rat_education_Candida,Rat_public_Amber,0.3144894316482516,0.34373344096304037,-8.507757997841473,0.39542662425683583,2.365270193241029,0
Rat_education_Candida,Rat_public_Duane,0.5011048109465389,0.36795063698313035,36.188053662620334,0.7188899525811049,2.365270193241029,0
Rat_education_Candida,Rat_public_Alanna,0.3407075533633894,0.19608913462753244,73.7513677188473,1.668440140295389,1.7851095798045504,0
Rat_education_Candida,Rat_office_Kasey,0.2995077094262849,0.16803394575157518,78.24238316053307,0.07562640583476093,2.365270193241029,0
Rat_education_Candida,Rat_public_Dexter,0.22807398934105827,0.09239349181476958,146.85070870392133,1.0782063788445964,2.365270193241029,0
Rat_education_Candida,Rat_public_Emilee,0.45041772667246743,0.19299349423673734,133.3849275354112,0.3607781649529432,2.365270193241029,0
Rat_education_Candida,Rat_public_Roma,0.4121106791419172,0.36230122147013455,13.748078869198224,0.3921865511366476,0.22313869747556891,0
Rat_education_Candida,Rat_education_Terese,0.23626959538050185,0.10075470200165566,134.499820541,1.0358595868269707,3.436335941123759,1
Rat_education_Candida,Rat_assembly_Deandre,0.445135501339916,0.25731217291926384,72.99434235456282,0.788011479381171,2.365270193241029,0
Rat_education_Candida,Rat_education_Adell,0.34479395131653773,0.1975759611611889,74.51209615285313,0.6693172121965252,1.7851095798045504,1
Rat_education_Candida,Rat_public_Tricia,0.2500006500617335,0.16674423112866849,49.93061431241963,1.2474532292670666,2.365270193241029,0
Rat_education_Conrad,Rat_public_Wilma,0.5556347765557137,0.16250505327587528,241.91846059854223,2.0753233994165607,2.2760147142508016,0
Rat_education_Conrad,Rat_public_Jason,0.5659269183732257,0.2924230314421531,93.53021394458014,1.6071287396390863,2.2760147142508016,0
Rat_education_Conrad,Rat_public_Carole,0.5471918069196641,0.13088117615001693,318.08289244930756,2.403336621912646,2.2760147142508016,0
Rat_education_Conrad,Rat_health_Rosaria,0.7091396870930544,0.20519341448034364,245.59573409749262,2.1270223504313863,0.17851095798045513,0
Rat_education_Conrad,Rat_education_Tim,0.44001871951014093,0.1853940521540006,137.34241438588987,1.3528151743502546,2.0528760167752327,1
Rat_education_Conrad,Rat_public_Sean,1.046021095526712,0.2018872934911357,418.1213128564922,1.0149809956535991,2.2760147142508016,0
Rat_education_Conrad,Rat_education_Adrian,0.39380659162323606,0.15745030610544986,150.11484662309283,1.151378986442229,4.016496554560238,1
Rat_education_Conrad,Rat_public_Margart,0.4727681259829689,0.1915978872677605,146.75017701122633,1.8697570113264887,2.2760147142508016,0
Rat_education_Conrad,Rat_assembly_Kimberley,0.4948988709914049,0.1169981354484951,322.9972290535085,1.9144566198123962,2.2760147142508016,0
Rat_education_Conrad,Rat_public_Johnny,0.6385084476917092,0.18738885008266776,240.73982918942468,2.5804822142810284,2.2760147142508016,0
Rat_education_Conrad,Rat_public_Frederick,0.5304160509949221,0.12812148595880132,313.9946138038723,2.1673456969134985,2.2760147142508016,0
Rat_education_Conrad,Rat_health_Guy,0.5188279907571299,0.19945687684606464,160.12038239100036,0.5600508637113379,4.105752033550466,0
Rat_education_Conrad,Rat_assembly_Suzanne,0.5515696878790722,0.2335235407647517,136.19446933391427,3.4930821606846028,2.2760147142508016,0
Rat_education_Conrad,Rat_assembly_Pauline,0.49942200514662494,0.3739749987409571,33.54422269617061,3.9671544240404053,2.2760147142508016,0
Rat_education_Conrad,Rat_other_Hazel,0.6102196047866886,0.07793774482728459,682.9577390762041,1.5695284046969227,2.2760147142508016,0
Rat_education_Conrad,Rat_education_Candida,0.6920315904160604,0.18763596228911222,268.81607447391565,1.4939019988621618,0.08925547899022757,1
Rat_education_Conrad,Rat_education_Alfonso,0.5680799757719234,0.3160769552774824,79.72837509561832,0.9616652506730801,3.9718688150651245,1
Rat_education_Conrad,Rat_education_Kandice,0.820719365580334,0.5170953693209811,58.717214323163226,0.8277740566881961,2.2760147142508016,1
Rat_education_Conrad,Rat_education_Liz,0.5768643722422288,0.24012520093798506,140.23483165817746,1.0981563249059332,4.596657167996717,1
Rat_education_Conrad,Rat_assembly_Mirta,0.4830495249878131,0.19766323862344218,144.380051825441,0.9531836974408381,3.9272410755700107,0
Rat_education_Conrad,Rat_assembly_Gerald,0.6843151201166745,0.8002916490610287,-14.49178297442287,2.675844586198293,2.2760147142508016,0
Rat_education_Conrad,Rat_parking_Ronnie,0.672544816884578,0.20341562486836928,230.62593756983185,3.5661837979616893,2.2760147142508016,0
Rat_education_Conrad,Rat_education_Dreama,0.5107432035131315,0.2755245537605945,85.37121158244227,0.8168588129010619,2.2760147142508016,1
Rat_education_Conrad,Rat_assembly_Kaitlyn,0.5482922756458967,0.09366511070297816,485.37514292230827,1.752741259801126,2.2760147142508016,0
Rat_education_Conrad,Rat_assembly_Ida,0.5408462855919816,0.22604554080308642,139.26430208288224,2.134096378658352,2.2760147142508016,0
Rat_education_Conrad,Rat_public_Michelle,0.5359467411705304,0.21179766833895156,153.0465728795584,1.557283510104241,2.3206424537459154,0
Rat_education_Conrad,Rat_lodging_Lorenzo,0.6068304375070064,0.3164100815559401,91.78606273318795,3.308671295769954,2.2760147142508016,0
Rat_education_Conrad,Rat_office_Ramiro,0.5834787510922823,0.37759805683497755,54.523769529693645,0.9287194001338914,2.2760147142508016,0
Rat_education_Conrad,Rat_public_Amber,0.6303446596013219,0.34373344096304037,83.38182570636157,1.8893286231189976,2.2760147142508016,0
Rat_education_Conrad,Rat_public_Duane,0.930578928203464,0.36795063698313035,152.9086335692711,0.7750120462810569,2.2760147142508016,0
Rat_education_Conrad,Rat_public_Alanna,0.5163363192357974,0.19608913462753244,163.31714922224953,0.1745381414332272,1.6958541008143229,0
Rat_education_Conrad,Rat_office_Kasey,0.5043601705262288,0.16803394575157518,200.15373874031695,1.5695284046969227,2.2760147142508016,0
Rat_education_Conrad,Rat_public_Dexter,0.611279787139303,0.09239349181476958,561.6048112618109,2.5721083777067584,2.2760147142508016,0
Rat_education_Conrad,Rat_public_Emilee,0.41853746082940324,0.19299349423673734,116.8660982509598,1.854680163815105,2.2760147142508016,0
Rat_education_Conrad,Rat_public_Roma,0.5094573184551048,0.36230122147013455,40.61705792429979,1.8860885499988094,0.13388321848534135,0
Rat_education_Conrad,Rat_education_Terese,0.47885246597605685,0.10075470200165566,375.26562677758506,0.45804241203519114,3.3470804621335315,1
Rat_education_Conrad,Rat_assembly_Deandre,0.6095954134506542,0.25731217291926384,136.9088902925418,2.281913478243333,2.2760147142508016,0
Rat_education_Conrad,Rat_education_Adell,0.4766239882980415,0.1975759611611889,141.2358191233579,0.8245847866656366,1.6958541008143229,1
Rat_education_Conrad,Rat_public_Tricia,0.8130712945397368,0.16674423112866849,387.61584675893755,2.7413552281292284,2.2760147142508016,0
Rat_education_Alfonso,Rat_public_Wilma,0.1994453594728228,0.16250505327587528,22.731789228877783,1.113658148743481,1.6958541008143229,0
Rat_education_Alfonso,Rat_public_Jason,0.30642606328356575,0.2924230314421531,4.788621392902402,0.6454634889660062,1.6958541008143229,0
Rat_education_Alfonso,Rat_public_Carole,0.2695389410024479,0.13088117615001693,105.94171670149149,1.4416713712395663,1.6958541008143229,0
Rat_education_Alfonso,Rat_health_Rosaria,0.4111834057919592,0.20519341448034364,100.38820779569816,1.1653570997583063,3.7933578570846693,0
Rat_education_Alfonso,Rat_education_Tim,0.26364425427692717,0.1853940521540006,42.207504077815166,0.39114992367717444,1.9189927982898916,1
Rat_education_Alfonso,Rat_public_Sean,0.6690129391625582,0.2018872934911357,231.37941848327995,0.05331574498051905,1.6958541008143229,0
Rat_education_Alfonso,Rat_education_Adrian,0.28320718506050047,0.15745030610544986,79.87083802226903,0.18971373576914896,0.04462773949511378,1
Rat_education_Alfonso,Rat_public_Margart,0.2596738288645343,0.1915978872677605,35.5306327055876,0.9080917606534087,1.6958541008143229,0
Rat_education_Alfonso,Rat_assembly_Kimberley,0.21263310744575398,0.1169981354484951,81.74059495107021,0.9527913691393163,1.6958541008143229,0
Rat_education_Alfonso,Rat_public_Johnny,0.31985422529592394,0.18738885008266776,70.69010517691862,1.6188169636079486,1.6958541008143229,0
Rat_education_Alfonso,Rat_public_Frederick,0.2992132643095635,0.12812148595880132,133.5387090388402,1.2056804462404185,1.6958541008143229,0
Rat_education_Alfonso,Rat_health_Guy,0.28931678976726327,0.19945687684606464,45.052301200198805,1.521716114384418,0.13388321848534135,0
Rat_education_Alfonso,Rat_assembly_Suzanne,0.3892913301739819,0.2335235407647517,66.70324923094088,2.5314169100115227,1.6958541008143229,0
Rat_education_Alfonso,Rat_assembly_Pauline,0.5575746647097584,0.3739749987409571,49.09410163431168,3.0054891733673252,1.6958541008143229,0
Rat_education_Alfonso,Rat_other_Hazel,0.2692803893825628,0.07793774482728459,245.50703254155826,0.6078631540238426,1.6958541008143229,0
Rat_education_Alfonso,Rat_education_Candida,0.31175186346832184,0.18763596228911222,66.14718184351571,0.5322367481890817,4.061124294055352,1
Rat_education_Alfonso,Rat_education_Conrad,0.5924828725548504,0.307625192578067,92.59894405575847,0.9616652506730801,3.9718688150651245,1
Rat_education_Alfonso,Rat_education_Kandice,0.5984051128308393,0.5170953693209811,15.72432250101743,0.13389119398488392,1.6958541008143229,1
Rat_education_Alfonso,Rat_education_Liz,0.3065162699136109,0.24012520093798506,27.648521986150076,0.13649107423285312,0.6247883529315925,1
Rat_education_Alfonso,Rat_assembly_Mirta,0.23375753815937902,0.19766323862344218,18.26050194629169,0.008481553232241978,0.04462773949511378,0
Rat_education_Alfonso,Rat_assembly_Gerald,0.6875336335294135,0.8002916490610287,-14.089615412570227,1.714179335525213,1.6958541008143229,0
Rat_education_Alfonso,Rat_parking_Ronnie,0.3530323827040372,0.20341562486836928,73.55224453995865,2.6045185472886088,1.6958541008143229,0
Rat_education_Alfonso,Rat_education_Dreama,0.2868523458002794,0.2755245537605945,4.111354826665552,0.14480643777201818,1.6958541008143229,1
Rat_education_Alfonso,Rat_assembly_Kaitlyn,0.29008692416507276,0.09366511070297816,209.70648727995277,0.7910760091280461,1.6958541008143229,0
Rat_education_Alfonso,Rat_assembly_Ida,0.278656088334365,0.22604554080308642,23.274313372591088,1.172431127985272,1.6958541008143229,0
Rat_education_Alfonso,Rat_public_Michelle,0.3633038794926291,0.21179766833895156,71.53346509519348,0.595618259431161,1.651226361319209,0
Rat_education_Alfonso,Rat_lodging_Lorenzo,0.5195118640817018,0.3164100815559401,64.189415687077,2.347006045096874,1.6958541008143229,0
Rat_education_Alfonso,Rat_office_Ramiro,0.35629148583228887,0.37759805683497755,-5.642659070144615,0.03294585053918864,1.6958541008143229,0
Rat_education_Alfonso,Rat_public_Amber,0.31470361562019483,0.34373344096304037,-8.445446931643449,0.9276633724459176,1.6958541008143229,0
Rat_education_Alfonso,Rat_public_Duane,0.6157561322538813,0.36795063698313035,67.34748370122054,0.18665320439202315,1.6958541008143229,0
Rat_education_Alfonso,Rat_public_Alanna,0.31125602888493736,0.19608913462753244,58.731910095968466,1.1362033921063073,2.2760147142508016,0
Rat_education_Alfonso,Rat_office_Kasey,0.27111041534183994,0.16803394575157518,61.34264664751438,0.6078631540238426,1.6958541008143229,0
Rat_education_Alfonso,Rat_public_Dexter,0.28304319585727433,0.09239349181476958,206.34538244827803,1.610443127033678,1.6958541008143229,0
Rat_education_Alfonso,Rat_public_Emilee,0.29829735473269925,0.19299349423673734,54.56342500685019,0.8930149131420249,1.6958541008143229,0
Rat_education_Alfonso,Rat_public_Roma,0.35093137452821616,0.36230122147013455,-3.1382303641655374,0.9244232993257293,3.837985596579783,0
Rat_education_Alfonso,Rat_education_Terese,0.20587053188951215,0.10075470200165566,104.32846090510908,0.5036228386378889,0.6247883529315927,1
Rat_education_Alfonso,Rat_assembly_Deandre,0.40062680399069717,0.25731217291926384,55.69679407137912,1.3202482275702527,1.6958541008143229,0
Rat_education_Alfonso,Rat_education_Adell,0.2798432896097863,0.1975759611611889,41.638328855948764,0.13708046400744345,2.2760147142508016,1
Rat_education_Alfonso,Rat_public_Tricia,0.42887391951972686,0.16674423112866849,157.2046520690635,1.7796899774561483,1.6958541008143229,0
Rat_education_Kandice,Rat_public_Wilma,0.3563502820016195,0.16250505327587528,119.28566208748263,1.2475493427283648,0.0,0
Rat_education_Kandice,Rat_public_Jason,0.3407255082698664,0.2924230314421531,16.518013847780143,0.7793546829508902,0.0,0
Rat_education_Kandice,Rat_public_Carole,0.3505663899170608,0.13088117615001693,167.85088599390266,1.5755625652244503,0.0,0
Rat_education_Kandice,Rat_health_Rosaria,0.40268794334660984,0.20519341448034364,96.24798601184399,1.2992482937431902,2.0975037562703465,0
Rat_education_Kandice,Rat_education_Tim,0.39348835605886895,0.1853940521540006,112.24432579531269,0.5250411176620584,0.22313869747556878,1
Rat_education_Kandice,Rat_public_Sean,0.530562072756773,0.2018872934911357,162.80112214197794,0.18720693896540297,0.0,0
Rat_education_Kandice,Rat_education_Adrian,0.4503960816336355,0.15745030610544986,186.0560215945149,0.3236049297540329,1.7404818403094366,1
Rat_education_Kandice,Rat_public_Margart,0.47182846322143346,0.1915978872677605,146.25974218705613,1.0419829546382926,0.0,0
Rat_education_Kandice,Rat_assembly_Kimberley,0.36100293626049085,0.1169981354484951,208.55443539902524,1.0866825631242,0.0,0
Rat_education_Kandice,Rat_public_Johnny,0.30384775069508685,0.18738885008266776,62.14825511819008,1.7527081575928325,0.0,0
Rat_education_Kandice,Rat_public_Frederick,0.40725058207735776,0.12812148595880132,217.86283075760844,1.3395716402253024,0.0,0
Rat_education_Kandice,Rat_health_Guy,0.350634674625907,0.19945687684606464,75.7947282492131,1.387824920399534,1.8297373192996642,0
Rat_education_Kandice,Rat_assembly_Suzanne,0.42934159817869794,0.2335235407647517,83.85366921582033,2.6653081039964066,0.0,0
Rat_education_Kandice,Rat_assembly_Pauline,0.6969380393009366,0.3739749987409571,86.35952714681008,3.139380367352209,0.0,0
Rat_education_Kandice,Rat_other_Hazel,0.3128132373268043,0.07793774482728459,301.3629570884043,0.7417543480087265,0.0,0
Rat_education_Kandice,Rat_education_Candida,0.36924744678531857,0.18763596228911222,96.78927337840318,0.6661279421739656,2.365270193241029,1
Rat_education_Kandice,Rat_education_Conrad,0.8111540956716856,0.307625192578067,163.68259662798474,0.8277740566881961,2.2760147142508016,1
Rat_education_Kandice,Rat_education_Alfonso,0.46654584172092683,0.3160769552774824,47.6051429663224,0.13389119398488392,1.6958541008143229,1
Rat_education_Kandice,Rat_education_Liz,0.4823957844393089,0.24012520093798506,100.89344331830164,0.27038226821773703,2.3206424537459154,1
Rat_education_Kandice,Rat_assembly_Mirta,0.42894918451145425,0.19766323862344218,117.01009631265971,0.12540964075264194,1.651226361319209,0
Rat_education_Kandice,Rat_assembly_Gerald,0.7405596251386954,0.8002916490610287,-7.4637819840324475,1.848070529510097,0.0,0
Rat_education_Kandice,Rat_parking_Ronnie,0.4317957237496617,0.20341562486836928,112.2726432785474,2.738409741273493,0.0,0
Rat_education_Kandice,Rat_education_Dreama,0.38798414001238124,0.2755245537605945,40.816538750119456,0.010915243787134266,0.0,1
Rat_education_Kandice,Rat_assembly_Kaitlyn,0.3560786456203581,0.09366511070297816,280.16145280553894,0.92496720311293,0.0,0
Rat_education_Kandice,Rat_assembly_Ida,0.40259606637840345,0.22604554080308642,78.1039630103185,1.3063223219701559,0.0,0
Rat_education_Kandice,Rat_public_Michelle,0.5400165814079818,0.21179766833895156,154.96814277660667,0.7295094534160449,0.04462773949511376,0
Rat_education_Kandice,Rat_lodging_Lorenzo,0.5948076759634726,0.3164100815559401,87.9863223821814,2.4808972390817576,0.0,0
Rat_education_Kandice,Rat_office_Ramiro,0.44188149047751724,0.37759805683497755,17.024302026700738,0.10094534344569528,0.0,0
Rat_education_Kandice,Rat_public_Amber,0.46879490240479993,0.34373344096304037,36.383268701286084,1.0615545664308015,0.0,0
Rat_education_Kandice,Rat_public_Duane,0.5821458944156084,0.36795063698313035,58.213041615769335,0.05276201040713924,0.0,0
Rat_education_Kandice,Rat_public_Alanna,0.39744623122203887,0.19608913462753244,102.68651395549293,1.0023121981214234,0.5801606134364788,0
Rat_education_Kandice,Rat_office_Kasey,0.4932272137261695,0.16803394575157518,193.52831745995346,0.7417543480087265,0.0,0
Rat_education_Kandice,Rat_public_Dexter,0.31493431661502375,0.09239349181476958,240.86201357819,1.744334321018562,0.0,0
Rat_education_Kandice,Rat_public_Emilee,0.5360029645231762,0.19299349423673734,177.73110520797294,1.0269061071269088,0.0,0
Rat_education_Kandice,Rat_public_Roma,0.5358903750005765,0.36230122147013455,47.912936320241286,1.0583144933106132,2.1421314957654602,0
Rat_education_Kandice,Rat_education_Terese,0.37071564529373985,0.10075470200165566,267.9388037767687,0.369731644653005,1.0710657478827301,1
Rat_education_Kandice,Rat_assembly_Deandre,0.46480450059108763,0.25731217291926384,80.63836441073782,1.4541394215551366,0.0,0
Rat_education_Kandice,Rat_education_Adell,0.5276969510334643,0.1975759611611889,167.08560491473548,0.0031892700225595316,0.5801606134364788,1
Rat_education_Kandice,Rat_public_Tricia,0.3793499874271136,0.16674423112866849,127.5041150505456,1.9135811714410322,0.0,0
Rat_education_Liz,Rat_public_Wilma,0.3046435855965381,0.16250505327587528,87.46714607044409,0.9771670745106278,2.3206424537459154,0
Rat_education_Liz,Rat_public_Jason,0.3665386599240824,0.2924230314421531,25.345345787713995,0.5089724147331531,2.3206424537459154,0
Rat_education_Liz,Rat_public_Carole,0.3161990957167618,0.13088117615001693,141.59249253256417,1.3051802970067132,2.3206424537459154,0
Rat_education_Liz,Rat_health_Rosaria,0.3520258269454876,0.20519341448034364,71.55805308713242,1.0288660255254531,4.418146210016262,0
Rat_education_Liz,Rat_education_Tim,0.3304336235877452,0.1853940521540006,78.23313086293896,0.2546588494443213,2.5437811512214843,1
Rat_education_Liz,Rat_public_Sean,0.614974682774303,0.2018872934911357,204.61287193456025,0.08317532925233406,2.3206424537459154,0
Rat_education_Liz,Rat_education_Adrian,0.33909286427149954,0.15745030610544986,115.36500795647704,0.053222661536295846,0.5801606134364787,1
Rat_education_Liz,Rat_public_Margart,0.3987479118246131,0.1915978872677605,108.1170713888707,0.7716006864205556,2.3206424537459154,0
Rat_education_Liz,Rat_assembly_Kimberley,0.292152496124306,0.1169981354484951,149.70696755498065,0.8163002949064632,2.3206424537459154,0
Rat_education_Liz,Rat_public_Johnny,0.3353786418755091,0.18738885008266776,78.97470512656155,1.4823258893750955,2.3206424537459154,0
Rat_education_Liz,Rat_public_Frederick,0.36677031271724986,0.12812148595880132,186.2676076323282,1.0691893720075654,2.3206424537459154,0
Rat_education_Liz,Rat_health_Guy,0.30766553934755536,0.19945687684606464,54.25165790849278,1.6582071886172711,0.49090513444625117,0
Rat_education_Liz,Rat_assembly_Suzanne,0.4816022046541272,0.2335235407647517,106.23282906595118,2.3949258357786696,2.3206424537459154,0
Rat_education_Liz,Rat_assembly_Pauline,0.622594630755953,0.3739749987409571,66.4802815300518,2.868998099134472,2.3206424537459154,0
Rat_education_Liz,Rat_other_Hazel,0.2986881140878377,0.07793774482728459,283.2393595038593,0.47137207979098955,2.3206424537459154,0
Rat_education_Liz,Rat_education_Candida,0.34316322246885306,0.18763596228911222,82.88776750594438,0.3957456739562286,4.685912646986944,1
Rat_education_Liz,Rat_education_Conrad,0.6541410174848306,0.307625192578067,112.6422130784452,1.0981563249059332,4.596657167996717,1
Rat_education_Liz,Rat_education_Alfonso,0.43205292793413863,0.3160769552774824,36.692321512285346,0.13649107423285312,0.6247883529315925,1
Rat_education_Liz,Rat_education_Kandice,0.6534201192308028,0.5170953693209811,26.363560379361985,0.27038226821773703,2.3206424537459154,1
Rat_education_Liz,Rat_assembly_Mirta,0.27686817986024476,0.19766323862344218,40.07064833521813,0.1449726274650951,0.6694160924267063,0
Rat_education_Liz,Rat_assembly_Gerald,0.724769193761473,0.8002916490610287,-9.4368665958423,1.57768826129236,2.3206424537459154,0
Rat_education_Liz,Rat_parking_Ronnie,0.36856618937221025,0.20341562486836928,81.18873100859891,2.4680274730557556,2.3206424537459154,0
Rat_education_Liz,Rat_education_Dreama,0.34730706452146093,0.2755245537605945,26.053035847846377,0.2812975120048713,2.3206424537459154,1
Rat_education_Liz,Rat_assembly_Kaitlyn,0.3748076940459293,0.09366511070297816,300.15721033468225,0.654584934895193,2.3206424537459154,0
Rat_education_Liz,Rat_assembly_Ida,0.31447602417289566,0.22604554080308642,39.12064934156039,1.0359400537524188,2.3206424537459154,0
Rat_education_Liz,Rat_public_Michelle,0.3661424137288133,0.21179766833895156,72.87367542821825,0.45912718519830786,2.2760147142508016,0
Rat_education_Liz,Rat_lodging_Lorenzo,0.5632398816611881,0.3164100815559401,78.00946129512295,2.210514970864021,2.3206424537459154,0
Rat_education_Liz,Rat_office_Ramiro,0.3861494915685741,0.37759805683497755,2.264692463005389,0.16943692477204175,2.3206424537459154,0
Rat_education_Liz,Rat_public_Amber,0.3655889669809786,0.34373344096304037,6.358277494533391,0.7911722982130645,2.3206424537459154,0
Rat_education_Liz,Rat_public_Duane,0.5751750091345028,0.36795063698313035,56.31852518327701,0.32314427862487627,2.3206424537459154,0
Rat_education_Liz,Rat_public_Alanna,0.3565114019441858,0.19608913462753244,81.81089055310096,1.2726944663391604,2.900803067182394,0
Rat_education_Liz,Rat_office_Kasey,0.31702497075914415,0.16803394575157518,88.6672180083424,0.47137207979098955,2.3206424537459154,0
Rat_education_Liz,Rat_public_Dexter,0.3163640060587196,0.09239349181476958,242.40940551631712,1.473952052800825,2.3206424537459154,0
Rat_education_Liz,Rat_public_Emilee,0.43749496315294945,0.19299349423673734,126.68896943038506,0.7565238389091717,2.3206424537459154,0
Rat_education_Liz,Rat_public_Roma,0.459801452356603,0.36230122147013455,26.911372390861693,0.7879322250928762,4.462773949511376,0
Rat_education_Liz,Rat_education_Terese,0.2214042311258651,0.10075470200165566,119.74580513594975,0.640113912870742,1.2495767058631853,1
Rat_education_Liz,Rat_assembly_Deandre,0.4525344526540145,0.25731217291926384,75.86981895178548,1.1837571533373996,2.3206424537459154,0
Rat_education_Liz,Rat_education_Adell,0.32224041174918744,0.1975759611611889,63.09697285809646,0.27357153824029656,2.900803067182394,1
Rat_education_Liz,Rat_public_Tricia,0.40124950401741766,0.16674423112866849,140.63771280206555,1.6431989032232952,2.3206424537459154,0
Rat_assembly_Mirta,Rat_public_Wilma,0.23911063652627323,0.16250505327587528,47.14043145498322,1.1221397019757229,1.651226361319209,0
Rat_assembly_Mirta,Rat_public_Jason,0.32087808019622416,0.2924230314421531,9.730782357921088,0.6539450421982482,1.651226361319209,0
Rat_assembly_Mirta,Rat_public_Carole,0.25916778378698907,0.13088117615001693,98.01761522216849,1.4501529244718083,1.651226361319209,0
Rat_assembly_Mirta,Rat_health_Rosaria,0.4907723809321947,0.20519341448034364,139.17550286644698,1.1738386529905482,3.7487301175895555,0
Rat_assembly_Mirta,Rat_education_Tim,0.21597881977649264,0.1853940521540006,16.497167663764266,0.3996314769094164,1.8743650587947778,0
Rat_assembly_Mirta,Rat_public_Sean,0.7863622663029791,0.2018872934911357,289.5055764554623,0.06179729821276103,1.651226361319209,0
Rat_assembly_Mirta,Rat_education_Adrian,0.19083062090711325,0.15745030610544986,21.200539794001706,0.19819528900139094,0.08925547899022757,0
Rat_assembly_Mirta,Rat_public_Margart,0.2877064718468441,0.1915978872677605,50.16160979101541,0.9165733138856507,1.651226361319209,0
Rat_assembly_Mirta,Rat_assembly_Kimberley,0.19541546275838245,0.1169981354484951,67.0244247989817,0.9612729223715583,1.651226361319209,1
Rat_assembly_Mirta,Rat_public_Johnny,0.3681618466422445,0.18738885008266776,96.46945188031604,1.6272985168401906,1.651226361319209,0
Rat_assembly_Mirta,Rat_public_Frederick,0.2594233453670545,0.12812148595880132,102.4823107737562,1.2141619994726605,1.651226361319209,0
Rat_assembly_Mirta,Rat_health_Guy,0.24644245469796208,0.19945687684606464,23.55676003498221,1.513234561152176,0.17851095798045513,0
Rat_assembly_Mirta,Rat_assembly_Suzanne,0.41433675715182755,0.2335235407647517,77.42826089178928,2.5398984632437647,1.651226361319209,1
Rat_assembly_Mirta,Rat_assembly_Pauline,0.5616935632125328,0.3739749987409571,50.195485020003595,3.013970726599567,1.651226361319209,1
Rat_assembly_Mirta,Rat_other_Hazel,0.28348979498214527,0.07793774482728459,263.7387707462901,0.6163447072560846,1.651226361319209,0
Rat_assembly_Mirta,Rat_education_Candida,0.3772472069697782,0.18763596228911222,101.05272058056238,0.5407183014213237,4.016496554560238,0
Rat_assembly_Mirta,Rat_education_Conrad,0.5463276854556391,0.307625192578067,77.59523557778707,0.9531836974408381,3.9272410755700107,0
Rat_assembly_Mirta,Rat_education_Alfonso,0.43465367052255466,0.3160769552774824,37.515140938058686,0.008481553232241978,0.04462773949511378,0
Rat_assembly_Mirta,Rat_education_Kandice,0.6512985762012901,0.5170953693209811,25.95327957713809,0.12540964075264194,1.651226361319209,0
Rat_assembly_Mirta,Rat_education_Liz,0.3448492960649643,0.24012520093798506,43.61228838868327,0.1449726274650951,0.6694160924267063,0
Rat_assembly_Mirta,Rat_assembly_Gerald,0.6768156365511744,0.8002916490610287,-15.428876791945415,1.722660888757455,1.651226361319209,1
Rat_assembly_Mirta,Rat_parking_Ronnie,0.4310195923610144,0.20341562486836928,111.89109373477488,2.6130001005208507,1.651226361319209,0
Rat_assembly_Mirta,Rat_education_Dreama,0.24085053465308512,0.2755245537605945,-12.58472924980686,0.1363248845397762,1.651226361319209,0
Rat_assembly_Mirta,Rat_assembly_Kaitlyn,0.2873238930928801,0.09366511070297816,206.75658303977679,0.7995575623602881,1.651226361319209,1
Rat_assembly_Mirta,Rat_assembly_Ida,0.3134770432688938,0.22604554080308642,38.67871144689867,1.180912681217514,1.651226361319209,1
Rat_assembly_Mirta,Rat_public_Michelle,0.4094235078315457,0.21179766833895156,93.30878901665835,0.604099812663403,1.6065986218240953,0
Rat_assembly_Mirta,Rat_lodging_Lorenzo,0.48266346773482033,0.3164100815559401,52.54364379331171,2.355487598329116,1.651226361319209,0
Rat_assembly_Mirta,Rat_office_Ramiro,0.381305621455262,0.37759805683497755,0.9818812764454337,0.02446429730694666,1.651226361319209,0
Rat_assembly_Mirta,Rat_public_Amber,0.4053424531317597,0.34373344096304037,17.9234851273443,0.9361449256781595,1.651226361319209,0
Rat_assembly_Mirta,Rat_public_Duane,0.7018878550238947,0.36795063698313035,90.7559831337035,0.17817165115978117,1.651226361319209,0
Rat_assembly_Mirta,Rat_public_Alanna,0.27522517949204084,0.19608913462753244,40.35717991964511,1.1277218388740653,2.231386974755688,0
Rat_assembly_Mirta,Rat_office_Kasey,0.38047568403889576,0.16803394575157518,126.42786987898194,0.6163447072560846,1.651226361319209,0
Rat_assembly_Mirta,Rat_public_Dexter,0.29440353144263354,0.09239349181476958,218.64098396979475,1.61892468026592,1.651226361319209,0
Rat_assembly_Mirta,Rat_public_Emilee,0.3327341193904269,0.19299349423673734,72.40690972840534,0.9014964663742668,1.651226361319209,0
Rat_assembly_Mirta,Rat_public_Roma,0.3848201638986542,0.36230122147013455,6.215530363696537,0.9329048525579713,3.7933578570846693,0
Rat_assembly_Mirta,Rat_education_Terese,0.18202651294117828,0.10075470200165566,80.66304532188195,0.49514128540564695,0.580160613436479,0
Rat_assembly_Mirta,Rat_assembly_Deandre,0.3948201280079435,0.25731217291926384,53.4401282024948,1.3287297808024947,1.651226361319209,1
Rat_assembly_Mirta,Rat_education_Adell,0.33814343704407684,0.1975759611611889,71.1460417840045,0.12859891077520147,2.231386974755688,0
Rat_assembly_Mirta,Rat_public_Tricia,0.49473495651486454,0.16674423112866849,196.7028923076214,1.7881715306883903,1.651226361319209,0
Rat_assembly_Gerald,Rat_public_Wilma,0.6477654040957234,0.16250505327587528,298.6124683741681,0.6005211867817322,0.0,0
Rat_assembly_Gerald,Rat_public_Jason,0.6347761455740595,0.2924230314421531,117.07460675840453,1.0687158465592068,0.0,0
Rat_assembly_Gerald,Rat_public_Carole,0.6160810729180971,0.13088117615001693,370.7178610711296,0.2725079642856467,0.0,0
Rat_assembly_Gerald,Rat_health_Rosaria,0.7425505442757321,0.20519341448034364,261.8783508019767,0.5488222357669068,2.0975037562703465,0
Rat_assembly_Gerald,Rat_education_Tim,0.6430390984355823,0.1853940521540006,246.8499075156043,1.3230294118480386,0.22313869747556878,0
Rat_assembly_Gerald,Rat_public_Sean,0.7268654904223387,0.2018872934911357,260.03528397108033,1.660863590544694,0.0,0
Rat_assembly_Gerald,Rat_education_Adrian,0.7239666000851511,0.15745030610544986,359.80641003027705,1.524465599756064,1.7404818403094366,0
Rat_assembly_Gerald,Rat_public_Margart,0.747386103565375,0.1915978872677605,290.0805558053432,0.8060875748718044,0.0,0
Rat_assembly_Gerald,Rat_assembly_Kimberley,0.617929779431167,0.1169981354484951,428.15352745787294,0.7613879663858968,0.0,1
Rat_assembly_Gerald,Rat_public_Johnny,0.5044056413900532,0.18738885008266776,169.17590943512994,0.09536237191726449,0.0,0
Rat_assembly_Gerald,Rat_public_Frederick,0.6362052094777851,0.12812148595880132,396.56402649151516,0.5084988892847945,0.0,0
Rat_assembly_Gerald,Rat_health_Guy,0.5806878837901717,0.19945687684606464,191.13455147416687,3.235895449909631,1.8297373192996642,0
Rat_assembly_Gerald,Rat_assembly_Suzanne,0.6342979921168496,0.2335235407647517,171.62057839634778,0.8172375744863096,0.0,1
Rat_assembly_Gerald,Rat_assembly_Pauline,0.8202693352517612,0.3739749987409571,119.33801404193352,1.2913098378421122,0.0,1
Rat_assembly_Gerald,Rat_other_Hazel,0.566757845243323,0.07793774482728459,627.1930263049019,1.1063161815013705,0.0,0
Rat_assembly_Gerald,Rat_education_Candida,0.6697617772184116,0.18763596228911222,256.9474470924891,1.1819425873361313,2.365270193241029,0
Rat_assembly_Gerald,Rat_education_Conrad,0.9734523085343322,0.307625192578067,216.44102369388887,2.675844586198293,2.2760147142508016,0
Rat_assembly_Gerald,Rat_education_Alfonso,0.5737945756493034,0.3160769552774824,81.53635248275911,1.714179335525213,1.6958541008143229,0
Rat_assembly_Gerald,Rat_education_Kandice,0.6640636072308833,0.5170953693209811,28.421882428166427,1.848070529510097,0.0,0
Rat_assembly_Gerald,Rat_education_Liz,0.8056094746921473,0.24012520093798506,235.49559627446376,1.57768826129236,2.3206424537459154,0
Rat_assembly_Gerald,Rat_assembly_Mirta,0.7304135972612874,0.19766323862344218,269.5242485896732,1.722660888757455,1.651226361319209,1
Rat_assembly_Gerald,Rat_parking_Ronnie,0.7326595946431916,0.20341562486836928,260.17862202930445,0.8903392117633959,0.0,0
Rat_assembly_Gerald,Rat_education_Dreama,0.6523649385596971,0.2755245537605945,136.77197899630474,1.8589857732972312,0.0,0
Rat_assembly_Gerald,Rat_assembly_Kaitlyn,0.6050382660190258,0.09366511070297816,545.9590571965108,0.923103326397167,0.0,1
Rat_assembly_Gerald,Rat_assembly_Ida,0.6696334184189545,0.22604554080308642,196.23827837519164,0.5417482075399411,0.0,1
Rat_assembly_Gerald,Rat_public_Michelle,0.7440937804970886,0.21179766833895156,251.32293302977922,1.118561076094052,0.04462773949511376,0
Rat_assembly_Gerald,Rat_lodging_Lorenzo,0.7112282340271552,0.3164100815559401,124.78052233029521,0.6328267095716609,0.0,0
Rat_assembly_Gerald,Rat_office_Ramiro,0.6270528802438682,0.37759805683497755,66.06358769423181,1.7471251860644017,0.0,0
Rat_assembly_Gerald,Rat_public_Amber,0.7625764171392293,0.34373344096304037,121.85109921301624,0.7865159630792955,0.0,0
Rat_assembly_Gerald,Rat_public_Duane,0.8099253270379887,0.36795063698313035,120.11793040464877,1.900832539917236,0.0,0
Rat_assembly_Gerald,Rat_public_Alanna,0.6107924510953444,0.19608913462753244,211.48714703419594,2.85038272763152,0.5801606134364788,0
Rat_assembly_Gerald,Rat_office_Kasey,0.7425829927980617,0.16803394575157518,341.9243918106355,1.1063161815013705,0.0,0
Rat_assembly_Gerald,Rat_public_Dexter,0.6125166363590527,0.09239349181476958,562.943486957962,0.10373620849153498,0.0,0
Rat_assembly_Gerald,Rat_public_Emilee,0.7568571042672845,0.19299349423673734,292.16715944780935,0.8211644223831882,0.0,0
Rat_assembly_Gerald,Rat_public_Roma,0.8072455495051116,0.36230122147013455,122.8106066630126,0.7897560361994838,2.1421314957654602,0
Rat_assembly_Gerald,Rat_education_Terese,0.6759418446750965,0.10075470200165566,570.8787096248759,2.217802174163102,1.0710657478827301,0
Rat_assembly_Gerald,Rat_assembly_Deandre,0.5792691282850524,0.25731217291926384,125.12309530991685,0.39393110795496034,0.0,1
Rat_assembly_Gerald,Rat_education_Adell,0.778418110560848,0.1975759611611889,293.98422054279627,1.8512597995326565,0.5801606134364788,0
Rat_assembly_Gerald,Rat_public_Tricia,0.6426928627350809,0.16674423112866849,285.43634066665,0.06551064193093525,0.0,0
Rat_parking_Ronnie,Rat_public_Wilma,0.34972396013910373,0.16250505327587528,115.20805235846908,1.490860398545128,0.0,0
Rat_parking_Ronnie,Rat_public_Jason,0.38492257985928996,0.2924230314421531,31.632100919326888,1.9590550583226027,0.0,0
Rat_parking_Ronnie,Rat_public_Carole,0.32719334453778603,0.13088117615001693,149.99266828314157,1.1628471760490426,0.0,0
Rat_parking_Ronnie,Rat_health_Rosaria,0.27636259953899345,0.20519341448034364,34.68395184069975,1.4391614475303027,2.0975037562703465,0
Rat_parking_Ronnie,Rat_education_Tim,0.3593354225644141,0.1853940521540006,93.82251932544537,2.2133686236114345,0.22313869747556878,0
Rat_parking_Ronnie,Rat_public_Sean,0.5108889164696909,0.2018872934911357,153.0564988192893,2.55120280230809,0.0,0
Rat_parking_Ronnie,Rat_education_Adrian,0.40533957047816055,0.15745030610544986,157.43968398936664,2.41480481151946,1.7404818403094366,0
Rat_parking_Ronnie,Rat_public_Margart,0.44441819777356495,0.1915978872677605,131.9536003820777,1.6964267866352003,0.0,0
Rat_parking_Ronnie,Rat_assembly_Kimberley,0.31079834241214555,0.1169981354484951,165.6438422892347,1.6517271781492928,0.0,0
Rat_parking_Ronnie,Rat_public_Johnny,0.3164393184952862,0.18738885008266776,68.86774125338142,0.9857015836806604,0.0,0
Rat_parking_Ronnie,Rat_public_Frederick,0.3941633096434681,0.12812148595880132,207.64809406769996,1.3988381010481903,0.0,0
Rat_parking_Ronnie,Rat_health_Guy,0.33474663593651577,0.19945687684606464,67.82907725706748,4.126234661673027,1.8297373192996642,0
Rat_parking_Ronnie,Rat_assembly_Suzanne,0.4358573131671687,0.2335235407647517,86.64384401667031,0.0731016372770863,0.0,0
Rat_parking_Ronnie,Rat_assembly_Pauline,0.6258023713823876,0.3739749987409571,67.33802352810886,0.40097062607871625,0.0,0
Rat_parking_Ronnie,Rat_other_Hazel,0.28945701515374356,0.07793774482728459,271.3951639160207,1.9966553932647664,0.0,0
Rat_parking_Ronnie,Rat_education_Candida,0.2906492099548341,0.18763596228911222,54.900588570008544,2.0722817990995273,2.365270193241029,0
Rat_parking_Ronnie,Rat_education_Conrad,0.743941667868587,0.307625192578067,141.83379184063236,3.5661837979616893,2.2760147142508016,0
Rat_parking_Ronnie,Rat_education_Alfonso,0.4551551582048537,0.3160769552774824,44.00137390759007,2.6045185472886088,1.6958541008143229,0
Rat_parking_Ronnie,Rat_education_Kandice,0.6018753798298213,0.5170953693209811,16.39543023179037,2.738409741273493,0.0,0
Rat_parking_Ronnie,Rat_education_Liz,0.3144470953731372,0.24012520093798506,30.951309627158448,2.4680274730557556,2.3206424537459154,0
Rat_parking_Ronnie,Rat_assembly_Mirta,0.38306857952617035,0.19766323862344218,93.7985951226541,2.6130001005208507,1.651226361319209,0
Rat_parking_Ronnie,Rat_assembly_Gerald,0.7169372646178399,0.8002916490610287,-10.415500966552298,0.8903392117633959,0.0,0
Rat_parking_Ronnie,Rat_education_Dreama,0.36452494046099276,0.2755245537605945,32.302161635195475,2.7493249850606274,0.0,0
Rat_parking_Ronnie,Rat_assembly_Kaitlyn,0.3815745517872527,0.09366511070297816,307.38173362893406,1.813442538160563,0.0,0
Rat_parking_Ronnie,Rat_assembly_Ida,0.2964483858305559,0.22604554080308642,31.14542528790649,1.432087419303337,0.0,0
Rat_parking_Ronnie,Rat_public_Michelle,0.4555360147925774,0.21179766833895156,115.08075058860318,2.0089002878574482,0.04462773949511376,0
Rat_parking_Ronnie,Rat_lodging_Lorenzo,0.597438096567405,0.3164100815559401,88.81765512322345,0.25751250219173505,0.0,0
Rat_parking_Ronnie,Rat_office_Ramiro,0.38843573104287094,0.37759805683497755,2.8701615412787462,2.637464397827798,0.0,0
Rat_parking_Ronnie,Rat_public_Amber,0.37678522997102065,0.34373344096304037,9.615529090035247,1.6768551748426914,0.0,0
Rat_parking_Ronnie,Rat_public_Duane,0.438228969497748,0.36795063698313035,19.099935005096818,2.7911717516806323,0.0,0
Rat_parking_Ronnie,Rat_public_Alanna,0.39350571819869024,0.19608913462753244,100.6769620081943,3.7407219393949163,0.5801606134364788,0
Rat_parking_Ronnie,Rat_office_Kasey,0.34483837681351015,0.16803394575157518,105.21947233407603,1.9966553932647664,0.0,0
Rat_parking_Ronnie,Rat_public_Dexter,0.28016158120798057,0.09239349181476958,203.22653219952804,0.9940754202549309,0.0,0
Rat_parking_Ronnie,Rat_public_Emilee,0.4935447805675071,0.19299349423673734,155.73130458071068,1.7115036341465841,0.0,0
Rat_parking_Ronnie,Rat_public_Roma,0.44538325960369557,0.36230122147013455,22.931757667399886,1.6800952479628797,2.1421314957654602,0
Rat_parking_Ronnie,Rat_education_Terese,0.2948098375925199,0.10075470200165566,192.6015677041806,3.1081413859264977,1.0710657478827301,0
Rat_parking_Ronnie,Rat_assembly_Deandre,0.47917335700786245,0.25731217291926384,86.22257609173096,1.2842703197183563,0.0,0
Rat_parking_Ronnie,Rat_education_Adell,0.392890807324651,0.1975759611611889,98.85557180922324,2.7415990112960524,0.5801606134364788,0
Rat_parking_Ronnie,Rat_public_Tricia,0.2529730743945434,0.16674423112866849,51.713239302015964,0.8248285698324607,0.0,0
Rat_education_Dreama,Rat_public_Wilma,0.22658974350408714,0.16250505327587528,39.435506118950684,1.258464586515499,0.0,0
Rat_education_Dreama,Rat_public_Jason,0.2770083239362642,0.2924230314421531,-5.271372583023865,0.7902699267380244,0.0,0
Rat_education_Dreama,Rat_public_Carole,0.24260906152305048,0.13088117615001693,85.36589344595303,1.5864778090115845,0.0,0
Rat_education_Dreama,Rat_health_Rosaria,0.4035778703339998,0.20519341448034364,96.68168754639063,1.3101635375303244,2.0975037562703465,0
Rat_education_Dreama,Rat_education_Tim,0.3041836538287847,0.1853940521540006,64.07411688488776,0.5359563614491927,0.22313869747556878,1
Rat_education_Dreama,Rat_public_Sean,0.5487530940097209,0.2018872934911357,171.81160563421744,0.19812218275253723,0.0,0
Rat_education_Dreama,Rat_education_Adrian,0.3743350560560949,0.15745030610544986,137.74806497066442,0.33452017354116714,1.7404818403094366,1
Rat_education_Dreama,Rat_public_Margart,0.3898403878761405,0.1915978872677605,103.46799927461285,1.0528981984254269,0.0,0
Rat_education_Dreama,Rat_assembly_Kimberley,0.22987037398467114,0.1169981354484951,96.4735361837152,1.0975978069113344,0.0,0
Rat_education_Dreama,Rat_public_Johnny,0.1752927727001895,0.18738885008266776,-6.4550678320198855,1.7636234013799668,0.0,0
Rat_education_Dreama,Rat_public_Frederick,0.29710417860777666,0.12812148595880132,131.89254822045487,1.3504868840124367,0.0,0
Rat_education_Dreama,Rat_health_Guy,0.22652627037342019,0.19945687684606464,13.57155188399293,1.3769096766123998,1.8297373192996642,0
Rat_education_Dreama,Rat_assembly_Suzanne,0.43651349368481407,0.2335235407647517,86.92483518162803,2.676223347783541,0.0,0
Rat_education_Dreama,Rat_assembly_Pauline,0.6813573689790696,0.3739749987409571,82.19329400974968,3.1502956111393434,0.0,0
Rat_education_Dreama,Rat_other_Hazel,0.13294517087429042,0.07793774482728459,70.57867297662521,0.7526695917958608,0.0,0
Rat_education_Dreama,Rat_education_Candida,0.2638899792613586,0.18763596228911222,40.639340157380424,0.6770431859610999,2.365270193241029,1
Rat_education_Dreama,Rat_education_Conrad,0.7623664704993002,0.307625192578067,147.82315912108925,0.8168588129010619,2.2760147142508016,1
Rat_education_Dreama,Rat_education_Alfonso,0.3758718366265305,0.3160769552774824,18.917823761164257,0.14480643777201818,1.6958541008143229,1
Rat_education_Dreama,Rat_education_Kandice,0.5520013732321489,0.5170953693209811,6.750399632664342,0.010915243787134266,0.0,1
Rat_education_Dreama,Rat_education_Liz,0.3921125108975319,0.24012520093798506,63.29502666352759,0.2812975120048713,2.3206424537459154,1
Rat_education_Dreama,Rat_assembly_Mirta,0.29516093608264643,0.19766323862344218,49.32515430698876,0.1363248845397762,1.651226361319209,0
Rat_education_Dreama,Rat_assembly_Gerald,0.730647370690781,0.8002916490610287,-8.70236225155671,1.8589857732972312,0.0,0
Rat_education_Dreama,Rat_parking_Ronnie,0.38452058052054994,0.20341562486836928,89.03197862473647,2.7493249850606274,0.0,0
Rat_education_Dreama,Rat_assembly_Kaitlyn,0.2621551099661745,0.09366511070297816,179.88554969789737,0.9358824469000643,0.0,0
Rat_education_Dreama,Rat_assembly_Ida,0.29541490030730866,0.22604554080308642,30.68822293851464,1.3172375657572901,0.0,0
Rat_education_Dreama,Rat_public_Michelle,0.47308355459093104,0.21179766833895156,123.36579920881337,0.7404246972031792,0.04462773949511376,0
Rat_education_Dreama,Rat_lodging_Lorenzo,0.5363838620025011,0.3164100815559401,69.5217356428229,2.491812482868892,0.0,0
Rat_education_Dreama,Rat_office_Ramiro,0.3246492290262976,0.37759805683497755,-14.022537152997128,0.11186058723282954,0.0,0
Rat_education_Dreama,Rat_public_Amber,0.3699447454536609,0.34373344096304037,7.625474093292797,1.0724698102179357,0.0,0
Rat_education_Dreama,Rat_public_Duane,0.5888667661604995,0.36795063698313035,60.03961047293895,0.04184676662000497,0.0,0
Rat_education_Dreama,Rat_public_Alanna,0.26717057388074,0.19608913462753244,36.24955527914659,0.9913969543342891,0.5801606134364788,0
Rat_education_Dreama,Rat_office_Kasey,0.4181409805170204,0.16803394575157518,148.84316002149268,0.7526695917958608,0.0,0
Rat_education_Dreama,Rat_public_Dexter,0.1981698129291675,0.09239349181476958,114.48460171465132,1.7552495648056963,0.0,0
Rat_education_Dreama,Rat_public_Emilee,0.46783707664924845,0.19299349423673734,142.41080172131169,1.037821350914043,0.0,0
Rat_education_Dreama,Rat_public_Roma,0.4714838355284302,0.36230122147013455,30.135866949401347,1.0692297370977475,2.1421314957654602,0
Rat_education_Dreama,Rat_education_Terese,0.24879517201202853,0.10075470200165566,146.93157447673278,0.35881640086587074,1.0710657478827301,1
Rat_education_Dreama,Rat_assembly_Deandre,0.32892541636164996,0.25731217291926384,27.831269166133083,1.465054665342271,0.0,0
Rat_education_Dreama,Rat_education_Adell,0.45550103141257475,0.1975759611611889,130.5447630043223,0.007725973764574734,0.5801606134364788,1
Rat_education_Dreama,Rat_public_Tricia,0.3246111019280845,0.16674423112866849,94.67606149300468,1.9244964152281665,0.0,0
Rat_assembly_Kaitlyn,Rat_public_Wilma,0.22365666227891656,0.16250505327587528,37.63058918495771,0.3225821396154348,0.0,0
Rat_assembly_Kaitlyn,Rat_public_Jason,0.27745055896318893,0.2924230314421531,-5.120141325778577,0.14561252016203977,0.0,0
Rat_assembly_Kaitlyn,Rat_public_Carole,0.21198844658808735,0.13088117615001693,61.9701570721711,0.6505953621115202,0.0,0
Rat_assembly_Kaitlyn,Rat_health_Rosaria,0.4987766726407643,0.20519341448034364,143.0763550106742,0.37428109063026027,2.0975037562703465,0
Rat_assembly_Kaitlyn,Rat_education_Tim,0.2725080541727597,0.1853940521540006,46.98856355240374,0.3999260854508716,0.22313869747556878,0
Rat_assembly_Kaitlyn,Rat_public_Sean,0.7235897808659798,0.2018872934911357,258.4127402736966,0.737760264147527,0.0,0
Rat_assembly_Kaitlyn,Rat_education_Adrian,0.31347171409751245,0.15745030610544986,99.0924767637922,0.6013622733588971,1.7404818403094366,0
Rat_assembly_Kaitlyn,Rat_public_Margart,0.31459089836524495,0.1915978872677605,64.1933023643419,0.11701575152536269,0.0,0
Rat_assembly_Kaitlyn,Rat_assembly_Kimberley,0.17533468248229456,0.1169981354484951,49.86109121327011,0.16171536001127018,0.0,1
Rat_assembly_Kaitlyn,Rat_public_Johnny,0.29336238277498755,0.18738885008266776,56.55274187635438,0.8277409544799025,0.0,0
Rat_assembly_Kaitlyn,Rat_public_Frederick,0.21933971119722848,0.12812148595880132,71.19666506815199,0.41460443711237255,0.0,0
Rat_assembly_Kaitlyn,Rat_health_Guy,0.19346204144764348,0.19945687684606464,-3.005579698837765,2.312792123512464,1.8297373192996642,0
Rat_assembly_Kaitlyn,Rat_assembly_Suzanne,0.27248648080033677,0.2335235407647517,16.68480184395447,1.7403409008834767,0.0,1
Rat_assembly_Kaitlyn,Rat_assembly_Pauline,0.5668840297839173,0.3739749987409571,51.58340308641417,2.214413164239279,0.0,1
Rat_assembly_Kaitlyn,Rat_other_Hazel,0.22305201896131732,0.07793774482728459,186.1925495222064,0.18321285510420338,0.0,0
Rat_assembly_Kaitlyn,Rat_education_Candida,0.395181423386339,0.18763596228911222,110.61070520023112,0.2588392609389643,2.365270193241029,0
Rat_assembly_Kaitlyn,Rat_education_Conrad,0.6690984516000935,0.307625192578067,117.50443973482257,1.752741259801126,2.2760147142508016,0
Rat_assembly_Kaitlyn,Rat_education_Alfonso,0.4280456546240653,0.3160769552774824,35.42450579742079,0.7910760091280461,1.6958541008143229,0
Rat_assembly_Kaitlyn,Rat_education_Kandice,0.5946731328362165,0.5170953693209811,15.00260263732508,0.92496720311293,0.0,0
Rat_assembly_Kaitlyn,Rat_education_Liz,0.42972828089128223,0.24012520093798506,78.96009215720103,0.654584934895193,2.3206424537459154,0
Rat_assembly_Kaitlyn,Rat_assembly_Mirta,0.27948268813913735,0.19766323862344218,41.39335674427812,0.7995575623602881,1.651226361319209,1
Rat_assembly_Kaitlyn,Rat_assembly_Gerald,0.6799193195511865,0.8002916490610287,-15.041057800749694,0.923103326397167,0.0,1
Rat_assembly_Kaitlyn,Rat_parking_Ronnie,0.4642986992618425,0.20341562486836928,128.25124646265064,1.813442538160563,0.0,0
Rat_assembly_Kaitlyn,Rat_education_Dreama,0.2478809118603406,0.2755245537605945,-10.033095607251633,0.9358824469000643,0.0,0
Rat_assembly_Kaitlyn,Rat_assembly_Ida,0.2687237055589582,0.22604554080308642,18.880339158315767,0.38135511885722584,0.0,1
Rat_assembly_Kaitlyn,Rat_public_Michelle,0.5000241038557913,0.21179766833895156,136.085745314049,0.19545774969688512,0.04462773949511376,0
Rat_assembly_Kaitlyn,Rat_lodging_Lorenzo,0.43818055432042974,0.3164100815559401,38.48501671175769,1.555930035968828,0.0,0
Rat_assembly_Kaitlyn,Rat_office_Ramiro,0.360382642493159,0.37759805683497755,-4.5591903957657935,0.8240218596672347,0.0,0
Rat_assembly_Kaitlyn,Rat_public_Amber,0.44692901740780355,0.34373344096304037,30.021977540398577,0.13658736331787152,0.0,0
Rat_assembly_Kaitlyn,Rat_public_Duane,0.6790177139242892,0.36795063698313035,84.54043713353336,0.9777292135200693,0.0,0
Rat_assembly_Kaitlyn,Rat_public_Alanna,0.22341595044508605,0.19608913462753244,13.93591535270956,1.9272794012343533,0.5801606134364788,0
Rat_assembly_Kaitlyn,Rat_office_Kasey,0.47844437701530257,0.16803394575157518,184.73078750566538,0.18321285510420338,0.0,0
Rat_assembly_Kaitlyn,Rat_public_Dexter,0.2331985851378492,0.09239349181476958,152.3971987175954,0.819367117905632,0.0,0
Rat_assembly_Kaitlyn,Rat_public_Emilee,0.36852739630410325,0.19299349423673734,90.95327423423173,0.10193890401397886,0.0,0
Rat_assembly_Kaitlyn,Rat_public_Roma,0.4143192971187058,0.36230122147013455,14.357687075272318,0.13334729019768327,2.1421314957654602,0
Rat_assembly_Kaitlyn,Rat_education_Terese,0.25126315721149806,0.10075470200165566,149.38107325985555,1.294698847765935,1.0710657478827301,0
Rat_assembly_Kaitlyn,Rat_assembly_Deandre,0.2945121644133079,0.25731217291926384,14.457144048803402,0.5291722184422066,0.0,1
Rat_assembly_Kaitlyn,Rat_education_Adell,0.4935269768300875,0.1975759611611889,149.79100389012007,0.9281564731354895,0.5801606134364788,0
Rat_assembly_Kaitlyn,Rat_public_Tricia,0.4458268873515164,0.16674423112866849,167.37170115798085,0.9886139683281022,0.0,0
Rat_assembly_Ida,Rat_public_Wilma,0.19052456036990117,0.16250505327587528,17.242237413047597,0.058772979241791035,0.0,0
Rat_assembly_Ida,Rat_public_Jason,0.21755888525248201,0.2924230314421531,-25.601316633803055,0.5269676390192656,0.0,0
Rat_assembly_Ida,Rat_public_Carole,0.18236657021060765,0.13088117615001693,39.337508704519735,0.26924024325429446,0.0,0
Rat_assembly_Ida,Rat_health_Rosaria,0.3785084753150977,0.20519341448034364,84.4642413469642,0.0070740282269655674,2.0975037562703465,0
Rat_assembly_Ida,Rat_education_Tim,0.2547526272235079,0.1853940521540006,37.41143486733515,0.7812812043080974,0.22313869747556878,0
Rat_assembly_Ida,Rat_public_Sean,0.6273776217193576,0.2018872934911357,210.75636850166796,1.1191153830047529,0.0,0
Rat_assembly_Ida,Rat_education_Adrian,0.2922255691055497,0.15745030610544986,85.59860335224515,0.982717392216123,1.7404818403094366,0
Rat_assembly_Ida,Rat_public_Margart,0.3192347486544968,0.1915978872677605,66.61705053582462,0.26433936733186314,0.0,0
Rat_assembly_Ida,Rat_assembly_Kimberley,0.160508205482281,0.1169981354484951,37.188686697438776,0.21963975884595563,0.0,1
Rat_assembly_Ida,Rat_public_Johnny,0.2155633111019111,0.18738885008266776,15.035292124805718,0.4463858356226767,0.0,0
Rat_assembly_Ida,Rat_public_Frederick,0.22890942285637983,0.12812148595880132,78.66591317086957,0.03324931825514671,0.0,0
Rat_assembly_Ida,Rat_health_Guy,0.18969734399747143,0.19945687684606464,-4.893054079115734,2.6941472423696897,1.8297373192996642,0
Rat_assembly_Ida,Rat_assembly_Suzanne,0.3495995624027745,0.2335235407647517,49.70634705944106,1.3589857820262508,0.0,1
Rat_assembly_Ida,Rat_assembly_Pauline,0.5759036321735231,0.3739749987409571,53.99522270536509,1.8330580453820533,0.0,1
Rat_assembly_Ida,Rat_other_Hazel,0.1705724759171763,0.07793774482728459,118.85734093945963,0.5645679739614292,0.0,0
Rat_assembly_Ida,Rat_education_Candida,0.3227597585823027,0.18763596228911222,72.01380516011625,0.6401943797961902,2.365270193241029,0
Rat_assembly_Ida,Rat_education_Conrad,0.6765368083108088,0.307625192578067,119.92243308848055,2.134096378658352,2.2760147142508016,0
Rat_assembly_Ida,Rat_education_Alfonso,0.4018152833897873,0.3160769552774824,27.12577639108033,1.172431127985272,1.6958541008143229,0
Rat_assembly_Ida,Rat_education_Kandice,0.5864704236747752,0.5170953693209811,13.416297741148464,1.3063223219701559,0.0,0
Rat_assembly_Ida,Rat_education_Liz,0.3310226308359789,0.24012520093798506,37.85418171142689,1.0359400537524188,2.3206424537459154,0
Rat_assembly_Ida,Rat_assembly_Mirta,0.24443969526494885,0.19766323862344218,23.664722366822108,1.180912681217514,1.651226361319209,1
Rat_assembly_Ida,Rat_assembly_Gerald,0.6740445000818862,0.8002916490610287,-15.77514261547856,0.5417482075399411,0.0,1
Rat_assembly_Ida,Rat_parking_Ronnie,0.3478730037421794,0.20341562486836928,71.01587155229045,1.432087419303337,0.0,0
Rat_assembly_Ida,Rat_education_Dreama,0.21170723781621814,0.2755245537605945,-23.16211570741812,1.3172375657572901,0.0,0
Rat_assembly_Ida,Rat_assembly_Kaitlyn,0.22243214595221325,0.09366511070297816,137.47598682455927,0.38135511885722584,0.0,1
Rat_assembly_Ida,Rat_public_Michelle,0.4284858357180466,0.21179766833895156,102.30904290802529,0.576812868554111,0.04462773949511376,0
Rat_assembly_Ida,Rat_lodging_Lorenzo,0.476495228016155,0.3164100815559401,50.5941990447964,1.174574917111602,0.0,0
Rat_assembly_Ida,Rat_office_Ramiro,0.3314320607440017,0.37759805683497755,-12.226227136320206,1.2053769785244606,0.0,0
Rat_assembly_Ida,Rat_public_Amber,0.33865332607093285,0.34373344096304037,-1.4779227990952903,0.2447677555393543,0.0,0
Rat_assembly_Ida,Rat_public_Duane,0.5869433018161624,0.36795063698313035,59.516859823529074,1.359084332377295,0.0,0
Rat_assembly_Ida,Rat_public_Alanna,0.249903580512032,0.19608913462753244,27.4438693335656,2.308634520091579,0.5801606134364788,0
Rat_assembly_Ida,Rat_office_Kasey,0.37178194808563936,0.16803394575157518,121.25407245705541,0.5645679739614292,0.0,0
Rat_assembly_Ida,Rat_public_Dexter,0.1742771799816576,0.09239349181476958,88.62495242743762,0.4380119990484062,0.0,0
Rat_assembly_Ida,Rat_public_Emilee,0.38585399520725466,0.19299349423673734,99.93108924902056,0.27941621484324697,0.0,0
Rat_assembly_Ida,Rat_public_Roma,0.391071476571792,0.36230122147013455,7.940976567761596,0.24800782865954257,2.1421314957654602,0
Rat_assembly_Ida,Rat_education_Terese,0.18435220220586335,0.10075470200165566,82.97131403637515,1.6760539666231609,1.0710657478827301,0
Rat_assembly_Ida,Rat_assembly_Deandre,0.332321253077232,0.25731217291926384,29.151003354009042,0.14781709958498085,0.0,1
Rat_assembly_Ida,Rat_education_Adell,0.40751864895054496,0.1975759611611889,106.25922635298633,1.3095115919927154,0.5801606134364788,0
Rat_assembly_Ida,Rat_public_Tricia,0.3650919897224642,0.16674423112866849,118.95329586589433,0.6072588494708764,0.0,0
Rat_public_Michelle,Rat_public_Wilma,0.4231851065332134,0.16250505327587528,160.41350592021092,0.5180398893123199,0.04462773949511376,1
Rat_public_Michelle,Rat_public_Jason,0.42813102412725024,0.2924230314421531,46.408106781405415,0.04984522953484534,0.04462773949511376,1
Rat_public_Michelle,Rat_public_Carole,0.4317222988141265,0.13088117615001693,229.85820536887852,0.8460531118084054,0.04462773949511376,1
Rat_public_Michelle,Rat_health_Rosaria,0.4592659180244487,0.20519341448034364,123.82098333299277,0.5697388403271454,2.1421314957654602,0
Rat_public_Michelle,Rat_education_Tim,0.4294259018285248,0.1853940521540006,131.62873718937604,0.2044683357539865,0.26776643697068253,0
Rat_public_Michelle,Rat_public_Sean,0.5753124827300862,0.2018872934911357,184.96715805214677,0.5423025144506419,0.04462773949511376,1
Rat_public_Michelle,Rat_education_Adrian,0.4589355686259019,0.15745030610544986,191.47962933685062,0.405904523662012,1.6958541008143229,0
Rat_public_Michelle,Rat_public_Margart,0.48460520028848986,0.1915978872677605,152.9282588650092,0.3124735012222478,0.04462773949511376,1
Rat_public_Michelle,Rat_assembly_Kimberley,0.42022769103722507,0.1169981354484951,259.1746906276277,0.3571731097081553,0.04462773949511376,0
Rat_public_Michelle,Rat_public_Johnny,0.3639024712625641,0.18738885008266776,94.19643756927172,1.0231987041767876,0.04462773949511376,1
Rat_public_Michelle,Rat_public_Frederick,0.48901449101879263,0.12812148595880132,281.6803148661887,0.6100621868092576,0.04462773949511376,1
Rat_public_Michelle,Rat_health_Guy,0.41678657396038593,0.19945687684606464,108.9607440720384,2.117334373815579,1.7851095798045504,0
Rat_public_Michelle,Rat_assembly_Suzanne,0.569261033727971,0.2335235407647517,143.7702990729472,1.9357986505803617,0.04462773949511376,0
Rat_public_Michelle,Rat_assembly_Pauline,0.7029340994544883,0.3739749987409571,87.96285896678155,2.4098709139361643,0.04462773949511376,0
Rat_public_Michelle,Rat_other_Hazel,0.4013922075237798,0.07793774482728459,415.0164511602081,0.012244894592681715,0.04462773949511376,0
Rat_public_Michelle,Rat_education_Candida,0.40598685719792044,0.18763596228911222,116.3694273981285,0.06338151124207922,2.409897932736143,0
Rat_public_Michelle,Rat_education_Conrad,0.6841130344646422,0.307625192578067,122.3852437868959,1.557283510104241,2.3206424537459154,0
Rat_public_Michelle,Rat_education_Alfonso,0.4240146140259407,0.3160769552774824,34.149170620079005,0.595618259431161,1.651226361319209,0
Rat_public_Michelle,Rat_education_Kandice,0.6491531054530473,0.5170953693209811,25.538371443062147,0.7295094534160449,0.04462773949511376,0
Rat_public_Michelle,Rat_education_Liz,0.40599161458254945,0.24012520093798506,69.07497130524055,0.45912718519830786,2.2760147142508016,0
Rat_public_Michelle,Rat_assembly_Mirta,0.42823748059467287,0.19766323862344218,116.65003749659569,0.604099812663403,1.6065986218240953,0
Rat_public_Michelle,Rat_assembly_Gerald,0.7243853105974494,0.8002916490610287,-9.484834504100997,1.118561076094052,0.04462773949511376,0
Rat_public_Michelle,Rat_parking_Ronnie,0.4392383036082101,0.20341562486836928,115.93144769112118,2.0089002878574482,0.04462773949511376,0
Rat_public_Michelle,Rat_education_Dreama,0.44496830753913474,0.2755245537605945,61.49860383251771,0.7404246972031792,0.04462773949511376,0
Rat_public_Michelle,Rat_assembly_Kaitlyn,0.5020011790930191,0.09366511070297816,435.9532224169544,0.19545774969688512,0.04462773949511376,0
Rat_public_Michelle,Rat_assembly_Ida,0.43729286724359795,0.22604554080308642,93.45343672341409,0.576812868554111,0.04462773949511376,0
Rat_public_Michelle,Rat_lodging_Lorenzo,0.6358459774387092,0.3164100815559401,100.95629516984718,1.751387785665713,0.04462773949511376,0
Rat_public_Michelle,Rat_office_Ramiro,0.43766742140202425,0.37759805683497755,15.908282227548362,0.6285641099703496,0.04462773949511376,0
Rat_public_Michelle,Rat_public_Amber,0.4054616960475139,0.34373344096304037,17.95817564666652,0.33204511301475664,0.04462773949511376,1
Rat_public_Michelle,Rat_public_Duane,0.6224653164606447,0.36795063698313035,69.17087617086617,0.7822714638231841,0.04462773949511376,1
Rat_public_Michelle,Rat_public_Alanna,0.47568029568733955,0.19608913462753244,142.58370898055375,1.7318216515374683,0.6247883529315926,1
Rat_public_Michelle,Rat_office_Kasey,0.36602244978500603,0.16803394575157518,117.82649222921961,0.012244894592681715,0.04462773949511376,0
Rat_public_Michelle,Rat_public_Dexter,0.4267017488246982,0.09239349181476958,361.83095848368805,1.0148248676025171,0.04462773949511376,1
Rat_public_Michelle,Rat_public_Emilee,0.5040315859299946,0.19299349423673734,161.1650656533113,0.297396653710864,0.04462773949511376,1
Rat_public_Michelle,Rat_public_Roma,0.5401781379078402,0.36230122147013455,49.09641643379569,0.32880503989456833,2.186759235260574,1
Rat_public_Michelle,Rat_education_Terese,0.37408447205292017,0.10075470200165566,271.2823963756778,1.09924109806905,1.0264380083876163,0
Rat_public_Michelle,Rat_assembly_Deandre,0.5363723070483554,0.25731217291926384,108.45197526533326,0.7246299681390918,0.04462773949511376,0
Rat_public_Michelle,Rat_education_Adell,0.3698423046831022,0.1975759611611889,87.18993065222789,0.7326987234386044,0.6247883529315926,0
Rat_public_Michelle,Rat_public_Tricia,0.4706384562431655,0.16674423112866849,182.2517175301834,1.1840717180249873,0.04462773949511376,1
Rat_lodging_Lorenzo,Rat_public_Wilma,0.34070201849563947,0.16250505327587528,109.65626091469886,1.233347896353393,0.0,0
Rat_lodging_Lorenzo,Rat_public_Jason,0.3331914049445902,0.2924230314421531,13.94157406185767,1.7015425561308677,0.0,0
Rat_lodging_Lorenzo,Rat_public_Carole,0.26750281994536684,0.13088117615001693,104.38601471517433,0.9053346738573076,0.0,0
Rat_lodging_Lorenzo,Rat_health_Rosaria,0.6013980429393603,0.20519341448034364,193.0883744307353,1.1816489453385677,2.0975037562703465,0
Rat_lodging_Lorenzo,Rat_education_Tim,0.3038544313427137,0.1853940521540006,63.89653703146425,1.9558561214196994,0.22313869747556878,0
Rat_lodging_Lorenzo,Rat_public_Sean,0.8990308567761248,0.2018872934911357,345.3132444492346,2.2936903001163547,0.0,0
Rat_lodging_Lorenzo,Rat_education_Adrian,0.3066773193028168,0.15745030610544986,94.77721376891098,2.157292309327725,1.7404818403094366,0
Rat_lodging_Lorenzo,Rat_public_Margart,0.386423415607787,0.1915978872677605,101.68459116031656,1.4389142844434653,0.0,0
Rat_lodging_Lorenzo,Rat_assembly_Kimberley,0.2684878575044626,0.1169981354484951,129.4804583639337,1.3942146759575578,0.0,0
Rat_lodging_Lorenzo,Rat_public_Johnny,0.4144922473912415,0.18738885008266776,121.19365544341922,0.7281890814889254,0.0,0
Rat_lodging_Lorenzo,Rat_public_Frederick,0.208141153681149,0.12812148595880132,62.456087769758426,1.1413255988564552,0.0,0
Rat_lodging_Lorenzo,Rat_health_Guy,0.26610284206197665,0.19945687684606464,33.413721436813404,3.868722159481292,1.8297373192996642,0
Rat_lodging_Lorenzo,Rat_assembly_Suzanne,0.38973964053234533,0.2335235407647517,66.8952257472678,0.18441086491464875,0.0,0
Rat_lodging_Lorenzo,Rat_assembly_Pauline,0.5056227405550274,0.3739749987409571,35.20228417869703,0.6584831282704513,0.0,0
Rat_lodging_Lorenzo,Rat_other_Hazel,0.36958609023200056,0.07793774482728459,374.2068057666138,1.7391428910730313,0.0,0
Rat_lodging_Lorenzo,Rat_education_Candida,0.5589290235663208,0.18763596228911222,197.87947723214955,1.8147692969077922,2.365270193241029,0
Rat_lodging_Lorenzo,Rat_education_Conrad,0.5940697121248844,0.307625192578067,93.11477943215769,3.308671295769954,2.2760147142508016,0
Rat_lodging_Lorenzo,Rat_education_Alfonso,0.5245496347496242,0.3160769552774824,65.95630462496852,2.347006045096874,1.6958541008143229,0
Rat_lodging_Lorenzo,Rat_education_Kandice,0.7162431807197256,0.5170953693209811,38.512781822094745,2.4808972390817576,0.0,0
Rat_lodging_Lorenzo,Rat_education_Liz,0.4999949552031925,0.24012520093798506,108.22260772717547,2.210514970864021,2.3206424537459154,0
Rat_lodging_Lorenzo,Rat_assembly_Mirta,0.32765161136918347,0.19766323862344218,65.76254322806847,2.355487598329116,1.651226361319209,0
Rat_lodging_Lorenzo,Rat_assembly_Gerald,0.6365402943892896,0.8002916490610287,-20.461459877016875,0.6328267095716609,0.0,0
Rat_lodging_Lorenzo,Rat_parking_Ronnie,0.5541767615407656,0.20341562486836928,172.43569017836,0.25751250219173505,0.0,0
Rat_lodging_Lorenzo,Rat_education_Dreama,0.300184595537418,0.2755245537605945,8.95021566689509,2.491812482868892,0.0,0
Rat_lodging_Lorenzo,Rat_assembly_Kaitlyn,0.2877392852114774,0.09366511070297816,207.20006953702185,1.555930035968828,0.0,0
Rat_lodging_Lorenzo,Rat_assembly_Ida,0.32707402278683895,0.22604554080308642,44.693861964638714,1.174574917111602,0.0,0
Rat_lodging_Lorenzo,Rat_public_Michelle,0.4846796635075109,0.21179766833895156,128.8408872999731,1.751387785665713,0.04462773949511376,0
Rat_lodging_Lorenzo,Rat_office_Ramiro,0.42192783796652333,0.37759805683497755,11.739938892460806,2.3799518956360624,0.0,0
Rat_lodging_Lorenzo,Rat_public_Amber,0.519867715721769,0.34373344096304037,51.24153014185994,1.4193426726509564,0.0,0
Rat_lodging_Lorenzo,Rat_public_Duane,0.7652882891308028,0.36795063698313035,107.98667326831925,2.533659249488897,0.0,0
Rat_lodging_Lorenzo,Rat_public_Alanna,0.255343331675391,0.19608913462753244,30.217990997007966,3.483209437203181,0.5801606134364788,0
Rat_lodging_Lorenzo,Rat_office_Kasey,0.5409250303783367,0.16803394575157518,221.9141394073144,1.7391428910730313,0.0,0
Rat_lodging_Lorenzo,Rat_public_Dexter,0.3239576798427337,0.09239349181476958,250.62824608058315,0.7365629180631958,0.0,0
Rat_lodging_Lorenzo,Rat_public_Emilee,0.4280702944995318,0.19299349423673734,121.80555681034267,1.453991131954849,0.0,0
Rat_lodging_Lorenzo,Rat_public_Roma,0.48719460831229267,0.36230122147013455,34.47225111065584,1.4225827457711446,2.1421314957654602,0
Rat_lodging_Lorenzo,Rat_education_Terese,0.308141629547992,0.10075470200165566,205.83349801672628,2.850628883734763,1.0710657478827301,0
Rat_lodging_Lorenzo,Rat_assembly_Deandre,0.2886308626021978,0.25731217291926384,12.171476120859905,1.0267578175266212,0.0,0
Rat_lodging_Lorenzo,Rat_education_Adell,0.5338050697620275,0.1975759611611889,170.1771342144867,2.4840865091043174,0.5801606134364788,0
Rat_lodging_Lorenzo,Rat_public_Tricia,0.5794628835849045,0.16674423112866849,247.51600080110774,0.5673160676407256,0.0,0
Rat_office_Ramiro,Rat_public_Wilma,0.2394197436409924,0.16250505327587528,47.33064530279164,1.1466039992826695,0.0,0
Rat_office_Ramiro,Rat_public_Jason,0.3065952915873779,0.2924230314421531,4.846492451477226,0.6784093395051949,0.0,0
Rat_office_Ramiro,Rat_public_Carole,0.2253796895978781,0.13088117615001693,72.20176057979974,1.474617221778755,0.0,0
Rat_office_Ramiro,Rat_health_Rosaria,0.5066901298205964,0.20519341448034364,146.93293939466773,1.198302950297495,2.0975037562703465,0
Rat_office_Ramiro,Rat_education_Tim,0.23086129550503093,0.1853940521540006,24.524650506728353,0.4240957742163631,0.22313869747556878,0
Rat_office_Ramiro,Rat_public_Sean,0.805482042826149,0.2018872934911357,298.9760964632058,0.08626159551970769,0.0,0
Rat_office_Ramiro,Rat_education_Adrian,0.22918970343327594,0.15745030610544986,45.56319965474043,0.2226595863083376,1.7404818403094366,0
Rat_office_Ramiro,Rat_public_Margart,0.3341427608760367,0.1915978872677605,74.39793603207531,0.9410376111925973,0.0,0
Rat_office_Ramiro,Rat_assembly_Kimberley,0.18932236227795898,0.1169981354484951,61.81656361635134,0.9857372196785049,0.0,0
Rat_office_Ramiro,Rat_public_Johnny,0.3565286017080472,0.18738885008266776,90.26137443650589,1.6517628141471372,0.0,0
Rat_office_Ramiro,Rat_public_Frederick,0.16905220978537852,0.12812148595880132,31.94680698578446,1.2386262967796071,0.0,0
Rat_office_Ramiro,Rat_health_Guy,0.2259887194047854,0.19945687684606464,13.30204452123118,1.4887702638452294,1.8297373192996642,0
Rat_office_Ramiro,Rat_assembly_Suzanne,0.38545232675078006,0.2335235407647517,65.05930215364423,2.5643627605507113,0.0,0
Rat_office_Ramiro,Rat_assembly_Pauline,0.5463251369427283,0.3739749987409571,46.086005423360874,3.038435023906514,0.0,0
Rat_office_Ramiro,Rat_other_Hazel,0.26378276139224455,0.07793774482728459,238.4531615288655,0.6408090045630312,0.0,0
Rat_office_Ramiro,Rat_education_Candida,0.43743219275518497,0.18763596228911222,133.12812076033862,0.5651825987282704,2.365270193241029,0
Rat_office_Ramiro,Rat_education_Conrad,0.5944057017087354,0.307625192578067,93.22399987052142,0.9287194001338914,2.2760147142508016,0
Rat_office_Ramiro,Rat_education_Alfonso,0.45402014035381155,0.3160769552774824,43.64227849361225,0.03294585053918864,1.6958541008143229,0
Rat_office_Ramiro,Rat_education_Kandice,0.6967051275177996,0.5170953693209811,34.7343582737303,0.10094534344569528,0.0,0
Rat_office_Ramiro,Rat_education_Liz,0.3933302805082792,0.24012520093798506,63.8021661082799,0.16943692477204175,2.3206424537459154,0
Rat_office_Ramiro,Rat_assembly_Mirta,0.23340925568371712,0.19766323862344218,18.084302022579323,0.02446429730694666,1.651226361319209,0
Rat_office_Ramiro,Rat_assembly_Gerald,0.6737466012008294,0.8002916490610287,-15.812366405256489,1.7471251860644017,0.0,0
Rat_office_Ramiro,Rat_parking_Ronnie,0.45106980335686986,0.20341562486836928,121.74786408308513,2.637464397827798,0.0,0
Rat_office_Ramiro,Rat_education_Dreama,0.23609634615616476,0.2755245537605945,-14.310233721924185,0.11186058723282954,0.0,0
Rat_office_Ramiro,Rat_assembly_Kaitlyn,0.2561522681485154,0.09366511070297816,173.47671531697745,0.8240218596672347,0.0,0
Rat_office_Ramiro,Rat_assembly_Ida,0.2671799477936177,0.22604554080308642,18.197398119153533,1.2053769785244606,0.0,0
Rat_office_Ramiro,Rat_public_Michelle,0.4252967649191333,0.21179766833895156,100.8033271822933,0.6285641099703496,0.04462773949511376,0
Rat_office_Ramiro,Rat_lodging_Lorenzo,0.3872806454532539,0.3164100815559401,22.39832673750763,2.3799518956360624,0.0,0
Rat_office_Ramiro,Rat_public_Amber,0.42375576362980033,0.34373344096304037,23.280342594122022,0.9606092229851062,0.0,0
Rat_office_Ramiro,Rat_public_Duane,0.6903983005514875,0.36795063698313035,87.63340273362283,0.15370735385283452,0.0,0
Rat_office_Ramiro,Rat_public_Alanna,0.23850477037931264,0.19608913462753244,21.630793481927434,1.1032575415671186,0.5801606134364788,0
Rat_office_Ramiro,Rat_office_Kasey,0.42105514788740844,0.16803394575157518,150.5774330324332,0.6408090045630312,0.0,1
Rat_office_Ramiro,Rat_public_Dexter,0.2636330742356141,0.09239349181476958,185.33727761274088,1.6433889775728667,0.0,0
Rat_office_Ramiro,Rat_public_Emilee,0.37826907424343786,0.19299349423673734,96.00094590723894,0.9259607636812135,0.0,0
Rat_office_Ramiro,Rat_public_Roma,0.43833351571117135,0.36230122147013455,20.985933730092142,0.957369149864918,2.1421314957654602,0
Rat_office_Ramiro,Rat_education_Terese,0.21759285466322795,0.10075470200165566,115.96297774733364,0.4706769880987003,1.0710657478827301,0
Rat_office_Ramiro,Rat_assembly_Deandre,0.27087808969900923,0.25731217291926384,5.272162846334492,1.3531940781094414,0.0,0
Rat_office_Ramiro,Rat_education_Adell,0.42321042334292297,0.1975759611611889,114.20137392000547,0.10413461346825481,0.5801606134364788,0
Rat_office_Ramiro,Rat_public_Tricia,0.4920062145761945,0.16674423112866849,195.0664087422233,1.812635827995337,0.0,0
Rat_public_Amber,Rat_public_Wilma,0.3105227970439673,0.16250505327587528,91.08500984077769,0.18599477629756325,0.0,1
Rat_public_Amber,Rat_public_Jason,0.34076229770523614,0.2924230314421531,16.53059474306335,0.2821998834799113,0.0,1
Rat_public_Amber,Rat_public_Carole,0.3244403968292643,0.13088117615001693,147.88927359377365,0.5140079987936488,0.0,1
Rat_public_Amber,Rat_health_Rosaria,0.36343653237357265,0.20519341448034364,77.11900418148547,0.23769372731238872,2.0975037562703465,0
Rat_public_Amber,Rat_education_Tim,0.36099246913553235,0.1853940521540006,94.71631637657289,0.5365134487687432,0.22313869747556878,0
Rat_public_Amber,Rat_public_Sean,0.6370702572883927,0.2018872934911357,215.5573816815592,0.8743476274653985,0.0,1
Rat_public_Amber,Rat_education_Adrian,0.3686083303258963,0.15745030610544986,134.1109010477418,0.7379496366767686,1.7404818403094366,0
Rat_public_Amber,Rat_public_Margart,0.38554251514942406,0.1915978872677605,101.22482593486193,0.019571611792508853,0.0,1
Rat_public_Amber,Rat_assembly_Kimberley,0.3130643924202968,0.1169981354484951,167.5806680339055,0.025127996693398658,0.0,0
Rat_public_Amber,Rat_public_Johnny,0.36488728921560376,0.18738885008266776,94.72198535538878,0.691153591162031,0.0,1
Rat_public_Amber,Rat_public_Frederick,0.35960192840073213,0.12812148595880132,180.672617640702,0.278017073794501,0.0,1
Rat_public_Amber,Rat_health_Guy,0.3403102703227712,0.19945687684606464,70.61846936739784,2.4493794868303356,1.8297373192996642,0
Rat_public_Amber,Rat_assembly_Suzanne,0.4497171014606259,0.2335235407647517,92.5789151654156,1.6037535375656051,0.0,0
Rat_public_Amber,Rat_assembly_Pauline,0.5751928603969281,0.3739749987409571,53.80516407070021,2.0778258009214077,0.0,0
Rat_public_Amber,Rat_other_Hazel,0.31976618295589776,0.07793774482728459,310.2841103043482,0.31980021842207496,0.0,0
Rat_public_Amber,Rat_education_Candida,0.39616426447258174,0.18763596228911222,111.1345072871298,0.39542662425683583,2.365270193241029,0
Rat_public_Amber,Rat_education_Conrad,0.684611292816072,0.307625192578067,122.54721308052044,1.8893286231189976,2.2760147142508016,0
Rat_public_Amber,Rat_education_Alfonso,0.5183621302396868,0.3160769552774824,63.99871030920911,0.9276633724459176,1.6958541008143229,0
Rat_public_Amber,Rat_education_Kandice,0.6813167305289531,0.5170953693209811,31.758428125863468,1.0615545664308015,0.0,0
Rat_public_Amber,Rat_education_Liz,0.348801710407789,0.24012520093798506,45.25826903852163,0.7911722982130645,2.3206424537459154,0
Rat_public_Amber,Rat_assembly_Mirta,0.33074638255286387,0.19766323862344218,67.32822190723657,0.9361449256781595,1.651226361319209,0
Rat_public_Amber,Rat_assembly_Gerald,0.7049765811018889,0.8002916490610287,-11.910041554347302,0.7865159630792955,0.0,0
Rat_public_Amber,Rat_parking_Ronnie,0.3789712751310813,0.20341562486836928,86.30391612065912,1.6768551748426914,0.0,0
Rat_public_Amber,Rat_education_Dreama,0.33038195266127507,0.2755245537605945,19.91016704389498,1.0724698102179357,0.0,0
Rat_public_Amber,Rat_assembly_Kaitlyn,0.39114541760475774,0.09366511070297816,317.5999095811894,0.13658736331787152,0.0,0
Rat_public_Amber,Rat_assembly_Ida,0.30427246773562844,0.22604554080308642,34.60671095506694,0.2447677555393543,0.0,0
Rat_public_Amber,Rat_public_Michelle,0.43505764006897263,0.21179766833895156,105.41191198230084,0.33204511301475664,0.04462773949511376,1
Rat_public_Amber,Rat_lodging_Lorenzo,0.5520875845005307,0.3164100815559401,74.48482734356989,1.4193426726509564,0.0,0
Rat_public_Amber,Rat_office_Ramiro,0.40943250864724157,0.37759805683497755,8.430777446022901,0.9606092229851062,0.0,0
Rat_public_Amber,Rat_public_Duane,0.602545963608094,0.36795063698313035,63.757282375820225,1.1143165768379408,0.0,1
Rat_public_Amber,Rat_public_Alanna,0.38964406410919095,0.19608913462753244,98.70762592191168,2.063866764552225,0.5801606134364788,1
Rat_public_Amber,Rat_office_Kasey,0.36274752855585046,0.16803394575157518,115.87752815859234,0.31980021842207496,0.0,0
Rat_public_Amber,Rat_public_Dexter,0.3129335040034168,0.09239349181476958,238.69647943470488,0.6827797545877605,0.0,1
Rat_public_Amber,Rat_public_Emilee,0.42690572791995074,0.19299349423673734,121.20213409695701,0.03464845930389268,0.0,1
Rat_public_Amber,Rat_public_Roma,0.4420500711817463,0.36230122147013455,22.011752924268194,0.003240073120188286,2.1421314957654602,1
Rat_public_Amber,Rat_education_Terese,0.2859535866737672,0.10075470200165566,183.8116544368006,1.4312862110838065,1.0710657478827301,0
Rat_public_Amber,Rat_assembly_Deandre,0.456612465381533,0.25731217291926384,77.45466924520632,0.39258485512433516,0.0,0
Rat_public_Amber,Rat_education_Adell,0.40348612326642735,0.1975759611611889,104.21822619263396,1.064743836453361,0.5801606134364788,0
Rat_public_Amber,Rat_public_Tricia,0.4463072290692695,0.16674423112866849,167.65977212421564,0.8520266050102308,0.0,1
Rat_public_Duane,Rat_public_Wilma,0.46841247228708677,0.16250505327587528,188.2448655254372,1.300311353135504,0.0,1
Rat_public_Duane,Rat_public_Jason,0.46897303222730624,0.2924230314421531,60.37486169076875,0.8321166933580294,0.0,1
Rat_public_Duane,Rat_public_Carole,0.39217206274080546,0.13088117615001693,199.63977576981358,1.6283245756315896,0.0,1
Rat_public_Duane,Rat_health_Rosaria,0.36697885465150804,0.20519341448034364,78.8453374982278,1.3520103041503295,2.0975037562703465,0
Rat_public_Duane,Rat_education_Tim,0.45471858383988517,0.1853940521540006,145.27139816878577,0.5778031280691975,0.22313869747556878,0
Rat_public_Duane,Rat_public_Sean,0.4986244499010069,0.2018872934911357,146.98159120296498,0.2399689493725422,0.0,1
Rat_public_Duane,Rat_education_Adrian,0.5052096689584082,0.15745030610544986,220.86928342968864,0.3763669401611721,1.7404818403094366,0
Rat_public_Duane,Rat_public_Margart,0.5712894477755989,0.1915978872677605,198.1710581063008,1.094744965045432,0.0,1
Rat_public_Duane,Rat_assembly_Kimberley,0.3906160716829358,0.1169981354484951,233.8652109160258,1.1394445735313394,0.0,0
Rat_public_Duane,Rat_public_Johnny,0.3741958426999768,0.18738885008266776,99.68949194943988,1.8054701679999718,0.0,1
Rat_public_Duane,Rat_public_Frederick,0.4646575842709322,0.12812148595880132,262.66952478239847,1.3923336506324417,0.0,1
Rat_public_Duane,Rat_health_Guy,0.37531736621389805,0.19945687684606464,88.16967965639897,1.335062909992395,1.8297373192996642,0
Rat_public_Duane,Rat_assembly_Suzanne,0.5297561884649804,0.2335235407647517,126.85344129765883,2.7180701144035457,0.0,0
Rat_public_Duane,Rat_assembly_Pauline,0.6959265010574582,0.3739749987409571,86.08904429451144,3.1921423777593483,0.0,0
Rat_public_Duane,Rat_other_Hazel,0.36576735601848903,0.07793774482728459,369.30708199095915,0.7945163584158659,0.0,0
Rat_public_Duane,Rat_education_Candida,0.4017155957773518,0.18763596228911222,114.09307196580075,0.7188899525811049,2.365270193241029,0
Rat_public_Duane,Rat_education_Conrad,0.8591586920714576,0.307625192578067,179.28749426249487,0.7750120462810569,2.2760147142508016,0
Rat_public_Duane,Rat_education_Alfonso,0.5411174390586353,0.3160769552774824,71.19800416439438,0.18665320439202315,1.6958541008143229,0
Rat_public_Duane,Rat_education_Kandice,0.6474209878748199,0.5170953693209811,25.203400820427902,0.05276201040713924,0.0,0
Rat_public_Duane,Rat_education_Liz,0.4189074305914526,0.24012520093798506,74.45375535558217,0.32314427862487627,2.3206424537459154,0
Rat_public_Duane,Rat_assembly_Mirta,0.49607010185294786,0.19766323862344218,150.9673044455094,0.17817165115978117,1.651226361319209,0
Rat_public_Duane,Rat_assembly_Gerald,0.7496931710666631,0.8002916490610287,-6.322504808557239,1.900832539917236,0.0,0
Rat_public_Duane,Rat_parking_Ronnie,0.27290112243394543,0.20341562486836928,34.15937080081256,2.7911717516806323,0.0,0
Rat_public_Duane,Rat_education_Dreama,0.44443130201028136,0.2755245537605945,61.30370086596758,0.04184676662000497,0.0,0
Rat_public_Duane,Rat_assembly_Kaitlyn,0.46252322054344996,0.09366511070297816,393.80523555901124,0.9777292135200693,0.0,0
Rat_public_Duane,Rat_assembly_Ida,0.39171019888377123,0.22604554080308642,73.2881779008413,1.359084332377295,0.0,0
Rat_public_Duane,Rat_public_Michelle,0.5149090929134607,0.21179766833895156,143.11367398503324,0.7822714638231841,0.04462773949511376,1
Rat_public_Duane,Rat_lodging_Lorenzo,0.6670740407764256,0.3164100815559401,110.82578579547868,2.533659249488897,0.0,0
Rat_public_Duane,Rat_office_Ramiro,0.44309549113457714,0.37759805683497755,17.345808092498757,0.15370735385283452,0.0,0
Rat_public_Duane,Rat_public_Amber,0.48733338308961144,0.34373344096304037,41.776541067475456,1.1143165768379408,0.0,1
Rat_public_Duane,Rat_public_Alanna,0.453734220935344,0.19608913462753244,131.3918217841103,0.9495501877142841,0.5801606134364788,1
Rat_public_Duane,Rat_office_Kasey,0.47781717891404696,0.16803394575157518,184.35753072207305,0.7945163584158659,0.0,0
Rat_public_Duane,Rat_public_Dexter,0.3416062898420779,0.09239349181476958,269.72981877006015,1.7970963314257014,0.0,1
Rat_public_Duane,Rat_public_Emilee,0.6188630778921322,0.19299349423673734,220.665253686219,1.0796681175340481,0.0,1
Rat_public_Duane,Rat_public_Roma,0.5300638706658377,0.36230122147013455,46.30474291943072,1.1110765037177526,2.1421314957654602,1
Rat_public_Duane,Rat_education_Terese,0.3877771690912427,0.10075470200165566,284.8725284154684,0.3169696342458658,1.0710657478827301,0
Rat_public_Duane,Rat_assembly_Deandre,0.5714308045894736,0.25731217291926384,122.076864108862,1.5069014319622758,0.0,0
Rat_public_Duane,Rat_education_Adell,0.5186523969589245,0.1975759611611889,162.50784453266104,0.049572740384579705,0.5801606134364788,0
Rat_public_Duane,Rat_public_Tricia,0.2678601087689019,0.16674423112866849,60.64130492299139,1.9663431818481714,0.0,1
Rat_public_Alanna,Rat_public_Wilma,0.18609856301956193,0.16250505327587528,14.518631432115123,2.249861540849788,0.5801606134364788,1
Rat_public_Alanna,Rat_public_Jason,0.22988456199414606,0.2924230314421531,-21.38630091466593,1.7816668810723135,0.5801606134364788,1
Rat_public_Alanna,Rat_public_Carole,0.1599655597087911,0.13088117615001693,22.22197600473687,2.5778747633458736,0.5801606134364788,1
Rat_public_Alanna,Rat_health_Rosaria,0.45935167322932197,0.20519341448034364,123.86277570975615,2.3015604918646138,1.5173431428338677,0
Rat_public_Alanna,Rat_education_Tim,0.23821978763271712,0.1853940521540006,28.493759570472072,1.5273533157834818,0.35702191596091004,0
Rat_public_Alanna,Rat_public_Sean,0.7073128197043219,0.2018872934911357,250.35034026813477,1.1895191370868263,0.5801606134364788,1
Rat_public_Alanna,Rat_education_Adrian,0.27022507063862367,0.15745030610544986,71.62562418751011,1.3259171278754562,2.3206424537459154,0
Rat_public_Alanna,Rat_public_Margart,0.3286374943999306,0.1915978872677605,71.52459199127573,2.044295152759716,0.5801606134364788,1
Rat_public_Alanna,Rat_assembly_Kimberley,0.13971505025863806,0.1169981354484951,19.41647593191209,2.0889947612456234,0.5801606134364788,0
Rat_public_Alanna,Rat_public_Johnny,0.2367123815646848,0.18738885008266776,26.32148682285934,2.755020355714256,0.5801606134364788,1
Rat_public_Alanna,Rat_public_Frederick,0.15286738934127828,0.12812148595880132,19.314405540405794,2.341883838346726,0.5801606134364788,1
Rat_public_Alanna,Rat_health_Guy,0.15630688662249323,0.19945687684606464,-21.633744048280366,0.38551272227811073,2.409897932736143,0
Rat_public_Alanna,Rat_assembly_Suzanne,0.3729155604502982,0.2335235407647517,59.690778595194416,3.6676203021178297,0.5801606134364788,0
Rat_public_Alanna,Rat_assembly_Pauline,0.5801846552285901,0.3739749987409571,55.13995779981783,4.141692565473632,0.5801606134364788,0
Rat_public_Alanna,Rat_other_Hazel,0.14938468063061275,0.07793774482728459,91.67180287505045,1.7440665461301499,0.5801606134364788,0
Rat_public_Alanna,Rat_education_Candida,0.36361142765982757,0.18763596228911222,93.78557459021091,1.668440140295389,1.7851095798045504,0
Rat_public_Alanna,Rat_education_Conrad,0.6632148241571445,0.307625192578067,115.59184363251995,0.1745381414332272,1.6958541008143229,0
Rat_public_Alanna,Rat_education_Alfonso,0.42446875267946,0.3160769552774824,34.292850393607765,1.1362033921063073,2.2760147142508016,0
Rat_public_Alanna,Rat_education_Kandice,0.620303238127273,0.5170953693209811,19.95915549230663,1.0023121981214234,0.5801606134364788,0
Rat_public_Alanna,Rat_education_Liz,0.38247363046430066,0.24012520093798506,59.2809205240722,1.2726944663391604,2.900803067182394,0
Rat_public_Alanna,Rat_assembly_Mirta,0.22329425125009558,0.19766323862344218,12.967010358199026,1.1277218388740653,2.231386974755688,0
Rat_public_Alanna,Rat_assembly_Gerald,0.6779214688164081,0.8002916490610287,-15.290698133386224,2.85038272763152,0.5801606134364788,0
Rat_public_Alanna,Rat_parking_Ronnie,0.40926968845374845,0.20341562486836928,101.19874700804709,3.7407219393949163,0.5801606134364788,0
Rat_public_Alanna,Rat_education_Dreama,0.1793930186058582,0.2755245537605945,-34.890369603235335,0.9913969543342891,0.5801606134364788,0
Rat_public_Alanna,Rat_assembly_Kaitlyn,0.20286451040445483,0.09366511070297816,116.58492568034148,1.9272794012343533,0.5801606134364788,0
Rat_public_Alanna,Rat_assembly_Ida,0.24133242909056224,0.22604554080308642,6.762747114216506,2.308634520091579,0.5801606134364788,0
Rat_public_Alanna,Rat_public_Michelle,0.45293369824445195,0.21179766833895156,113.8520701368615,1.7318216515374683,0.6247883529315926,1
Rat_public_Alanna,Rat_lodging_Lorenzo,0.41851917093989904,0.3164100815559401,32.2711238788093,3.483209437203181,0.5801606134364788,0
Rat_public_Alanna,Rat_office_Ramiro,0.32762319164024345,0.37759805683497755,-13.234937068697553,1.1032575415671186,0.5801606134364788,0
Rat_public_Alanna,Rat_public_Amber,0.38149758103275744,0.34373344096304037,10.986460893625308,2.063866764552225,0.5801606134364788,1
Rat_public_Alanna,Rat_public_Duane,0.6395333307028006,0.36795063698313035,73.80954574407264,0.9495501877142841,0.5801606134364788,1
Rat_public_Alanna,Rat_office_Kasey,0.43316184215095715,0.16803394575157518,157.782342855504,1.7440665461301499,0.5801606134364788,0
Rat_public_Alanna,Rat_public_Dexter,0.17220333749390718,0.09239349181476958,86.38037605412764,2.7466465191399854,0.5801606134364788,1
Rat_public_Alanna,Rat_public_Emilee,0.4002848729158938,0.19299349423673734,107.40848001066838,2.029218305248332,0.5801606134364788,1
Rat_public_Alanna,Rat_public_Roma,0.41502883278491853,0.36230122147013455,14.553528442666448,2.0606266914320366,1.5619708823289815,1
Rat_public_Alanna,Rat_education_Terese,0.1917263555876168,0.10075470200165566,90.29023140226869,0.6325805534684183,1.651226361319209,0
Rat_public_Alanna,Rat_assembly_Deandre,0.255052385632639,0.25731217291926384,-0.8782278976494032,2.4564516196765602,0.5801606134364788,0
Rat_public_Alanna,Rat_education_Adell,0.45701389932810643,0.1975759611611889,131.31047757133754,0.9991229280988638,0.0,0
Rat_public_Alanna,Rat_public_Tricia,0.4071040508108475,0.16674423112866849,144.14880686139296,2.915893369562456,0.5801606134364788,1
Rat_office_Kasey,Rat_public_Wilma,0.307182768404466,0.16250505327587528,89.02967151610964,0.5057949947196382,0.0,0
Rat_office_Kasey,Rat_public_Jason,0.3734392029330077,0.2924230314421531,27.705126744396384,0.037600334942163624,0.0,0
Rat_office_Kasey,Rat_public_Carole,0.36306896584650544,0.13088117615001693,177.40350180713017,0.8338082172157237,0.0,0
Rat_office_Kasey,Rat_health_Rosaria,0.4096173364414172,0.20519341448034364,99.62499161036973,0.5574939457344636,2.0975037562703465,0
Rat_office_Kasey,Rat_education_Tim,0.33438292995958857,0.1853940521540006,80.36335366456521,0.21671323034666823,0.22313869747556878,0
Rat_office_Kasey,Rat_public_Sean,0.6387242905583018,0.2018872934911357,216.37666715579917,0.5545474090433236,0.0,0
Rat_office_Kasey,Rat_education_Adrian,0.3444658152516476,0.15745030610544986,118.77748209707961,0.4181494182546937,1.7404818403094366,0
Rat_office_Kasey,Rat_public_Margart,0.34538120106210024,0.1915978872677605,80.26357492106662,0.3002286066295661,0.0,0
Rat_office_Kasey,Rat_assembly_Kimberley,0.33711874339815795,0.1169981354484951,188.1402700187169,0.34492821511547356,0.0,0
Rat_office_Kasey,Rat_public_Johnny,0.37855516572202275,0.18738885008266776,102.01584328791216,1.010953809584106,0.0,0
Rat_office_Kasey,Rat_public_Frederick,0.3897559824147683,0.12812148595880132,204.20813456698275,0.5978172922165759,0.0,0
Rat_office_Kasey,Rat_health_Guy,0.3711777138035277,0.19945687684606464,86.09421729289008,2.1295792684082606,1.8297373192996642,0
Rat_office_Kasey,Rat_assembly_Suzanne,0.47719162514165614,0.2335235407647517,104.34412033105143,1.92355375598768,0.0,0
Rat_office_Kasey,Rat_assembly_Pauline,0.6207208310779843,0.3739749987409571,65.97923207907856,2.3976260193434826,0.0,0
Rat_office_Kasey,Rat_other_Hazel,0.3540464428258291,0.07793774482728459,354.2682670770374,0.0,0.0,0
Rat_office_Kasey,Rat_education_Candida,0.3285890328107795,0.18763596228911222,75.12049865179083,0.07562640583476093,2.365270193241029,0
Rat_office_Kasey,Rat_education_Conrad,0.5719571427489641,0.307625192578067,85.92662647543628,1.5695284046969227,2.2760147142508016,0
Rat_office_Kasey,Rat_education_Alfonso,0.3525134190127581,0.3160769552774824,11.527719160445693,0.6078631540238426,1.6958541008143229,0
Rat_office_Kasey,Rat_education_Kandice,0.6340422866823267,0.5170953693209811,22.616121570555407,0.7417543480087265,0.0,0
Rat_office_Kasey,Rat_education_Liz,0.31309227904971676,0.24012520093798506,30.387097158776033,0.47137207979098955,2.3206424537459154,0
Rat_office_Kasey,Rat_assembly_Mirta,0.295903624677368,0.19766323862344218,49.70088861140155,0.6163447072560846,1.651226361319209,0
Rat_office_Kasey,Rat_assembly_Gerald,0.7106169443563689,0.8002916490610287,-11.205253086156015,1.1063161815013705,0.0,0
Rat_office_Kasey,Rat_parking_Ronnie,0.3571286606540417,0.20341562486836928,75.56599247729395,1.9966553932647664,0.0,0
Rat_office_Kasey,Rat_education_Dreama,0.36902186359308337,0.2755245537605945,33.9342931714643,0.7526695917958608,0.0,0
Rat_office_Kasey,Rat_assembly_Kaitlyn,0.4198097777564389,0.09366511070297816,348.2029376847688,0.18321285510420338,0.0,0
Rat_office_Kasey,Rat_assembly_Ida,0.3432523493873029,0.22604554080308642,51.850971343123334,0.5645679739614292,0.0,0
Rat_office_Kasey,Rat_public_Michelle,0.3475747878506155,0.21179766833895156,64.10699446151234,0.012244894592681715,0.04462773949511376,0
Rat_office_Kasey,Rat_lodging_Lorenzo,0.5812377394387443,0.3164100815559401,83.69760425474425,1.7391428910730313,0.0,0
Rat_office_Kasey,Rat_office_Ramiro,0.39598610438708814,0.37759805683497755,4.869741043224374,0.6408090045630312,0.0,1
Rat_office_Kasey,Rat_public_Amber,0.33339000643692385,0.34373344096304037,-3.0091440905886992,0.31980021842207496,0.0,0
Rat_office_Kasey,Rat_public_Duane,0.6129599361838266,0.36795063698313035,66.5875458755978,0.7945163584158659,0.0,0
Rat_office_Kasey,Rat_public_Alanna,0.40595254769626116,0.19608913462753244,107.02449856151401,1.7440665461301499,0.5801606134364788,0
Rat_office_Kasey,Rat_public_Dexter,0.35655438187671346,0.09239349181476958,285.90854709932756,1.0025799730098355,0.0,0
Rat_office_Kasey,Rat_public_Emilee,0.38200917830955095,0.19299349423673734,97.93888898708455,0.28515175911818225,0.0,0
Rat_office_Kasey,Rat_public_Roma,0.4616302537079492,0.36230122147013455,27.416146110344425,0.31656014530188664,2.1421314957654602,0
Rat_office_Kasey,Rat_education_Terese,0.2689651639084905,0.10075470200165566,166.95048326783868,1.1114859926617315,1.0710657478827301,0
Rat_office_Kasey,Rat_assembly_Deandre,0.46227940109249915,0.25731217291926384,79.65702743396727,0.7123850735464101,0.0,0
Rat_office_Kasey,Rat_education_Adell,0.24104820605778635,0.1975759611611889,22.002800665173726,0.7449436180312861,0.5801606134364788,0
Rat_office_Kasey,Rat_public_Tricia,0.46215161574948854,0.16674423112866849,177.16198192959877,1.1718268234323057,0.0,0
Rat_public_Dexter,Rat_public_Wilma,0.220875652219955,0.16250505327587528,35.919251597048735,0.49678497829019724,0.0,1
Rat_public_Dexter,Rat_public_Jason,0.24716782715474717,0.2924230314421531,-15.475937057426433,0.9649796380676718,0.0,1
Rat_public_Dexter,Rat_public_Carole,0.14755178897049245,0.13088117615001693,12.737211958859193,0.16877175579411174,0.0,1
Rat_public_Dexter,Rat_health_Rosaria,0.40901012529523495,0.20519341448034364,99.32907024870225,0.4450860272753718,2.0975037562703465,0
Rat_public_Dexter,Rat_education_Tim,0.27836340004923166,0.1853940521540006,50.14688810944408,1.2192932033565036,0.22313869747556878,0
Rat_public_Dexter,Rat_public_Sean,0.6424678735035637,0.2018872934911357,218.23096064823545,1.557127382053159,0.0,1
Rat_public_Dexter,Rat_education_Adrian,0.31651738950753944,0.15745030610544986,101.0268492558896,1.4207293912645291,1.7404818403094366,0
Rat_public_Dexter,Rat_public_Margart,0.36906473669542794,0.1915978872677605,92.62463796359886,0.7023513663802694,0.0,1
Rat_public_Dexter,Rat_assembly_Kimberley,0.17233554327803174,0.1169981354484951,47.29768352068932,0.6576517578943618,0.0,0
Rat_public_Dexter,Rat_public_Johnny,0.22688977078627637,0.18738885008266776,21.079653718021394,0.008373836574270488,0.0,1
Rat_public_Dexter,Rat_public_Frederick,0.19106339764299984,0.12812148595880132,49.1267418678223,0.4047626807932595,0.0,1
Rat_public_Dexter,Rat_health_Guy,0.1726218015288682,0.19945687684606464,-13.454073753449485,3.132159241418096,1.8297373192996642,0
Rat_public_Dexter,Rat_assembly_Suzanne,0.36673106264246685,0.2335235407647517,57.04243839463984,0.9209737829778446,0.0,0
Rat_public_Dexter,Rat_assembly_Pauline,0.5928275547114603,0.3739749987409571,58.520638199693344,1.3950460463336471,0.0,0
Rat_public_Dexter,Rat_other_Hazel,0.1342634466129836,0.07793774482728459,72.27012009459682,1.0025799730098355,0.0,0
Rat_public_Dexter,Rat_education_Candida,0.31648016550469166,0.18763596228911222,68.66711564441704,1.0782063788445964,2.365270193241029,0
Rat_public_Dexter,Rat_education_Conrad,0.7228672927364004,0.307625192578067,134.9831256271237,2.5721083777067584,2.2760147142508016,0
Rat_public_Dexter,Rat_education_Alfonso,0.4386004384555699,0.3160769552774824,38.76381404348973,1.610443127033678,1.6958541008143229,0
Rat_public_Dexter,Rat_education_Kandice,0.6039291255625093,0.5170953693209811,16.792599855526294,1.744334321018562,0.0,0
Rat_public_Dexter,Rat_education_Liz,0.3563889512963301,0.24012520093798506,48.41797108516378,1.473952052800825,2.3206424537459154,0
Rat_public_Dexter,Rat_assembly_Mirta,0.25978480621095573,0.19766323862344218,31.42798226930708,1.61892468026592,1.651226361319209,0
Rat_public_Dexter,Rat_assembly_Gerald,0.6828795014890214,0.8002916490610287,-14.67116990534205,0.10373620849153498,0.0,0
Rat_public_Dexter,Rat_parking_Ronnie,0.3636809618362303,0.20341562486836928,78.78713204630621,0.9940754202549309,0.0,0
Rat_public_Dexter,Rat_education_Dreama,0.23069298793342782,0.2755245537605945,-16.27135048955425,1.7552495648056963,0.0,0
Rat_public_Dexter,Rat_assembly_Kaitlyn,0.21512102955959309,0.09366511070297816,129.67039481943743,0.819367117905632,0.0,0
Rat_public_Dexter,Rat_assembly_Ida,0.21283714536678294,0.22604554080308642,-5.843245298879672,0.4380119990484062,0.0,0
Rat_public_Dexter,Rat_public_Michelle,0.47557397707425814,0.21179766833895156,124.54164902003109,1.0148248676025171,0.04462773949511376,1
Rat_public_Dexter,Rat_lodging_Lorenzo,0.4378545805819112,0.3164100815559401,38.381994160480055,0.7365629180631958,0.0,0
Rat_public_Dexter,Rat_office_Ramiro,0.31804467872618114,0.37759805683497755,-15.771632568231977,1.6433889775728667,0.0,0
Rat_public_Dexter,Rat_public_Amber,0.38011262665593104,0.34373344096304037,10.583545665783014,0.6827797545877605,0.0,1
Rat_public_Dexter,Rat_public_Duane,0.5652953416311538,0.36795063698313035,53.633472757670816,1.7970963314257014,0.0,1
Rat_public_Dexter,Rat_public_Alanna,0.20790479260964392,0.19608913462753244,6.02565665076502,2.7466465191399854,0.5801606134364788,1
Rat_public_Dexter,Rat_office_Kasey,0.4145225664656633,0.16803394575157518,146.68977724209483,1.0025799730098355,0.0,0
Rat_public_Dexter,Rat_public_Emilee,0.4507488768066475,0.19299349423673734,133.55651369974782,0.7174282138916532,0.0,1
Rat_public_Dexter,Rat_public_Roma,0.4215402831830826,0.36230122147013455,16.350776150455594,0.6860198277079488,2.1421314957654602,1
Rat_public_Dexter,Rat_education_Terese,0.21425021655855625,0.10075470200165566,112.64537763710081,2.114065965671567,1.0710657478827301,0
Rat_public_Dexter,Rat_assembly_Deandre,0.29250650595846217,0.25731217291926384,13.677678999757687,0.29019489946342536,0.0,0
Rat_public_Dexter,Rat_education_Adell,0.47662791307901725,0.1975759611611889,141.2378055902098,1.7475235910411215,0.5801606134364788,0
Rat_public_Dexter,Rat_public_Tricia,0.3313052175789787,0.16674423112866849,98.6906625413184,0.16924685042247023,0.0,1
Rat_public_Emilee,Rat_public_Wilma,0.36529394685233524,0.16250505327587528,124.78928469516401,0.22064323560145593,0.0,1
Rat_public_Emilee,Rat_public_Jason,0.469139035587774,0.2924230314421531,60.431629914410046,0.2475514241760186,0.0,1
Rat_public_Emilee,Rat_public_Carole,0.4405568329429433,0.13088117615001693,236.60824719207437,0.5486564580975415,0.0,1
Rat_public_Emilee,Rat_health_Rosaria,0.5898684804223624,0.20519341448034364,187.46949891945405,0.2723421866162814,2.0975037562703465,0
Rat_public_Emilee,Rat_education_Tim,0.4193753001149117,0.1853940521540006,126.20752674770318,0.5018649894648505,0.22313869747556878,0
Rat_public_Emilee,Rat_public_Sean,0.8842492526823654,0.2018872934911357,337.9915334895459,0.8396991681615058,0.0,1
Rat_public_Emilee,Rat_education_Adrian,0.3991266920833273,0.15745030610544986,153.49375428715805,0.7033011773728759,1.7404818403094366,0
Rat_public_Emilee,Rat_public_Margart,0.23451318490641215,0.1915978872677605,22.398627798372836,0.015076847511383829,0.0,1
Rat_public_Emilee,Rat_assembly_Kimberley,0.37491703170892393,0.1169981354484951,220.4470141953415,0.05977645599729134,0.0,0
Rat_public_Emilee,Rat_public_Johnny,0.5172757358603347,0.18738885008266776,176.0440312388572,0.7258020504659237,0.0,1
Rat_public_Emilee,Rat_public_Frederick,0.4456077621359415,0.12812148595880132,247.80096312591235,0.3126655330983937,0.0,1
Rat_public_Emilee,Rat_health_Guy,0.4514900758512142,0.19945687684606464,126.35974401607714,2.414731027526443,1.8297373192996642,0
Rat_public_Emilee,Rat_assembly_Suzanne,0.42949601214822253,0.2335235407647517,83.91979272911534,1.6384019968694978,0.0,0
Rat_public_Emilee,Rat_assembly_Pauline,0.4888352068509395,0.3739749987409571,30.713338724961975,2.1124742602253,0.0,0
Rat_public_Emilee,Rat_other_Hazel,0.4807953851164688,0.07793774482728459,516.8967118332004,0.28515175911818225,0.0,0
Rat_public_Emilee,Rat_education_Candida,0.5259022244175108,0.18763596228911222,180.27794778870424,0.3607781649529432,2.365270193241029,0
Rat_public_Emilee,Rat_education_Conrad,0.5403507308398098,0.307625192578067,75.65230152685994,1.854680163815105,2.2760147142508016,0
Rat_public_Emilee,Rat_education_Alfonso,0.42093289805716555,0.3160769552774824,33.174181486160734,0.8930149131420249,1.6958541008143229,0
Rat_public_Emilee,Rat_education_Kandice,0.6688397711125242,0.5170953693209811,29.345534846077786,1.0269061071269088,0.0,0
Rat_public_Emilee,Rat_education_Liz,0.488847035560318,0.24012520093798506,103.58006308824206,0.7565238389091717,2.3206424537459154,0
Rat_public_Emilee,Rat_assembly_Mirta,0.39597232259006426,0.19766323862344218,100.32674024147215,0.9014964663742668,1.651226361319209,0
Rat_public_Emilee,Rat_assembly_Gerald,0.7005379887008645,0.8002916490610287,-12.46466341079578,0.8211644223831882,0.0,0
Rat_public_Emilee,Rat_parking_Ronnie,0.575069144159573,0.20341562486836928,182.70647573494,1.7115036341465841,0.0,0
Rat_public_Emilee,Rat_education_Dreama,0.4532493357144526,0.2755245537605945,64.50415381428569,1.037821350914043,0.0,0
Rat_public_Emilee,Rat_assembly_Kaitlyn,0.3981350514005333,0.09366511070297816,325.0622760304646,0.10193890401397886,0.0,0
Rat_public_Emilee,Rat_assembly_Ida,0.4130248992856426,0.22604554080308642,82.71756116854272,0.27941621484324697,0.0,0
Rat_public_Emilee,Rat_public_Michelle,0.4966780693127277,0.21179766833895156,134.50591935595165,0.297396653710864,0.04462773949511376,1
Rat_public_Emilee,Rat_lodging_Lorenzo,0.5706821527626266,0.3164100815559401,80.36155799976689,1.453991131954849,0.0,0
Rat_public_Emilee,Rat_office_Ramiro,0.493533156901037,0.37759805683497755,30.703309502656367,0.9259607636812135,0.0,0
Rat_public_Emilee,Rat_public_Amber,0.4763421424033268,0.34373344096304037,38.578935197214356,0.03464845930389268,0.0,1
Rat_public_Emilee,Rat_public_Duane,0.8183688757064268,0.36795063698313035,122.41268079227352,1.0796681175340481,0.0,1
Rat_public_Emilee,Rat_public_Alanna,0.4495728352693197,0.19608913462753244,129.26963093762168,2.029218305248332,0.5801606134364788,1
Rat_public_Emilee,Rat_office_Kasey,0.406580317834965,0.16803394575157518,141.96320333753377,0.28515175911818225,0.0,0
Rat_public_Emilee,Rat_public_Dexter,0.5008066884118421,0.09239349181476958,442.0367588399614,0.7174282138916532,0.0,1
Rat_public_Emilee,Rat_public_Roma,0.3476685892077731,0.36230122147013455,-4.0388029063180095,0.031408386183704395,2.1421314957654602,1
Rat_public_Emilee,Rat_education_Terese,0.4132227182341285,0.10075470200165566,310.1274779487097,1.3966377517799138,1.0710657478827301,0
Rat_public_Emilee,Rat_assembly_Deandre,0.5068592406471625,0.25731217291926384,96.98222392541,0.4272333144282278,0.0,0
Rat_public_Emilee,Rat_education_Adell,0.4533843217915663,0.1975759611611889,129.47342334914956,1.0300953771494683,0.5801606134364788,0
Rat_public_Emilee,Rat_public_Tricia,0.6592610870541945,0.16674423112866849,295.3726510307121,0.8866750643141235,0.0,1
Rat_public_Roma,Rat_public_Wilma,0.2744878309262262,0.16250505327587528,68.91033564368261,0.18923484941775154,2.1421314957654602,1
Rat_public_Roma,Rat_public_Jason,0.3299469323341513,0.2924230314421531,12.832060698823975,0.278959810359723,2.1421314957654602,1
Rat_public_Roma,Rat_public_Carole,0.2941430339625194,0.13088117615001693,124.7405185489551,0.517248071913837,2.1421314957654602,1
Rat_public_Roma,Rat_health_Rosaria,0.4489497878173263,0.20519341448034364,118.793468081956,0.240933800432577,0.04462773949511378,0
Rat_public_Roma,Rat_education_Tim,0.31142861325886406,0.1853940521540006,67.98198736180102,0.5332733756485548,1.9189927982898916,0
Rat_public_Roma,Rat_public_Sean,0.7063140294054423,0.2018872934911357,249.85561359088436,0.8711075543452103,2.1421314957654602,1
Rat_public_Roma,Rat_education_Adrian,0.31955853643104315,0.15745030610544986,102.95834561097892,0.7347095635565803,3.882613336074897,0
Rat_public_Roma,Rat_public_Margart,0.294954018339343,0.1915978872677605,53.94429580903518,0.016331538672320567,2.1421314957654602,1
Rat_public_Roma,Rat_assembly_Kimberley,0.259968466663581,0.1169981354484951,122.1988116879215,0.028368069813586944,2.1421314957654602,0
Rat_public_Roma,Rat_public_Johnny,0.35772126848506325,0.18738885008266776,90.897840681157,0.6943936642822193,2.1421314957654602,1
Rat_public_Roma,Rat_public_Frederick,0.35389047171625565,0.12812148595880132,176.21477308657853,0.2812571469146893,2.1421314957654602,1
Rat_public_Roma,Rat_health_Guy,0.31585221254035284,0.19945687684606464,58.35614070309491,2.4461394137101475,3.9718688150651245,0
Rat_public_Roma,Rat_assembly_Suzanne,0.3701214382748624,0.2335235407647517,58.494273023942135,1.6069936106857934,2.1421314957654602,0
Rat_public_Roma,Rat_assembly_Pauline,0.5710711007781365,0.3739749987409571,52.70301562958299,2.081065874041596,2.1421314957654602,0
Rat_public_Roma,Rat_other_Hazel,0.31967689340301053,0.07793774482728459,310.1695450791353,0.31656014530188664,2.1421314957654602,0
Rat_public_Roma,Rat_education_Candida,0.398587974623299,0.18763596228911222,112.42621604122391,0.3921865511366476,0.22313869747556891,0
Rat_public_Roma,Rat_education_Conrad,0.6275302003931411,0.307625192578067,103.99181066222035,1.8860885499988094,0.13388321848534135,0
Rat_public_Roma,Rat_education_Alfonso,0.44654543897013377,0.3160769552774824,41.2774425703113,0.9244232993257293,3.837985596579783,0
Rat_public_Roma,Rat_education_Kandice,0.632896563404248,0.5170953693209811,22.39455252429164,1.0583144933106132,2.1421314957654602,0
Rat_public_Roma,Rat_education_Liz,0.37833381788307374,0.24012520093798506,57.55689798705574,0.7879322250928762,4.462773949511376,0
Rat_public_Roma,Rat_assembly_Mirta,0.2998322864470691,0.19766323862344218,51.68844168250415,0.9329048525579713,3.7933578570846693,0
Rat_public_Roma,Rat_assembly_Gerald,0.7004269014573052,0.8002916490610287,-12.478544255821411,0.7897560361994838,2.1421314957654602,0
Rat_public_Roma,Rat_parking_Ronnie,0.42670652101615425,0.20341562486836928,109.77076922791798,1.6800952479628797,2.1421314957654602,0
Rat_public_Roma,Rat_education_Dreama,0.3300662663465167,0.2755245537605945,19.795590571326706,1.0692297370977475,2.1421314957654602,0
Rat_public_Roma,Rat_assembly_Kaitlyn,0.2943881230240641,0.09366511070297816,214.29859081424624,0.13334729019768327,2.1421314957654602,0
Rat_public_Roma,Rat_assembly_Ida,0.3203029994901205,0.22604554080308642,41.698437559157135,0.24800782865954257,2.1421314957654602,0
Rat_public_Roma,Rat_public_Michelle,0.4337749450313273,0.21179766833895156,104.80628915004542,0.32880503989456833,2.186759235260574,1
Rat_public_Roma,Rat_lodging_Lorenzo,0.5357444783590368,0.3164100815559401,69.31966128402874,1.4225827457711446,2.1421314957654602,0
Rat_public_Roma,Rat_office_Ramiro,0.4083738190955745,0.37759805683497755,8.150402710903506,0.957369149864918,2.1421314957654602,0
Rat_public_Roma,Rat_public_Amber,0.40106875578175544,0.34373344096304037,16.680167823671248,0.003240073120188286,2.1421314957654602,1
Rat_public_Roma,Rat_public_Duane,0.66262617128622,0.36795063698313035,80.08561602696719,1.1110765037177526,2.1421314957654602,1
Rat_public_Roma,Rat_public_Alanna,0.33961874118654073,0.19608913462753244,73.19610381862311,2.0606266914320366,1.5619708823289815,1
Rat_public_Roma,Rat_office_Kasey,0.3987118483654268,0.16803394575157518,137.28053672850754,0.31656014530188664,2.1421314957654602,0
Rat_public_Roma,Rat_public_Dexter,0.31532778698774566,0.09239349181476958,241.2878773105736,0.6860198277079488,2.1421314957654602,1
Rat_public_Roma,Rat_public_Emilee,0.3264442100923733,0.19299349423673734,69.14777950594404,0.031408386183704395,2.1421314957654602,1
Rat_public_Roma,Rat_education_Terese,0.27272273335939906,0.10075470200165566,170.67990668556345,1.4280461379636182,3.2131972436481906,0
Rat_public_Roma,Rat_assembly_Deandre,0.4603123370561873,0.25731217291926384,78.89256144932494,0.3958249282445234,2.1421314957654602,0
Rat_public_Roma,Rat_education_Adell,0.402648180474696,0.1975759611611889,103.79411448045674,1.0615037633331728,1.5619708823289815,0
Rat_public_Roma,Rat_public_Tricia,0.47006612098543304,0.16674423112866849,181.9084761155579,0.855266678130419,2.1421314957654602,1
Rat_education_Terese,Rat_public_Wilma,0.19527242324285618,0.16250505327587528,20.16390832557906,1.6172809873813698,1.0710657478827301,0
Rat_education_Terese,Rat_public_Jason,0.2709153368330958,0.2924230314421531,-7.354993381672779,1.1490863276038952,1.0710657478827301,0
Rat_education_Terese,Rat_public_Carole,0.1977685391956559,0.13088117615001693,51.1054110401424,1.9452942098774553,1.0710657478827301,0
Rat_education_Terese,Rat_health_Rosaria,0.4105492265180476,0.20519341448034364,100.07914364979578,1.6689799383961952,3.1685695041530764,0
Rat_education_Terese,Rat_education_Tim,0.1893991342183384,0.1853940521540006,2.1603077433201143,0.8947727623150634,1.2942044453582988,1
Rat_education_Terese,Rat_public_Sean,0.7066726358418599,0.2018872934911357,250.03324063725088,0.556938583618408,1.0710657478827301,0
Rat_education_Terese,Rat_education_Adrian,0.1941950079380226,0.15745030610544986,23.337332737837656,0.6933365744070379,0.6694160924267065,1
Rat_education_Terese,Rat_public_Margart,0.29990989965016157,0.1915978872677605,56.53090121554089,1.4117145992912976,1.0710657478827301,0
Rat_education_Terese,Rat_assembly_Kimberley,0.15561057951233057,0.1169981354484951,33.002614884263195,1.456414207777205,1.0710657478827301,0
Rat_education_Terese,Rat_public_Johnny,0.2945206793255743,0.18738885008266776,57.17086646064836,2.1224398022458377,1.0710657478827301,0
Rat_education_Terese,Rat_public_Frederick,0.2122881057340767,0.12812148595880132,65.69282204730278,1.7093032848783074,1.0710657478827301,0
Rat_education_Terese,Rat_health_Guy,0.1817121351807489,0.19945687684606464,-8.896530390882754,1.018093275746529,0.7586715714169341,0
Rat_education_Terese,Rat_assembly_Suzanne,0.3941131909325194,0.2335235407647517,68.76807778858725,3.0350397486494116,1.0710657478827301,0
Rat_education_Terese,Rat_assembly_Pauline,0.5623673817001894,0.3739749987409571,50.37566243558621,3.509112012005214,1.0710657478827301,0
Rat_education_Terese,Rat_other_Hazel,0.21671165916781385,0.07793774482728459,178.05739009777847,1.1114859926617315,1.0710657478827301,0
Rat_education_Terese,Rat_education_Candida,0.3314899034464002,0.18763596228911222,76.66650859584996,1.0358595868269707,3.436335941123759,1
Rat_education_Terese,Rat_education_Conrad,0.5881557122380224,0.307625192578067,91.19231013200077,0.45804241203519114,3.3470804621335315,1
Rat_education_Terese,Rat_education_Alfonso,0.4040351286356054,0.3160769552774824,27.828088030304187,0.5036228386378889,0.6247883529315927,1
Rat_education_Terese,Rat_education_Kandice,0.633764350205377,0.5170953693209811,22.562372012265104,0.369731644653005,1.0710657478827301,1
Rat_education_Terese,Rat_education_Liz,0.29010187115873076,0.24012520093798506,20.812755190011366,0.640113912870742,1.2495767058631853,1
Rat_education_Terese,Rat_assembly_Mirta,0.16530659394260422,0.19766323862344218,-16.369581367873316,0.49514128540564695,0.580160613436479,0
Rat_education_Terese,Rat_assembly_Gerald,0.6734416152461604,0.8002916490610287,-15.85047575639452,2.217802174163102,1.0710657478827301,0
Rat_education_Terese,Rat_parking_Ronnie,0.3554586077936296,0.20341562486836928,74.74498727600088,3.1081413859264977,1.0710657478827301,0
Rat_education_Terese,Rat_education_Dreama,0.19624878278235208,0.2755245537605945,-28.77267012911153,0.35881640086587074,1.0710657478827301,1
Rat_education_Terese,Rat_assembly_Kaitlyn,0.24949356300078573,0.09366511070297816,166.3676593432488,1.294698847765935,1.0710657478827301,0
Rat_education_Terese,Rat_assembly_Ida,0.24566586570303622,0.22604554080308642,8.679810639149714,1.6760539666231609,1.0710657478827301,0
Rat_education_Terese,Rat_public_Michelle,0.36816020825207424,0.21179766833895156,73.82637454860317,1.09924109806905,1.0264380083876163,0
Rat_education_Terese,Rat_lodging_Lorenzo,0.4577052485154737,0.3164100815559401,44.65570953514424,2.850628883734763,1.0710657478827301,0
Rat_education_Terese,Rat_office_Ramiro,0.3273327211195868,0.37759805683497755,-13.311862920247583,0.4706769880987003,1.0710657478827301,0
Rat_education_Terese,Rat_public_Amber,0.3372776688831935,0.34373344096304037,-1.8781332598189155,1.4312862110838065,1.0710657478827301,0
Rat_education_Terese,Rat_public_Duane,0.6262332475120511,0.36795063698313035,70.19490784052167,0.3169696342458658,1.0710657478827301,0
Rat_education_Terese,Rat_public_Alanna,0.2352907631322468,0.19608913462753244,19.99173925632193,0.6325805534684183,1.651226361319209,0
Rat_education_Terese,Rat_office_Kasey,0.32546391495850024,0.16803394575157518,93.6893843102826,1.1114859926617315,1.0710657478827301,0
Rat_education_Terese,Rat_public_Dexter,0.21722325755294097,0.09239349181476958,135.10666529243213,2.114065965671567,1.0710657478827301,0
Rat_education_Terese,Rat_public_Emilee,0.36126330538651336,0.19299349423673734,87.18936968070345,1.3966377517799138,1.0710657478827301,0
Rat_education_Terese,Rat_public_Roma,0.39021424933397547,0.36230122147013455,7.704370344261141,1.4280461379636182,3.2131972436481906,0
Rat_education_Terese,Rat_assembly_Deandre,0.34514018327605545,0.25731217291926384,34.13286256936984,1.8238710662081417,1.0710657478827301,0
Rat_education_Terese,Rat_education_Adell,0.3273627043876673,0.1975759611611889,65.68954161412084,0.3665423746304455,1.651226361319209,1
Rat_education_Terese,Rat_public_Tricia,0.41785345842402405,0.16674423112866849,150.59545124627832,2.2833128160940372,1.0710657478827301,0
Rat_assembly_Deandre,Rat_public_Wilma,0.30628306208930556,0.16250505327587528,88.4760233082394,0.20659007882677188,0.0,0
Rat_assembly_Deandre,Rat_public_Jason,0.37785379237188843,0.2924230314421531,29.214785343142573,0.6747847386042465,0.0,0
Rat_assembly_Deandre,Rat_public_Carole,0.2609086972546729,0.13088117615001693,99.34776331442615,0.12142314366931362,0.0,0
Rat_assembly_Deandre,Rat_health_Rosaria,0.5888029770354896,0.20519341448034364,186.95023109130702,0.15489112781194642,2.0975037562703465,0
Rat_assembly_Deandre,Rat_education_Tim,0.3190511719509101,0.1853940521540006,72.09353172014657,0.9290983038930782,0.22313869747556878,0
Rat_assembly_Deandre,Rat_public_Sean,0.8329493873518207,0.2018872934911357,312.58138288351125,1.2669324825897337,0.0,0
Rat_assembly_Deandre,Rat_education_Adrian,0.3318686300649128,0.15745030610544986,110.77674491318487,1.1305344918011038,1.7404818403094366,0
Rat_assembly_Deandre,Rat_public_Margart,0.4120896941979183,0.1915978872677605,115.08050014247686,0.412156466916844,0.0,0
Rat_assembly_Deandre,Rat_assembly_Kimberley,0.2480765384820792,0.1169981354484951,112.03460852697724,0.36745685843093645,0.0,1
Rat_assembly_Deandre,Rat_public_Johnny,0.3788151156770013,0.18738885008266776,102.15456549836593,0.29856873603769585,0.0,0
Rat_assembly_Deandre,Rat_public_Frederick,0.19315348020200493,0.12812148595880132,50.75807055821633,0.11456778132983414,0.0,0
Rat_assembly_Deandre,Rat_health_Guy,0.2529290108117369,0.19945687684606464,26.808869571812554,2.8419643419546707,1.8297373192996642,0
Rat_assembly_Deandre,Rat_assembly_Suzanne,0.39155480663151826,0.2335235407647517,67.67252044450842,1.21116868244127,0.0,1
Rat_assembly_Deandre,Rat_assembly_Pauline,0.5431278884466284,0.3739749987409571,45.231068995293775,1.6852409457970725,0.0,1
Rat_assembly_Deandre,Rat_other_Hazel,0.2858128188148577,0.07793774482728459,266.71938538668087,0.7123850735464101,0.0,0
Rat_assembly_Deandre,Rat_education_Candida,0.4973415635174527,0.18763596228911222,165.05663277444734,0.788011479381171,2.365270193241029,0
Rat_assembly_Deandre,Rat_education_Conrad,0.6357160152083168,0.307625192578067,106.65278089894707,2.281913478243333,2.2760147142508016,0
Rat_assembly_Deandre,Rat_education_Alfonso,0.5305101842728199,0.3160769552774824,67.84209522870391,1.3202482275702527,1.6958541008143229,0
Rat_assembly_Deandre,Rat_education_Kandice,0.6929588506722758,0.5170953693209811,34.00987357172202,1.4541394215551366,0.0,0
Rat_assembly_Deandre,Rat_education_Liz,0.476403178115469,0.24012520093798506,98.39782590687152,1.1837571533373996,2.3206424537459154,0
Rat_assembly_Deandre,Rat_assembly_Mirta,0.3146632649723937,0.19766323862344218,59.191596355375985,1.3287297808024947,1.651226361319209,1
Rat_assembly_Deandre,Rat_assembly_Gerald,0.6448338660498535,0.8002916490610287,-19.425141221150028,0.39393110795496034,0.0,1
Rat_assembly_Deandre,Rat_parking_Ronnie,0.5316186228688224,0.20341562486836928,161.34601174950748,1.2842703197183563,0.0,0
Rat_assembly_Deandre,Rat_education_Dreama,0.30683582646221946,0.2755245537605945,11.364240418598627,1.465054665342271,0.0,0
Rat_assembly_Deandre,Rat_assembly_Kaitlyn,0.26484837591087373,0.09366511070297816,182.76097035825384,0.5291722184422066,0.0,1
Rat_assembly_Deandre,Rat_assembly_Ida,0.29735017862373353,0.22604554080308642,31.54436825752836,0.14781709958498085,0.0,1
Rat_assembly_Deandre,Rat_public_Michelle,0.516753487935689,0.21179766833895156,143.98450275132384,0.7246299681390918,0.04462773949511376,0
Rat_assembly_Deandre,Rat_lodging_Lorenzo,0.3680787464612911,0.3164100815559401,16.32965190340061,1.0267578175266212,0.0,0
Rat_assembly_Deandre,Rat_office_Ramiro,0.3550703749228515,0.37759805683497755,-5.966048157385349,1.3531940781094414,0.0,0
Rat_assembly_Deandre,Rat_public_Amber,0.5120006133014224,0.34373344096304037,48.9528082769447,0.39258485512433516,0.0,0
Rat_assembly_Deandre,Rat_public_Duane,0.7364841437552764,0.36795063698313035,100.15840977849493,1.5069014319622758,0.0,0
Rat_assembly_Deandre,Rat_public_Alanna,0.2493336129273654,0.19608913462753244,27.153201731941863,2.4564516196765602,0.5801606134364788,0
Rat_assembly_Deandre,Rat_office_Kasey,0.5493597907991399,0.16803394575157518,226.9338158679703,0.7123850735464101,0.0,0
Rat_assembly_Deandre,Rat_public_Dexter,0.2905136969016814,0.09239349181476958,214.43090979189648,0.29019489946342536,0.0,0
Rat_assembly_Deandre,Rat_public_Emilee,0.45571633324971594,0.19299349423673734,136.1304120908382,0.4272333144282278,0.0,0
Rat_assembly_Deandre,Rat_public_Roma,0.5015779055031621,0.36230122147013455,38.442234190620425,0.3958249282445234,2.1421314957654602,0
Rat_assembly_Deandre,Rat_education_Terese,0.30647027183111875,0.10075470200165566,204.17465958668873,1.8238710662081417,1.0710657478827301,0
Rat_assembly_Deandre,Rat_education_Adell,0.5366711780620195,0.1975759611611889,171.62777035622548,1.4573286915776962,0.5801606134364788,0
Rat_assembly_Deandre,Rat_public_Tricia,0.5090736212119276,0.16674423112866849,205.3020891733879,0.4594417498858956,0.0,0
Rat_education_Adell,Rat_public_Wilma,0.4242007687015664,0.16250505327587528,161.03850935726024,1.2507386127509244,0.5801606134364788,0
Rat_education_Adell,Rat_public_Jason,0.4863752293739282,0.2924230314421531,66.32589675828683,0.7825439529734497,0.5801606134364788,0
Rat_education_Adell,Rat_public_Carole,0.47015131515000713,0.13088117615001693,259.21996499413814,1.5787518352470098,0.5801606134364788,0
Rat_education_Adell,Rat_health_Rosaria,0.47518010598994576,0.20519341448034364,131.576684462973,1.3024375637657497,1.5173431428338677,0
Rat_education_Adell,Rat_education_Tim,0.37166651778328474,0.1853940521540006,100.47380887632463,0.5282303876846179,0.35702191596091004,1
Rat_education_Adell,Rat_public_Sean,0.7218106730921718,0.2018872934911357,257.5315021615585,0.1903962089879625,0.5801606134364788,0
Rat_education_Adell,Rat_education_Adrian,0.3248046843310343,0.15745030610544986,106.2902844491782,0.3267941997765924,2.3206424537459154,1
Rat_education_Adell,Rat_public_Margart,0.3893165122927943,0.1915978872677605,103.19457476517968,1.0451722246608521,0.5801606134364788,0
Rat_education_Adell,Rat_assembly_Kimberley,0.4103350578622033,0.1169981354484951,250.71931384995528,1.0898718331467596,0.5801606134364788,0
Rat_education_Adell,Rat_public_Johnny,0.5013909874252901,0.18738885008266776,167.567140309628,1.755897427615392,0.5801606134364788,0
Rat_education_Adell,Rat_public_Frederick,0.49714072001833687,0.12812148595880132,288.0229114562386,1.3427609102478621,0.5801606134364788,0
Rat_education_Adell,Rat_health_Guy,0.4616215380080697,0.19945687684606464,131.43926913301496,1.3846356503769746,2.409897932736143,0
Rat_education_Adell,Rat_assembly_Suzanne,0.47825879498553286,0.2335235407647517,104.80110631215717,2.6684973740189664,0.5801606134364788,0
Rat_education_Adell,Rat_assembly_Pauline,0.5850644674983714,0.3739749987409571,56.444807665774086,3.142569637374769,0.5801606134364788,0
Rat_education_Adell,Rat_other_Hazel,0.4839632629069361,0.07793774482728459,520.9613377695646,0.7449436180312861,0.5801606134364788,0
Rat_education_Adell,Rat_education_Candida,0.4276492685249022,0.18763596228911222,127.91434184987097,0.6693172121965252,1.7851095798045504,1
Rat_education_Adell,Rat_education_Conrad,0.4900486316658456,0.307625192578067,59.30055258445209,0.8245847866656366,1.6958541008143229,1
Rat_education_Adell,Rat_education_Alfonso,0.4326703951745188,0.3160769552774824,36.88767496342134,0.13708046400744345,2.2760147142508016,1
Rat_education_Adell,Rat_education_Kandice,0.6744443517243061,0.5170953693209811,30.429393055665205,0.0031892700225595316,0.5801606134364788,1
Rat_education_Adell,Rat_education_Liz,0.3434078899426108,0.24012520093798506,43.01201564899454,0.27357153824029656,2.900803067182394,1
Rat_education_Adell,Rat_assembly_Mirta,0.3630461210265539,0.19766323862344218,83.66901380087876,0.12859891077520147,2.231386974755688,0
Rat_education_Adell,Rat_assembly_Gerald,0.7005783336388781,0.8002916490610287,-12.459622131399577,1.8512597995326565,0.5801606134364788,0
Rat_education_Adell,Rat_parking_Ronnie,0.4461835887101986,0.20341562486836928,119.34577985291199,2.7415990112960524,0.5801606134364788,0
Rat_education_Adell,Rat_education_Dreama,0.45604824376683073,0.2755245537605945,65.52000086463973,0.007725973764574734,0.5801606134364788,1
Rat_education_Adell,Rat_assembly_Kaitlyn,0.49419793677339596,0.09366511070297816,427.62222033831694,0.9281564731354895,0.5801606134364788,0
Rat_education_Adell,Rat_assembly_Ida,0.43882675114244335,0.22604554080308642,94.13200967530506,1.3095115919927154,0.5801606134364788,0
Rat_education_Adell,Rat_public_Michelle,0.37974268824855834,0.21179766833895156,79.29502776245631,0.7326987234386044,0.6247883529315926,0
Rat_education_Adell,Rat_lodging_Lorenzo,0.6322573857150576,0.3164100815559401,99.82213670498264,2.4840865091043174,0.5801606134364788,0
Rat_education_Adell,Rat_office_Ramiro,0.45064396644975724,0.37759805683497755,19.34488493586266,0.10413461346825481,0.5801606134364788,0
Rat_education_Adell,Rat_public_Amber,0.4466522078627887,0.34373344096304037,29.941447248018726,1.064743836453361,0.5801606134364788,0
Rat_education_Adell,Rat_public_Duane,0.6946077870542687,0.36795063698313035,88.77743839484502,0.049572740384579705,0.5801606134364788,0
Rat_education_Adell,Rat_public_Alanna,0.48815035248413896,0.19608913462753244,148.94309080988666,0.9991229280988638,0.0,0
Rat_education_Adell,Rat_office_Kasey,0.2923006576531156,0.16803394575157518,73.95333802686443,0.7449436180312861,0.5801606134364788,0
Rat_education_Adell,Rat_public_Dexter,0.496740873445546,0.09239349181476958,437.63621624065456,1.7475235910411215,0.5801606134364788,0
Rat_education_Adell,Rat_public_Emilee,0.371564060229982,0.19299349423673734,92.52672827105735,1.0300953771494683,0.5801606134364788,0
Rat_education_Adell,Rat_public_Roma,0.4624275678106717,0.36230122147013455,27.636215504393714,1.0615037633331728,1.5619708823289815,0
Rat_education_Adell,Rat_education_Terese,0.3483489981733006,0.10075470200165566,245.73969378379616,0.3665423746304455,1.651226361319209,1
Rat_education_Adell,Rat_assembly_Deandre,0.5839461155161251,0.25731217291926384,126.94072685762454,1.4573286915776962,0.5801606134364788,0
Rat_education_Adell,Rat_public_Tricia,0.551886946860485,0.16674423112866849,230.97813527031136,1.9167704414635918,0.5801606134364788,0
Rat_public_Tricia,Rat_public_Wilma,0.4152724092600332,0.16250505327587528,155.54430517003658,0.6660318287126674,0.0,1
Rat_public_Tricia,Rat_public_Jason,0.41271667884192953,0.2924230314421531,41.1368580670681,1.134226488490142,0.0,1
Rat_public_Tricia,Rat_public_Carole,0.369527050388567,0.13088117615001693,182.33781301370064,0.338018606216582,0.0,1
Rat_public_Tricia,Rat_health_Rosaria,0.2535571225357192,0.20519341448034364,23.5698149367306,0.6143328776978421,2.0975037562703465,0
Rat_public_Tricia,Rat_education_Tim,0.46032791023262914,0.1853940521540006,148.29702187546462,1.3885400537789738,0.22313869747556878,0
Rat_public_Tricia,Rat_public_Sean,0.38056912089939876,0.2018872934911357,88.50573224218714,1.7263742324756293,0.0,1
Rat_public_Tricia,Rat_education_Adrian,0.5165220365954335,0.15745030610544986,228.05400597284392,1.5899762416869994,1.7404818403094366,0
Rat_public_Tricia,Rat_public_Margart,0.5562397463060732,0.1915978872677605,190.31622124763882,0.8715982168027396,0.0,1
Rat_public_Tricia,Rat_assembly_Kimberley,0.38316817981231976,0.1169981354484951,227.49938992061794,0.826898608316832,0.0,0
Rat_public_Tricia,Rat_public_Johnny,0.29918671804264857,0.18738885008266776,59.66089653181632,0.16087301384819974,0.0,1
Rat_public_Tricia,Rat_public_Frederick,0.479184250693872,0.12812148595880132,274.0077217399416,0.5740095312157297,0.0,1
Rat_public_Tricia,Rat_health_Guy,0.3671780927287082,0.19945687684606464,84.08896125054952,3.3014060918405663,1.8297373192996642,0
Rat_public_Tricia,Rat_assembly_Suzanne,0.5017884292981094,0.2335235407647517,114.87702167191955,0.7517269325553744,0.0,0
Rat_public_Tricia,Rat_assembly_Pauline,0.7300503713833526,0.3739749987409571,95.21368375992424,1.225799195911177,0.0,0
Rat_public_Tricia,Rat_other_Hazel,0.3103529432047362,0.07793774482728459,298.2062143220845,1.1718268234323057,0.0,0
Rat_public_Tricia,Rat_education_Candida,0.29685358463135236,0.18763596228911222,58.20719067379847,1.2474532292670666,2.365270193241029,0
Rat_public_Tricia,Rat_education_Conrad,0.90629925727834,0.307625192578067,194.61152049448802,2.7413552281292284,2.2760147142508016,0
Rat_public_Tricia,Rat_education_Alfonso,0.5102226514493721,0.3160769552774824,61.42355300830143,1.7796899774561483,1.6958541008143229,0
Rat_public_Tricia,Rat_education_Kandice,0.582669580668939,0.5170953693209811,12.681260602674914,1.9135811714410322,0.0,0
Rat_public_Tricia,Rat_education_Liz,0.3832505033848672,0.24012520093798506,59.604448799127006,1.6431989032232952,2.3206424537459154,0
Rat_public_Tricia,Rat_assembly_Mirta,0.47645802753584976,0.19766323862344218,141.0453409819541,1.7881715306883903,1.651226361319209,0
Rat_public_Tricia,Rat_assembly_Gerald,0.7704102992458112,0.8002916490610287,-3.7338075250787495,0.06551064193093525,0.0,0
Rat_public_Tricia,Rat_parking_Ronnie,0.2788603409401962,0.20341562486836928,37.088948364043986,0.8248285698324607,0.0,0
Rat_public_Tricia,Rat_education_Dreama,0.43795709276305167,0.2755245537605945,58.95392508051973,1.9244964152281665,0.0,0
Rat_public_Tricia,Rat_assembly_Kaitlyn,0.42065478384090227,0.09366511070297816,349.10509439832134,0.9886139683281022,0.0,0
Rat_public_Tricia,Rat_assembly_Ida,0.37612133303855577,0.22604554080308642,66.3918393179912,0.6072588494708764,0.0,0
Rat_public_Tricia,Rat_public_Michelle,0.5199244749535891,0.21179766833895156,145.48168024282737,1.1840717180249873,0.04462773949511376,1
Rat_public_Tricia,Rat_lodging_Lorenzo,0.6669975355911676,0.3164100815559401,110.80160667170303,0.5673160676407256,0.0,0
Rat_public_Tricia,Rat_office_Ramiro,0.4346415728198605,0.37759805683497755,15.106941085190167,1.812635827995337,0.0,0
Rat_public_Tricia,Rat_public_Amber,0.43668850483036914,0.34373344096304037,27.0427758227119,0.8520266050102308,0.0,1
Rat_public_Tricia,Rat_public_Duane,0.3876702096071854,0.36795063698313035,5.359298406367249,1.9663431818481714,0.0,1
Rat_public_Tricia,Rat_public_Alanna,0.44574201991388646,0.19608913462753244,127.31602174723496,2.915893369562456,0.5801606134364788,1
Rat_public_Tricia,Rat_office_Kasey,0.4780901153957827,0.16803394575157518,184.51996009342122,1.1718268234323057,0.0,0
Rat_public_Tricia,Rat_public_Dexter,0.293919191860758,0.09239349181476958,218.1167700101724,0.16924685042247023,0.0,1
Rat_public_Tricia,Rat_public_Emilee,0.6218449518845643,0.19299349423673734,222.21031819952034,0.8866750643141235,0.0,1
Rat_public_Tricia,Rat_public_Roma,0.5376410453854409,0.36230122147013455,48.396144844286724,0.855266678130419,2.1421314957654602,1
Rat_public_Tricia,Rat_education_Terese,0.37626070158762914,0.10075470200165566,273.4423248866799,2.2833128160940372,1.0710657478827301,0
Rat_public_Tricia,Rat_assembly_Deandre,0.5521244501688836,0.25731217291926384,114.57377779873718,0.4594417498858956,0.0,0
Rat_public_Tricia,Rat_education_Adell,0.5051209365574107,0.1975759611611889,155.65910629447305,1.9167704414635918,0.5801606134364788,0
