city,win_start,Qmax_kW,margin,A_floor,disc_win_alone,disc_win_anc_med,disc_win_fund,disc_win_fund_tuned,disc_win_fundz,disc_win_fundz_tuned,kwh_win_alone,kwh_win_fund,kwh_win_fund_tuned,cost_all_alone,cost_all_fund,cost_all_fund_tuned,cost_all_fundz,cost_all_fundz_tuned,Tmin_alone,Tmin_fund,Tmin_fund_tuned,Tmin_fundz,hrs_alone,hrs_fund,hrs_fund_tuned,hrs_fundz,hrs_fundz_tuned,disc_all_alone,disc_all_fund,disc_all_fundz,hrs_win
Dublin#0,2401,16.09051444126125,1.1555661451858847,183.3576050737432,31.22713268863873,34.61373156817365,30.094164011688726,27.55689366575745,30.814448040637124,28.80775299273475,79.61994300029497,80.00480098493837,81.13026047806932,1295.6190173632135,1361.1066316103083,1335.4828385899777,1455.3199490249358,1355.212038813929,17.85992517740508,17.91815018192321,18.039630108747133,17.875437231404355,17.0,17.0,17.0,17.0,17.0,122.41503303367216,148.60929438732074,197.6778546524078,72
Paris#0,2796,4.446199463868109,0.9306865050940035,55.10440492587409,96.78115200453186,75.22659559091265,65.13845294861424,57.28355399653023,65.04468258945046,100.03543583333132,33.74626652933694,41.415808319939266,40.23847797766148,961.3209220481502,807.0661048223874,706.4961979145892,987.0957053812342,909.9360050595945,15.863985398187435,17.014479528560724,17.270487466794503,17.01753595067882,30.0,25.0,25.0,25.0,30.0,258.6851123322869,179.79010012107176,270.4074450241203,72
Belgrade_2years#0,1844,12.779217390260447,1.281709527864964,86.96172887268473,110.23228253505135,18.498221670550233,12.21909768745211,33.22193148030885,14.528765127642998,33.10254031058508,62.81823376186929,75.11451687530116,73.24275182593321,2745.6770741115874,803.4538067515803,761.5661760208875,812.2273634953688,754.6061574039126,15.88646756182234,18.60390656733866,18.158665719896458,18.061166788655836,30.0,14.0,30.0,14.0,29.0,1125.9541709649245,66.29630474206377,77.7125585353984,72
USA_IL_Chicago-OHare.Intl.AP.725300_TMY3#0,2326,37.5505085055163,0.9978454772004384,189.18712615635457,108.12310608453777,45.1940328716524,34.82989716738644,82.3803944376748,39.46429208469425,39.210074091295816,244.79721528391872,264.49373606165227,254.32706090331604,2501.6824072054787,2805.9336792245326,2297.087269262908,2885.7273063339517,2690.502692145008,14.886567609797975,16.731466301574393,15.672489805500778,16.49610329436202,30.0,17.0,30.0,20.0,20.0,318.79488214135074,277.37671673011863,342.3475042439054,72
Budapest#0,3060,22.924802795129864,1.2865028519884298,226.02588577888122,48.978982086276424,3.01139330564353,0.8749389414535003,2.5942562893421304,1.1749551406449932,3.7741721017057195,86.47900288211483,102.69616957558094,104.59767878649735,1104.8434501765246,1211.9738851792386,1140.1873327564547,1274.1976706411247,1159.822566697804,18.0922002943122,19.39500682050788,20.38492911443054,19.352967375148342,30.0,4.0,10.0,5.0,12.0,108.68121107299336,36.291492183469416,71.41420972640475,72
Brussels#0,3205,12.706552098966704,0.927975254651254,169.13379183925028,94.36011295837756,46.0906231255291,39.707565356283,40.187406424197874,39.50678893026243,44.13599643003106,97.28727461675278,123.46973477795498,122.65675671450899,2043.2979756583263,1901.5601331427406,1667.1315283026213,1830.3135879071237,1669.8057423614491,14.28695910550346,17.036633138528384,17.016309467376754,17.042078471198355,30.0,21.0,21.0,21.0,22.0,453.2211171422092,260.3881193237164,226.8506394333946,72
Copenhagen#0,3150,4.813535000355506,0.9826967647854278,53.59909754828225,23.677689313142412,18.15957303006918,11.280442987926058,7.1261695539818,13.4601604494846,9.714562455690107,49.273978032213144,49.90241235216184,48.72991321549629,751.1633493029804,654.7681224111483,578.0183390529733,687.9815780257,587.7755522965275,18.394564327908714,18.76618055159053,18.939708365439294,18.64905414306945,26.0,18.0,13.0,19.0,15.0,121.86539863044352,62.499101152508494,81.91699113226535,72
Amsterdam#0,3209,13.507503625289518,1.0264884113987778,233.33037732093015,100.27507323063158,33.842027468122325,27.690269244049084,26.472005827630518,29.512752119902046,26.92872400859237,62.55307410452118,107.57095577070105,105.90415158851091,1403.6629011630014,1334.5216301700966,1248.1541216851685,1301.5163059138442,1246.4121378203286,13.372764321407791,18.338277060153498,18.373559240332444,18.265893363095913,30.0,23.0,23.0,23.0,23.0,151.60302267244788,86.88862159623017,73.95220643754995,72
Zurich_2years#1,1735,6.792772938993607,1.2944448160524744,47.44644822982623,65.89818427729378,8.547035712807688,3.3015179026076247,11.2048234757393,4.106062431121096,5.202897208863394,30.699337121069522,34.73302510981842,33.112034519473305,786.1545754397664,427.86748871654083,418.8027237197973,452.64381319828624,387.738041075433,17.555971082331542,19.824161203990958,19.08740231144791,19.6753220351048,30.0,8.0,13.0,8.0,10.0,248.826942452896,37.26827709660954,52.104916663653896,72
Warsaw#0,2673,13.490660825123308,1.1281032822499537,132.89860460909952,28.297781922015567,14.606904651287675,8.43439026940484,18.4126474460098,11.24927650840987,53.43114526533354,82.70510586464486,88.92009005354825,86.81994159402566,909.1600368523127,811.6944082664791,850.5868661958505,754.5497333011822,1038.1905630462586,17.843272079472772,19.12313600709215,18.820391491918233,18.8576176058517,25.0,11.0,23.0,12.0,30.0,132.5827773796634,49.554589402276235,24.584734449963104,72
Zurich_2years#0,2390,19.92852366688049,1.2979531430633346,163.79564411493988,59.42778009803979,12.662953782969566,6.464670427192836,12.018183396054376,9.223603478644005,41.66659920476265,95.423649872983,141.48132569864381,136.6195143573757,1248.056388113648,914.6504828448909,899.1124871253115,925.8487259675371,940.1876776089732,13.075178139396883,19.561329391890244,18.67814029664516,19.355169851837832,26.0,11.0,17.0,12.0,28.0,180.38057804647073,17.80261572384181,34.091678247124065,72
Belgrade_2years#1,2873,12.635307277950556,0.9289500934408784,100.1460439748592,32.1857106178162,41.38142083602243,34.39236317407641,33.4374515814997,35.42390271215694,84.9577108865166,86.97961079067974,86.17980954931713,86.08171664974128,846.2477825344442,893.1521087671049,873.6059650597225,1029.6978636648532,761.7750702976238,16.324901706975748,16.195259710380583,16.25264177020085,16.141765696153367,15.0,15.0,15.0,15.0,30.0,96.97422253633253,133.4116833741966,203.96886405695886,72
Vienna#0,2953,12.573173952790645,1.1533554816020501,78.54600506580692,96.26576514533357,14.723217215227836,10.200915887619171,21.135741181443407,13.182885728851453,28.63458608112886,62.98323990980469,76.40824737383224,75.02742573111821,1082.9308555872585,682.2543782080784,763.5167684364258,695.2012430391483,760.6113731636074,16.453243868056685,19.0221263401619,17.937975500309253,18.776417139639037,30.0,10.0,16.0,16.0,25.0,309.13843845619493,46.684572982298846,59.91618395049332,72
Stockholm#0,2778,11.700311385562744,0.9850463736635393,76.88634067363168,123.29190276528554,131.75032958310805,121.49082671911026,129.5039822844724,125.0369499153679,125.36016574987232,71.51127550149724,71.2619494470893,71.51127550149724,1649.5038105282697,1832.9967288854668,1710.3540331690435,1963.2019089879343,1590.3039922487624,13.418444443117139,13.463799895330443,13.261651766803368,13.374084333844515,30.0,30.0,30.0,30.0,30.0,376.7290277594671,472.18996731172507,542.5964816167653,72
Muhldorf#0,2842,14.875542840142508,1.0029403405249488,131.27714325737904,116.782614340833,32.07913428007612,25.75911399658861,46.51728117948531,30.264798981190523,26.77425417466539,76.78622323801272,131.5423411973635,126.95808050292258,2001.2314888271633,1236.1144734038544,1419.7862054557222,1240.1871910162795,1173.0945756754757,12.9936256209996,17.591996731383393,16.972694566819822,17.382224214866408,30.0,19.0,25.0,20.0,20.0,502.17873362046134,69.67392403064534,82.74868783948347,72
Rome#0,2108,9.030333573815968,1.1125569036770695,142.94879105456715,67.77911841774164,22.7519569450926,18.210035349338654,43.18087293886966,19.247387376070066,23.59827811942067,30.581219178634402,46.80516688761431,46.18374530711475,621.3309279974876,578.2335385113599,673.0279545591329,614.2261115498343,490.163079870999,15.462787929098603,19.512099410081795,18.841581396771886,19.471719949905925,30.0,24.0,30.0,25.0,30.0,97.71524604130734,46.26590368795607,64.28029314646439,72
Dublin#0,2401,6.257542443860074,0.9278337366642466,140.40816020929023,59.52422783266986,23.45171801231875,16.86531251553068,61.96120273594239,17.51163365616812,72.90169195279175,31.56036254801806,39.09459575529262,31.25269760620153,500.27465869174347,471.7112071940097,515.3711471902404,481.21333981838524,566.229287115558,17.045454420781713,19.054376362235026,17.04111734699792,19.015708621817247,27.0,16.0,27.0,16.0,28.0,67.27338146210971,19.611107085858297,24.598987793865327,72
Paris#0,2796,17.144242547540102,1.0997215286135562,217.14629274968115,61.62635136219594,70.35680511774146,64.7863961403579,63.422566527008485,66.91652135341013,103.22110006155451,140.40252396629592,140.80645859315538,141.57867344903732,1894.1412049594405,2193.5564383053916,2118.2178512390565,2225.6161316581406,3306.566786259,17.591450907566085,17.50177923243077,17.539876018209675,17.441431872740566,27.0,27.0,27.0,27.0,30.0,151.7676575348068,316.4749739702613,336.5660817938795,72
Belgrade_2years#0,1844,7.584196631830758,1.0672417834831553,126.51731338472712,140.3155284150836,49.98129192141163,45.234463703984176,97.29745024017906,47.537582279103944,56.279380641815834,26.749179302070456,51.36062502141476,36.250530060979266,802.5411101082406,584.634405730769,651.7757805759906,615.2157263704808,529.9296066989048,12.049771986061527,17.611701566118008,15.372263719275939,17.547051535477348,30.0,30.0,30.0,30.0,30.0,206.94242166325535,65.96046642498678,82.85510778736091,72
USA_IL_Chicago-OHare.Intl.AP.725300_TMY3#0,2326,24.31172611149051,1.0894687859447847,112.77416840858979,111.32385383393793,33.982605719420235,23.52568061822256,39.527318399683466,28.53830277524801,98.26496816348768,134.18124634004118,148.92587220840454,147.78485202565057,1521.480067658436,1396.004774967794,1270.8596600873511,1415.99440965934,1233.182300510973,15.576636214482939,17.93077764731949,17.688327693253104,17.65082779194657,30.0,14.0,23.0,19.0,30.0,323.20047207251463,153.60180747617005,179.8365396468467,72
Budapest#0,3060,15.008245351436317,1.0400393762169085,212.67899000983772,128.60462365911116,19.754590708607946,12.819035778464457,41.135495296353994,14.476841781154121,54.17379481923315,46.50165376394569,98.94842499094388,101.32666454696205,1470.6701584582333,1055.1187981438459,1075.8665187288411,1194.0331504963158,1079.9906634603688,11.95863864726211,19.129709060266084,18.2459364896014,18.994777884950036,30.0,14.0,27.0,14.0,30.0,313.9583610766907,38.65137068364122,109.512376738065,72
Brussels#0,3205,9.653594252516836,1.2228468948490994,112.88194769211009,39.21771813549383,5.978504522318419,2.6655598962986815,15.693268136665072,3.3395921008401785,47.46620926421657,56.718918556582196,61.6979603798588,59.18144618891357,880.2428580061786,658.8966217291157,664.1809769822327,670.0663916016466,948.2877632411868,18.08706019806404,19.595831655315866,19.23509956462704,19.46526707024385,30.0,5.0,21.0,5.0,30.0,171.39061203804545,16.946065899416492,26.168013108924292,72
Copenhagen#0,3150,18.044990787589775,1.2067280127202324,252.75145929284741,1.014778366315916,3.2384720745986435,0.8567877523933909,34.60562977956475,1.136045977736302,1.7634073587288093,121.44592340312474,122.88351822117654,111.11343851668073,1303.1837398184223,1300.8818795139339,1203.4337293208346,1343.4465764165202,1276.7654797220089,19.94994753759568,20.05342210521604,18.441586907964474,19.926098867982702,3.0,2.0,30.0,3.0,5.0,20.8504934054563,14.471525386514514,39.02240123348855,72
Amsterdam#0,3209,13.98091520055125,1.0197283232673868,156.28843216073173,86.38337738874597,66.50036701031802,59.60956770482382,56.93354752751882,60.397470617692775,56.027895571171555,126.98206382940806,129.4339439489054,128.1500584377125,2300.429930717216,1950.5614175199107,1803.0812526141376,1913.3622033375455,1833.4240940750567,15.23816882751431,15.871650179012459,15.945402062568759,15.850382479548678,30.0,27.0,26.0,27.0,26.0,494.9497949126725,234.31104211330202,219.29596042643817,72
Zurich_2years#1,1735,15.755758698736525,1.227308563442569,135.28211916062705,81.65201463333162,21.4828683861029,16.75783298216852,27.910344656097514,19.132669065150797,18.113148710420973,80.51481513956371,108.25860581024091,106.67984767938702,1816.5524976543693,1142.2859392583032,1119.5462840658877,1069.1234816178949,1025.9179971157841,15.066989915468792,18.901958611868217,18.591163422436757,18.595072789872688,26.0,14.0,27.0,15.0,15.0,457.8117576336004,96.81643507901384,68.08031907158107,72
Warsaw#0,2673,9.707965753651369,0.9139886673862135,52.19298853738712,97.45072154509016,63.9746311647162,54.88634883512513,57.481243581427336,57.25667638023215,53.68582786824035,56.558656338869774,58.76281237754475,58.477970915208395,2476.361658895378,1314.4887040450612,1257.4016942921362,1444.528970190575,1277.85274705843,12.60075010229924,13.471162914625683,13.392234092032576,13.399936615389407,30.0,21.0,22.0,22.0,21.0,939.1989217260328,316.15960562059126,384.9947112105245,72
Zurich_2years#0,2390,28.388334204344154,1.2935699668774054,195.99023178471242,29.625672855055655,36.31497973192761,29.18339145626224,43.18423814292012,32.69651984052902,34.29363657261912,231.98914814306332,234.093771192421,226.97449171173085,1720.822939289993,1801.4288205163414,1806.2288466205807,1757.4064778641584,1696.2499471512085,17.738867463303006,18.057591650259315,17.147707925405047,18.060528205600274,23.0,22.0,27.0,21.0,22.0,73.63603531882585,85.67448499615384,79.68856774729055,72
Belgrade_2years#1,2873,6.4387755486048475,1.1854099367827362,51.77653123530449,96.82644063883313,22.328050879129044,17.37581387180522,35.252297912620804,20.759090953595006,83.76699855621024,44.39701400677786,48.13491568173845,47.28898394734648,1355.6633352806534,414.8196148925159,478.1207614020118,443.5042604940955,1190.4910219003664,16.00647522014921,18.27481507825191,17.564981267073446,18.10635624508251,30.0,18.0,29.0,20.0,30.0,527.985581669746,20.538197090752405,37.54787922350698,72
Vienna#0,2953,22.88447679566912,0.936094978026717,150.81530166980193,89.07348283026657,23.219315895968556,16.76398631178941,15.915852597490819,20.058147290850343,89.57287034223005,132.01969577334916,148.235321413642,149.2196072763269,1700.7039710994427,1425.3435650512247,1326.0814207440935,1354.363774454127,1766.6663010016864,15.762163328380435,17.515491429475297,17.61984447371031,17.31721007639757,30.0,12.0,12.0,15.0,30.0,336.6528707155803,82.52704701616902,59.583099283346584,72
Stockholm#0,2778,15.99764699622393,1.007101673175616,166.98608904154756,91.70142005779246,63.13305429169637,47.16295518393491,41.556263887197005,53.64195643549554,90.59746542848362,149.13701928619673,151.63124353002374,146.65750451898697,1643.6245322664922,1927.6777360620079,1745.7711721458074,1903.8999769386917,2704.151001471039,16.105378022334182,17.412756293915276,17.546871678135336,17.173915777137555,30.0,30.0,25.0,30.0,30.0,96.77504669227739,172.40688853111078,167.86496360474203,72
Muhldorf#0,2842,19.726072272841908,1.119858861666028,144.76360048084467,70.243682277042,18.161543558945727,13.605113796959426,14.286803925272,16.654618041622697,46.34246990695772,147.24027184406475,162.94081273098823,161.2875376223713,1892.5515058423298,1418.52219204301,1544.438600939928,1522.6122357336244,1732.178211255794,15.748666022410342,17.522512450880942,17.47627306509187,17.312020268408187,30.0,12.0,12.0,13.0,26.0,379.5591635647731,55.22987105283943,122.73923286406443,72
Rome#0,2108,4.634928151162505,1.0428003731186986,57.684987818559925,51.20268245122719,13.863603852875897,7.487132051972285,9.83964933771,8.187258499129552,15.768016856403403,22.17160889790513,28.855190523626387,28.461093470855534,306.65059695074933,253.63657306197638,256.4275818429494,262.786779068561,300.66907881934605,17.34009673352372,19.359775552867053,19.34593079685481,19.44838804689631,30.0,14.0,19.0,15.0,25.0,71.43522967513506,23.979304696946652,28.51255741607945,72
Dublin#0,2401,6.7549047294468965,1.0967256950453712,89.90017976665897,55.78908932446626,26.204233245511958,21.09054339508466,53.756810799260386,21.606907451385325,19.034321291809857,32.267635211684514,34.31157732623862,32.407531989663205,808.1780011061228,610.9896936308292,789.5341358107754,745.2294694498703,617.4470916034322,17.49150614765225,18.600005344916262,17.690857595659498,18.567384182312665,30.0,15.0,30.0,15.0,15.0,199.48907779042668,61.64753111901784,129.7311779867299,72
Paris#0,2796,4.719189455694781,1.0750898976892889,49.06547471859939,82.59388281533847,41.51053867705827,35.355164331019196,87.33371916706741,37.60927493059961,34.0876291735884,32.606904365653676,45.56086819786163,43.75946422100417,1042.5389855609992,639.0103298232842,979.2673621960184,663.0373763380396,562.4857902789798,15.078884166977051,18.4091735822406,16.880250662813054,18.34119010205293,27.0,27.0,30.0,27.0,27.0,309.79545586582566,99.62719617716972,113.18253786489487,72
Belgrade_2years#0,1844,10.641206294521929,1.1569709248296973,106.70223172359678,84.54306407928897,41.47525541332262,35.46086142605438,103.77765163970207,38.33364837024138,102.76709678917653,86.06346617055942,89.25434428372986,83.53072241167227,2259.429072638103,911.588061452188,3394.1280418569204,895.3047232416087,2801.1984472496215,15.732752800093383,17.00361113609018,15.22323774140127,16.926436262531325,30.0,28.0,30.0,30.0,30.0,815.3827690756522,78.71993908666984,74.56458748458505,72
USA_IL_Chicago-OHare.Intl.AP.725300_TMY3#0,2326,22.868389302606836,1.2020255645296647,115.29756214837752,103.13166411692893,53.248119583309816,43.58019074931015,121.42853908104064,52.41607800568158,48.07276535106328,202.19244884860598,214.84122381306742,196.2062539735999,2082.3157908800367,2040.3766496092267,2142.0851428117994,2066.928228673496,2027.317150441873,15.722030870611098,17.1658566613635,15.13435100945688,16.79190935129641,30.0,20.0,30.0,23.0,21.0,309.63036774078745,168.4747346895654,207.71757427375252,72
Budapest#0,3060,14.646517023049775,1.1935387391857895,125.27929014346617,49.53131400612483,13.652242447695935,8.115037490955181,7.006436848006711,10.250121489986299,11.69887077096545,63.70228777599425,71.8494518634963,72.1684512299355,842.7297888718397,855.3999259074163,851.6291266875966,934.1440992889477,838.7261261564416,17.53261288140276,19.54843784360301,18.844701873567917,19.380627311084147,29.0,11.0,11.0,11.0,15.0,105.98199277062409,41.49810761447623,87.31697415799357,72
Brussels#0,3205,8.684645439477515,0.9757598808438226,92.57276226290537,47.142547795139976,30.108776532808427,25.025847070242182,48.6586156386041,26.033086088922072,79.7895335807849,72.98776304818574,76.38230881769204,72.80802174935266,921.6359025898755,1158.0413235752562,909.2799326182719,1273.6589924212144,1066.1963097083342,17.881046325775866,18.48143684820075,17.843077873164265,18.41559635544658,26.0,17.0,26.0,17.0,30.0,103.84379730337649,194.39341119199716,255.06103222559784,72
Copenhagen#0,3150,12.791682441013162,0.9301281169275069,187.45312326445878,12.374275211813483,9.419119829287881,5.571628127380638,4.246594314928068,5.871165831159466,30.29770949999986,81.86373725744791,86.39493990133336,86.72507823874476,1087.2581371785095,1037.8156665002207,1025.4636372628515,1225.2517225002912,1017.6271183492576,18.77767590633904,19.160896845125528,19.29733059321632,19.12049353978537,20.0,9.0,7.0,10.0,30.0,104.00601136290743,65.14964611422481,158.73079090674344,72
Amsterdam#0,3209,7.442259002568949,1.221292392078284,89.4599221000422,68.72083608611078,3.8393658269129833,1.308863613162945,49.64861499884937,1.6567862772517579,3.2652428053749247,24.57463065746664,40.8769011532542,37.31955501289961,1016.5309849684066,570.9562131397728,879.7574847941362,599.6908119822028,510.01140510617887,14.291593695166187,19.757583939324693,18.020555633733267,19.6359757035873,30.0,3.0,30.0,3.0,7.0,311.78458421903565,44.93940173446043,59.88443646973073,72
Zurich_2years#1,1735,18.008335875501153,1.2021735195646548,143.59262923434594,94.96068733552795,23.799072683293907,19.060377431163865,24.368188295572224,18.995816487596215,20.611810699583454,76.5020569249233,85.13376370447646,83.80746637765753,1551.6751771903303,1191.5724946203113,1172.376358883787,1241.573756169821,1267.0527935396285,16.635382965611257,18.470090413571548,18.328228925645906,18.75122209318715,30.0,15.0,21.0,13.0,17.0,389.6569243640757,97.66095901276105,128.89290681412987,72
Warsaw#0,2673,27.934787606809056,1.053754276783717,217.0303071622279,57.69285463245081,58.974809556713296,47.99678936735015,50.967521736516645,52.91925231578227,64.97681548818619,215.4492517003994,219.33096136552618,217.2136067802756,2535.1251372619195,2680.0726436516325,2649.7744014658647,2836.3834402849507,2616.3476152711214,15.699438896122965,16.02802415749697,15.927698883189144,15.858621750527279,23.0,23.0,23.0,23.0,23.0,157.75255895577536,196.35951046575062,292.566247546932,72
Zurich_2years#0,2390,10.633932944300005,1.178293209743165,101.61975410155901,39.91561699536209,10.658313936691476,6.589204524222605,30.95749998730252,10.922831961884043,44.40240066464864,75.03823616311603,78.2323189803899,75.89335104440441,805.8803920298911,670.1717106777064,848.2315189683209,682.850163456347,944.6909217934345,18.646017018854604,19.54947517015446,18.68998382536034,19.276937868317667,27.0,13.0,27.0,20.0,30.0,114.70889462306788,12.436844455452665,20.371966410016938,72
Belgrade_2years#1,2873,6.307623206317598,1.2715156927083409,42.68246600156929,0.05509839622520829,1.7548982230778183,0.5648210953428645,38.90633328794834,0.2360260154056597,42.13916181187609,34.51244512484145,38.80808277385147,33.52178963723426,270.8741511120563,234.87259607166442,314.7408853529447,230.24505901046857,323.1697975815541,17.42123050913894,20.02871937602906,17.60739145067779,19.141620647627537,1.0,5.0,30.0,2.0,30.0,8.196941377584551,1.5036493520554295,1.808699905966531,72
Vienna#0,2953,35.20775781693183,1.141078592107825,178.48325336260808,41.07833454339304,41.36655769805276,32.50988515366591,36.4803145296731,39.32760050130661,56.12017895359632,285.357363339956,292.95153145194513,290.29065107009245,2510.6960491916766,2606.24755455785,2462.401766429008,2538.5086010615637,2394.3813387192063,15.677664598790358,16.76734502537218,16.56272122071283,16.456698729242255,22.0,16.0,20.0,20.0,30.0,98.50820378115915,94.83784902149847,85.79650478450745,72
Stockholm#0,2778,16.13591335439389,1.2967012774666105,98.21610367613843,64.07340432339487,31.63693717840346,24.145123274476223,78.49073362907426,28.13447465169869,24.2540573069028,136.13359188221622,138.48778463350848,134.9426932737234,1438.7824728814755,1399.5578791110277,1463.483042078441,1443.5164916159526,1394.9037880028561,16.850993161596474,17.941452871734683,16.573455195288204,17.728779081738907,30.0,18.0,30.0,18.0,18.0,148.54008604101273,60.55396147956061,98.24971722151896,72
Muhldorf#0,2842,9.430914104565192,1.1170852017611355,71.94588078798004,88.08841290826294,38.77474198104735,34.10732536552137,83.66525587364342,35.6545887178997,75.84873691528846,72.24449732837328,76.06393883847768,72.52701580259529,1368.9430517165147,851.5072586709102,1305.8929810231225,838.8341492725542,1251.3780983279162,14.690630527077317,15.985038760422407,14.790569844230681,15.932054392013075,30.0,22.0,30.0,23.0,30.0,403.53240434728536,101.43968267991252,100.7307329295497,72
Rome#0,2108,8.54507180216983,1.270009715661137,159.16273391963176,40.85523955100362,0.0,0.0,33.30428758625066,0.0,2.3916812397817395,16.936144084949944,42.646578550927266,26.38197024841421,251.92332439772875,164.67570720706428,209.89696385003703,166.35774485406117,129.2500843922449,16.99002349663666,20.934061048478476,18.21087303778885,20.79017536652379,23.0,0.0,23.0,0.0,10.0,77.10088198228145,0.0,0.0,72
Dublin#0,2401,7.398181733161461,0.9761230927041493,131.18724946111777,64.68969342965315,41.80738532775296,34.37435938902017,73.10518903725577,34.51568850985863,78.47991169410122,51.31426414238985,56.556796611446494,50.4775812914421,758.607936605973,867.387587775889,794.6088625761068,892.9053552536643,803.4811980702564,16.677516500478255,17.87582259271912,16.447904368676262,17.86261659517004,30.0,22.0,28.0,22.0,30.0,79.35063452852643,103.00410914661862,116.68104184739168,72
Paris#0,2796,11.441227605700918,1.1066710701358176,141.72164402906353,94.68571852696235,67.43535362734109,62.78207040098425,59.52669604277847,64.69544252990363,60.582908801306196,71.76808671664777,74.02839321843715,73.83435071610839,1789.7453241730866,1088.7823382210404,1156.8665411056486,1228.5498808143834,1084.3078040187622,16.393084892821523,17.23821368839938,17.335476995999876,17.181079195070243,30.0,25.0,25.0,25.0,25.0,562.4172567743938,136.91381538000869,208.59471988637262,72
Belgrade_2years#0,1844,16.104146519667243,1.2415362893104724,183.77515829103532,49.04822956152471,9.46432040481306,5.826402658886934,58.01867030211022,7.297571098459311,11.839269236349427,99.5815252243169,106.05423999429799,98.6358921329531,1685.135883484171,867.9188413998274,1788.2978267328876,893.6358939559486,880.2894488000793,17.909566311080106,19.155585951936104,17.680227155100816,19.1705897918779,30.0,12.0,30.0,13.0,25.0,480.7921955820995,11.090465017753068,25.91586726540498,72
USA_IL_Chicago-OHare.Intl.AP.725300_TMY3#0,2326,14.37771684697234,0.9796794427409607,137.3827519514123,7.007013485354179,7.704988510486892,4.7693395377078005,4.624586880918788,7.104686968348247,4.484187671084403,64.94612865165897,65.38842944718701,65.415168486988,411.8213021705558,423.32874143741594,411.0749772276459,443.85623462969966,407.74516462283356,19.47746976370933,19.915230497068425,19.465098375053135,19.602673461476464,15.0,6.0,6.0,8.0,6.0,17.249152037625382,16.4484757582518,29.687475323751155,72
Budapest#0,3060,21.172170131813374,1.1624436915782654,193.35916396283284,39.513970919485416,10.640802291428315,5.856982674267087,4.175896276305995,7.2427407472857155,38.91019454116034,96.53757689153176,110.79153948669878,112.25044413441736,1182.1119765006092,1405.9895881067496,1331.5833660004023,1384.7894681411542,1231.128275066051,18.407611292901123,18.977358989264093,18.7491753855496,19.595687275903316,26.0,10.0,9.0,11.0,23.0,87.62065812850688,97.00240238206594,95.31175411080153,72
Brussels#0,3205,5.672521304877977,1.0158585288770001,49.383516781306575,46.857383635222234,45.34547554512197,41.07626905653079,76.35473194577304,43.106353188796746,47.765616626914,51.406737214682245,51.68856086299143,48.541930057793536,680.1737772917445,968.7972179587355,806.4591314667796,947.4427968776643,688.6688493280742,18.1265904969729,18.21219146107021,17.12555285799192,18.129448099731952,28.0,26.0,30.0,26.0,28.0,91.5541494238812,222.65402022018884,214.06024708274205,72
Copenhagen#0,3150,6.105833750866705,0.9807076947375435,64.86995525091275,18.113196732856643,21.181395460860138,17.12834738374964,9.875095438027142,20.09863391774889,14.66730088932918,71.38525203380239,71.52531905616999,71.24041422856972,947.0376892073705,1311.5938374295915,876.9931062948391,1388.2314141069303,1014.4764255848916,18.49431348433525,18.526876920258097,18.784015544056597,18.432885103757695,25.0,24.0,20.0,25.0,21.0,84.30912551264902,265.2677644223781,307.6256370742531,72
Amsterdam#0,3209,4.1924114248521915,1.0990956764567545,55.74657549788328,55.41019504136921,13.088239903503935,7.5004755979913575,5.8584841558678775,8.897319914861487,44.93470102549665,21.992138668012604,28.285840920934707,27.558481220991958,461.9446433822761,355.05554597043454,321.99162923611135,378.4386655367711,419.9815063635639,16.898465471782206,19.646637487500296,19.670770672949057,19.536178840132795,30.0,11.0,9.0,14.0,30.0,105.17672469763087,28.589543700586,41.49863436077947,72
Zurich_2years#1,1735,4.731547515064554,0.9472929610580777,57.94069884342786,18.92095814847717,7.0714047201444945,3.617183938776787,3.987157381073235,4.332475168812181,2.8317242503704065,20.9129093258612,22.641009709565132,22.71594467763379,243.97626853380058,202.5760836032172,192.81441773462052,205.3314095361921,190.96916048558847,18.83347450521685,19.520139446544885,19.47044241752037,19.287533571720466,17.0,4.0,6.0,7.0,4.0,48.582223375344014,15.653671461107262,17.850825216535597,72
Warsaw#0,2673,19.48662437434864,1.2884044303860807,143.01088132224672,18.52995119426237,24.963353432881405,18.345719293488536,21.211790071314034,20.95992517607305,24.529119581845826,103.26148031635657,102.31425012495535,101.5453509653248,1237.4178349379595,1270.8930901474662,1336.4225381519527,1105.6983238118542,1101.4256885141729,17.88987585688287,17.989344211395835,17.77922336769168,17.78487127442183,14.0,16.0,15.0,15.0,23.0,99.95352027191011,123.1524507291638,47.73696109731243,72
Zurich_2years#0,2390,14.835727968023251,1.180090862340043,114.77739120348146,127.10268220278644,19.728781195813518,12.567776501086946,25.53315032018822,17.578941517117443,20.22050690252717,84.07251331566451,131.32180441863744,128.53173829931836,2044.692089498655,996.4977092110707,974.380731694122,1000.0509767222017,948.5540755703678,11.873561232261334,19.061374856505672,18.69301297544535,18.825061590539953,30.0,20.0,29.0,22.0,23.0,626.979050631466,39.39442453820824,51.25617621657084,72
Belgrade_2years#1,2873,12.028935722978119,1.1105173346403718,114.5165084844643,35.293379804426465,10.215185425383133,6.308193176359314,37.683723957728034,7.0565174917036515,26.032724329154643,64.63882963285744,66.60285431171611,64.50104684531854,482.1337703514549,455.16280137725323,492.93399566963996,449.8348497816893,477.23925312334256,17.73967918747964,18.447919352095486,17.73491441840845,18.340073539254774,29.0,6.0,29.0,8.0,29.0,47.74527981968646,12.446851217081967,12.864821175739024,72
Vienna#0,2953,23.004583069479292,1.2212825566396135,135.25004977089444,15.15576835807789,10.819559062775115,10.088687568835546,11.837435318858763,10.005418795019072,85.22386592799091,109.00368789490511,112.44315954030345,108.86405516853664,909.0200368609175,941.2525806523604,915.6385694733314,910.1398623540175,1247.3842476200414,17.574189166639005,17.94152185144591,17.60046641987929,17.710367476678567,17.0,12.0,14.0,14.0,30.0,37.767816139958434,24.76832624315759,23.404247889560224,72
Stockholm#0,2778,6.317873000298077,1.0346067529472178,61.038209051540356,145.7640771210493,46.75182535455844,31.666425817124143,63.595140318783436,38.10997595266993,60.6312732980599,37.095145341568035,47.36099234220483,49.42453557191045,1303.9275183858645,799.2906330215591,1159.5397479972771,778.5085630793276,781.5707730297133,14.694480180129455,18.518260270476585,17.598171693296063,18.283865050172214,30.0,27.0,30.0,30.0,30.0,425.0526531986597,147.51358199122916,138.5008056380779,72
Muhldorf#0,2842,13.583195589370535,1.2861105654107121,60.989386436079,47.17886262142308,13.577151019101798,8.3546177315636,18.366992298911672,13.033520327793905,74.89653406130626,83.99183054527246,88.47875939361221,85.60455014336496,1192.6929143187385,1007.2105141516026,1067.2204514938028,879.3295893964121,1424.1749374818464,16.090724785159832,17.257587820513596,16.68924030647262,17.076122240652907,22.0,8.0,16.0,17.0,30.0,247.34015621814254,123.17649467144625,68.71669784974358,72
Rome#0,2108,9.043857175675099,1.2549505159160668,127.40641803752338,11.214169061984574,0.6455797269470427,0.17198769179651663,2.708626249418568,0.22421575821008233,5.26562272247223,35.80331715799039,37.696421447416746,35.5453289067345,177.00712967369012,186.4571193654896,162.66071046054932,186.96686837525937,167.87880629550278,19.50186813764304,19.306646165244963,18.92481535364692,19.159616947036394,17.0,1.0,13.0,1.0,11.0,14.923283312461418,0.5085338208625245,0.9921504198424103,72
Dublin#0,2401,9.075319059310717,1.2229849299257203,118.2308434814239,32.05444508130049,13.801924004263242,7.996531101892742,62.36120768603229,8.675205136412174,14.207599085986615,43.15782586832236,46.16727762157653,40.82090390251341,906.7776839725404,653.6594869050857,2243.158783380735,696.2090912772602,677.5948656493437,18.687831317221377,19.638587276440354,17.80616352446348,19.573802936819824,22.0,11.0,30.0,12.0,15.0,188.59504102796896,23.19073446291916,44.20818079353547,72
Paris#0,2796,11.440120971637086,0.982301285876666,198.30490895202527,94.55067560874895,64.89524066905378,58.971964510313626,115.97139405180587,60.17911268940365,101.84543146626763,132.29396313350142,139.38797257895166,120.58482423810449,1225.3846610761673,1354.9283336468022,1347.7459434473703,1361.8091971352594,1256.7163723102672,15.685576767078125,16.61386614052176,14.914508245866887,16.576362965923273,30.0,23.0,30.0,23.0,30.0,111.96795087022238,109.21788025451276,115.88744034881596,72
Belgrade_2years#0,1844,4.694359181567353,0.9963703585214695,41.942734899864604,53.628856371982764,44.161893792353666,37.923453045679466,38.81755966137385,39.515087333703306,41.9832247853853,36.88060414399076,36.769377174645705,36.61600082054901,597.4228942319513,578.0399638208994,580.4553475957971,652.5517495919366,598.738604037095,16.87072033859521,17.266119454257833,17.237696742964182,17.21551671264458,30.0,27.0,27.0,28.0,30.0,155.4001927041485,133.77373608865125,172.14862113520707,72
USA_IL_Chicago-OHare.Intl.AP.725300_TMY3#0,2326,26.17542395837674,1.1745167802451058,151.52421176261424,81.94615683961129,7.3506396624249835,3.5127691285031624,11.763617344883873,4.355067574984631,77.32292853695009,151.99276126674823,172.8721666030262,170.0544714027477,1399.4941878044651,1221.4626150458607,1169.6124637766754,1213.325880223992,1371.988387685878,16.192546616700024,18.898700626421597,17.872527155103594,18.52578882961586,30.0,8.0,18.0,7.0,30.0,208.274284846196,13.28373464357735,30.44982254374739,72
Budapest#0,3060,11.56470216355202,1.07661237602431,149.04801227231928,17.311482799167006,4.041635336509108,1.77732689473714,24.24573242762615,2.151577409577669,18.00553200070424,60.60110478993661,71.92573241978668,66.30839960040781,643.9152477302135,704.9014201725316,653.478906062943,709.4228763246427,644.0402322662845,17.76344205988975,19.84462343804883,18.43202730132363,19.729696656668292,17.0,4.0,28.0,5.0,17.0,24.7102789493303,20.5556686472205,23.153889677793384,72
Brussels#0,3205,15.292393588756385,1.2869737160085135,147.9625542523067,82.61389340406554,25.132764010576807,18.76772024190587,19.36232942676059,20.90828008259748,20.90828008259748,77.24181367371101,88.86275133426605,88.99713371464249,1336.0097171543698,1166.18683826393,1088.406714105592,1088.8804547473262,1088.8804547473262,17.112372711334245,19.028263764543198,19.015273845655887,18.912182338333764,30.0,18.0,18.0,18.0,18.0,303.6097493942695,109.69293901525269,76.00005401869446,72
Copenhagen#0,3150,20.8989796303344,1.2063453452238055,274.675666186739,4.4672810072201266,9.243200586234568,3.799088668292221,2.9963103279042684,5.378918239934084,3.6659800266644993,176.15165776589348,177.33832324881323,177.3465615948123,1911.8539221303429,1992.4498596577307,1921.3342209425928,2087.8958016363667,1884.58404042409,19.213056238726402,19.296810783834754,19.25234053955033,19.135448548081687,10.0,9.0,7.0,12.0,8.0,43.00783809113213,81.24652475162195,135.26344223828787,72
Amsterdam#0,3209,11.35433651188554,1.2305848180593757,111.82247632644085,70.35945110336293,15.878990275455742,10.219639913224057,16.94654207610347,11.093104701670821,32.43957770416188,98.57167092243462,105.23388450480134,101.97853816183157,1473.1123412887714,1277.5181968834777,1215.5670188503623,1240.144394303663,1229.936826498812,17.64075981357875,18.91111458407526,18.56507887715918,18.7755716884633,30.0,11.0,14.0,11.0,29.0,241.17374693485687,75.03848331273927,62.13810504478018,72
Zurich_2years#1,1735,19.388469153705824,0.9253594082238804,240.69324445715563,78.82821905328248,47.14006032448998,41.522976787308835,46.318849738207305,43.26100252979715,83.16866687676152,149.22361390551552,181.89376214078095,183.12852799978512,2331.487263528087,2210.3161334921174,2210.7490238102487,2235.854635647373,2123.646669116856,15.055106289815651,17.38514737511505,17.249924311761614,17.307267101453355,26.0,20.0,25.0,21.0,30.0,281.53163428799746,197.67893329700271,218.7544944345481,72
Warsaw#0,2673,10.907599997254104,1.0398954229597395,54.81104059829667,42.056976717998566,45.88255699349506,41.99885136180746,48.73727363718326,45.072669582938104,37.670569802331876,67.03905848042099,67.1407084255019,66.85587613866433,1028.1238018294416,1038.8278777374219,1066.3009016991825,951.6403242328681,875.3867391394042,15.069471275490548,15.138670917613755,15.040145863847508,15.038695548563283,19.0,23.0,25.0,22.0,17.0,175.37660596252712,176.99680421621352,138.8803603944422,72
Zurich_2years#0,2390,13.227622892351903,0.9264192675904527,151.19807221738967,54.440836152842586,66.6189322145884,55.61041969552717,52.675151166540914,58.0587046728905,47.88579053625215,82.45074494038329,81.84533315443456,82.19413472572882,883.3249029796722,919.1482945276147,880.2549572795641,935.2383756438057,866.4881620021812,17.202358896221902,17.165614814705936,17.25378205035184,17.09244977302531,29.0,29.0,29.0,29.0,29.0,83.63959842182504,104.60338295378942,113.85494652807483,72
Belgrade_2years#1,2873,21.891328184041253,1.1862321851927757,263.4498777581056,35.455575302600806,14.703036887880275,9.757682939495787,67.20392836935241,11.032981340952272,68.18683595191801,125.0897796114555,160.06813553907153,141.53939562942588,1178.0895003393164,1041.476966240729,1008.940805525604,1075.2418783406306,1017.0104045886394,16.706213382524894,18.758562195284505,16.805454209271677,18.630068280739113,21.0,9.0,30.0,9.0,30.0,112.6855700333338,22.87764812411754,47.22639522776581,72
Vienna#0,2953,18.728712186847485,0.942596367584035,114.18210304109658,113.08081450268634,37.67062643615229,29.69017370487257,29.69017370487257,35.50064264312152,68.79657733992806,93.00681977102356,108.68503871104448,108.68503871104448,1846.3009685851475,1147.3714132923278,1147.3714132923278,1321.202816314669,1414.92349196507,14.806724252935002,17.18666293912984,17.18666293912984,16.94659691969254,30.0,26.0,26.0,26.0,30.0,498.5356953771927,54.549568161550056,150.56052906697045,72
Stockholm#0,2778,19.864438782906944,1.1214150349954184,143.36179626877566,79.03609535929476,26.896715955431638,23.843622356137892,23.478542831567825,27.089637313278228,34.7004786532048,102.25880459356091,106.50617610343951,106.99904994163516,1404.6827643522515,1326.2053190335444,1223.6811726798517,1368.8700868258163,1241.8235823020543,17.109980155230733,18.605472843792203,18.61847100362402,18.430985079520944,30.0,19.0,19.0,20.0,30.0,219.32899572700697,111.76714981014821,141.1011500347735,72
Muhldorf#0,2842,5.2290875118464415,0.9736924953569736,34.84230470034454,74.07155323395186,14.77309023170335,9.737360486557556,68.93870628873057,11.223385969403271,38.829620927434085,51.93672581811461,59.19681591026908,52.419613936740944,983.7785610936819,542.5361844669678,951.1027994764224,550.9450011516697,588.5578007946779,15.233025240522807,17.32179360735955,15.398614268675098,17.19699612318325,30.0,8.0,30.0,10.0,24.0,312.34447048228236,51.804927149623246,58.53531774929729,72
Rome#0,2108,11.828989924291069,1.015759848491506,192.92524774746616,105.1655002664218,56.438315426037,51.77651659670789,47.938658282073405,53.12564564472982,54.43460441317145,64.77764177817487,100.11676376284345,100.07965386093781,972.4034002294668,1031.966739314381,902.1319592611841,1070.4687686394516,929.2011153104668,14.111995736261871,17.83415728619913,17.967524965073594,17.787644618294824,30.0,28.0,28.0,28.0,29.0,182.0572723514699,165.98887727918174,184.61488618389237,72
Dublin#0,2401,4.507545807054723,0.9908512734956282,83.57484375055373,52.59140355010865,14.55370753017649,10.053408670009063,75.38428369681338,10.490471537375765,43.58986636429018,16.600136486573604,31.267082891503104,16.598485317540238,474.7707504983605,391.32065402539007,546.8498115103224,412.2662165026151,428.2179970787684,15.384777688242972,19.52955824650492,14.776979544821486,19.495797805482496,27.0,16.0,30.0,16.0,27.0,73.77263674171057,20.646829019045033,30.331864035492764,72
Paris#0,2796,8.88795958335471,1.2630953617441456,102.51726532154731,66.44676698108583,34.29440437698273,27.148912657207656,22.160322423778926,30.024107597619206,24.048144448066804,51.01453212636294,53.035717016634614,52.726655516258994,1095.674671368984,831.832805137956,707.1667301014222,825.7602461029967,704.6040967760621,18.11093337542686,19.312565736456072,19.4695803403564,19.211651187022913,30.0,27.0,26.0,27.0,27.0,306.45993583996056,130.2671013541781,129.24381446337054,72
Belgrade_2years#0,1844,8.479272286907714,1.2589776251409868,59.32019855447703,76.81408344496018,23.82253839268111,16.832313865698076,41.21102332822364,19.82423217107192,71.56915890711372,60.42120341983931,64.18360490433085,62.50399205774697,2966.4219773887917,652.9485076861941,1288.2956936989053,684.2003694610328,2193.4408859314517,17.050503694929912,18.680614874881748,17.879404246332598,18.5369401319249,30.0,18.0,30.0,20.0,30.0,1227.456715293875,21.585548521506464,40.99841417847833,72
USA_IL_Chicago-OHare.Intl.AP.725300_TMY3#0,2326,25.530776518505007,1.1009848377391243,159.020367634452,10.42575742371671,5.394514771808277,1.67654278811386,39.68276564520835,2.3422225203693614,43.41235677332203,93.50976774384782,126.42286116968644,121.10901648363064,1114.9106605332465,936.3979066057058,1117.4533991526232,929.0153477701443,924.4177394450309,14.54945462339282,19.464459727804904,18.325924695571143,19.2191201514973,9.0,9.0,22.0,4.0,30.0,101.30430069960427,7.402185936548953,19.67193927766937,72
Budapest#0,3060,10.47071113200718,1.050561103156058,122.6558606007129,92.33695318794963,46.10731688068904,38.128386633896454,33.072344361308815,37.79516844604686,71.7229434692417,38.70507763056524,57.28546652779016,56.775763608197636,1114.6207226987308,960.004248816144,834.2335980442599,973.9543803957469,916.625935046245,13.787619676990941,17.664490444905287,17.845618339739257,17.64967927811428,26.0,23.0,22.0,23.0,30.0,225.90183475822823,152.0395611235934,159.03822124492314,72
Brussels#0,3205,10.483304345241548,0.9319894288499548,202.84001015750437,28.055228254373247,12.631522735519466,8.902126764100064,29.81837591716275,9.233564352953543,27.454126810080496,38.252573337312974,51.1462546915237,40.67429972966636,694.5594640209749,729.6126679771737,663.0647772352336,739.2381986392343,663.2667896442041,17.357171488006664,19.466101413792057,17.661576778077436,19.424594501681085,16.0,9.0,16.0,9.0,15.0,30.961971433598976,36.05151996589774,38.47204905044357,72
Copenhagen#0,3150,5.878161430816838,1.0037269130144935,46.38766791758412,45.27067193889073,16.65280780098053,8.946958460517738,12.831621260336899,10.240932925963556,4.6073482130514805,58.32686701429114,61.53584915471433,60.932127849323706,906.9083368152033,926.4328814154335,800.8951569758586,933.4657729898664,752.366427473835,17.978730019854225,18.759290028126834,18.63840760488805,18.66006189330449,30.0,13.0,16.0,14.0,8.0,150.569816112557,139.31997384055273,146.35206939521208,72
Amsterdam#0,3209,6.591232230646271,0.9437158196669215,126.1557440111502,26.267402596492897,9.728594095383293,5.493648892229292,31.669350637251448,5.9427751721291,33.36376845604853,38.40053817806591,44.01638953171838,36.055576212104306,542.3023358988055,569.3001739112013,564.9363349572931,589.7054908901788,563.2820877181886,17.86936580948852,19.363842246159336,17.661077960351893,19.299256094157396,25.0,8.0,25.0,9.0,26.0,29.677880179207882,17.97994460488195,27.4010183805383,72
Zurich_2years#1,1735,4.827515507264392,0.903162866800895,45.27075024180324,17.997238395847326,21.384246555148565,16.995239933606946,45.05049255483655,18.255438281546503,14.26815483429807,33.20515704054834,33.24119322022756,32.00153120012184,451.58646511623397,436.11557548908047,492.0022971713326,463.58427218051355,419.79288575101873,19.05139318348524,19.123678436122454,18.048554440132524,19.03226385046913,13.0,12.0,22.0,13.0,12.0,67.10768834296522,58.22618995811189,73.53906864283402,72
Warsaw#0,2673,13.444511268300687,1.267793186255701,67.13479199298335,102.86762474499223,14.799981678384274,8.963678927231772,30.045521123421352,11.213010614220817,31.340966314060108,65.91295549652168,73.40139430367923,71.34772722383899,2726.3064042860083,791.4480165156626,989.1485547531238,792.3371527974165,1003.0436649837441,14.506509899119157,17.164553504974627,16.458410857078547,17.015016532994363,30.0,11.0,20.0,11.0,25.0,1079.7530457931648,44.88412916004046,52.86156276807401,72
Zurich_2years#0,2390,16.926450036469383,1.1080995898729,116.32865076640489,104.66458566803675,41.663098893173384,37.65393756061106,45.0671918975782,40.77394244998015,40.77394244998015,117.14279922132175,128.7623993256881,127.0589963254396,1655.786369201152,1155.3602947512904,1125.485199542441,1111.8140293357026,1111.8140293357026,15.271692670321055,17.057017776476673,16.81174859617805,16.95050157591419,30.0,23.0,25.0,23.0,23.0,436.2191859317122,82.80360334846297,69.94451862307787,72
Belgrade_2years#1,2873,20.189536047927003,1.257032917643187,159.9235747719168,78.52816175930417,22.159881237897984,16.283320304293085,64.59679591996415,17.972693321129146,40.77926812275,143.2347773963134,151.81358241671282,145.35875880937928,1104.446810844639,1067.1558782347715,1094.5033332745504,1084.160520071576,1054.2895173616953,16.366818343936465,17.573318815484434,16.632889820994293,17.445581919368216,30.0,10.0,30.0,11.0,28.0,132.41765900251403,36.45008442992456,53.52741038765815,72
Vienna#0,2953,16.69176284562572,0.9702700998278535,109.39483813487621,58.85237634172893,30.504178817311264,22.17787744001264,23.394533570906503,26.611026218815894,19.522930884723348,92.47983377549332,95.17866431893262,95.52990282928161,1193.5839741273603,971.4902010088109,950.5211792184468,983.7955164526384,922.6872713750442,17.363658589352696,18.142625184763318,18.133297228746823,17.94265247979805,30.0,20.0,22.0,21.0,19.0,215.72627632307194,60.43224101981873,74.40538388141599,72
Stockholm#0,2778,17.30291567419908,1.0806002402875305,110.52817346769093,107.53003175917226,62.12503152227379,54.28710010377337,108.33133402337596,61.262141450345496,104.83541948555326,117.44260865570257,121.0270939197034,115.57120053304435,1500.0337867180158,1392.09536859693,1499.452990204811,1510.606349486205,1513.8972613118285,15.086403248992609,16.153929534836625,14.96194565995892,15.917562915284709,30.0,25.0,30.0,26.0,30.0,244.51809638208093,121.4259630760547,192.57999553666943,72
Muhldorf#0,2842,20.514931040916455,1.057431187071552,136.94238345348347,47.507676372043704,51.58130164817551,44.77664024596767,51.63053911649528,47.47275347021046,46.21040103959964,164.74396238383795,164.26928139540854,164.29460486592407,1715.0854299013865,1704.4636990658887,1783.7111211527945,1734.7361938341073,1522.123568362309,15.262320762514118,15.346286293856956,15.132199458968342,15.234080356504245,23.0,20.0,25.0,22.0,22.0,177.2377485308357,170.44657856231856,198.80131961885039,72
Rome#0,2108,11.321191015327045,1.1596268763268671,158.98146567168376,93.94154647016448,27.225394163930964,23.004627787690403,38.79213316964828,23.85857509757314,22.83677602089069,68.22043433835303,79.48497240507193,78.61573495637978,1988.7105252171057,769.4071454658794,779.2987222381137,793.348557295857,734.1684004264524,16.94586067997879,18.88159801539913,18.46670000164586,18.84390489220259,30.0,26.0,30.0,26.0,26.0,772.2761102342658,67.2616267324533,79.0712677469429,72
Dublin#0,2401,3.860568951623993,1.0917159679976398,64.26242808467094,10.744121006446456,13.526261069551602,9.373466005325916,8.934443222437928,10.409868206620889,53.14835559413473,18.49717720148623,18.735267684253607,18.55392734129767,270.83810231944847,304.7875685451286,267.60094128156027,320.8668854383094,344.002438591584,19.58166021616306,19.68662975460486,19.71798169678962,19.609859185076076,13.0,13.0,13.0,13.0,30.0,11.329336632826237,29.90339070086685,38.571773807750574,72
Paris#0,2796,5.240714386114178,1.170771489558613,124.84332254491693,64.88846805120039,18.134760860282338,11.93926394676392,50.25098228431551,12.552679563334,63.95190582584952,22.30034865299558,43.33741643971303,36.96776741522174,491.6576191542923,367.5567755884354,402.02839943752343,372.8532636301373,444.2799087267807,15.510687513388062,19.46411508531668,17.635699586887235,19.43913812623431,30.0,23.0,30.0,23.0,30.0,90.49578780053274,11.93926394676392,12.552679563334,72
Belgrade_2years#0,1844,6.10400782666461,1.1470509478349793,46.52002890985678,51.263428688285195,44.09663047178045,39.17263635035444,39.68359765000913,41.517173439484665,43.77180554155962,38.55826180121666,38.99452017119821,39.179168073212416,711.1758853302188,565.8188841828419,638.6733916150602,558.9635093369529,581.6421533493804,16.798085756770632,17.132134066050583,17.12028255383869,17.068515677051717,30.0,29.0,30.0,30.0,30.0,167.84615055758835,91.25026041085563,89.4385371510385,72
USA_IL_Chicago-OHare.Intl.AP.725300_TMY3#0,2326,11.763484140304849,0.9912681263895962,56.313900741091445,58.968019243896904,52.48937212073433,44.12904433416094,41.07903645355789,51.01192575937412,39.96635660650165,76.15645649225252,79.77403427696889,79.77628230887201,973.5964829225154,1253.8463588818527,936.9010658035683,1345.7153548825027,1029.5508414298436,16.699221939826803,17.3513363624239,17.493458274867308,17.029574285022097,24.0,20.0,20.0,21.0,20.0,160.72805423271393,279.14953814525313,331.5781667089241,72
Budapest#0,3060,6.904352753475623,0.9120196624215969,46.16369395591161,93.91985820425933,45.938136500031526,37.5506648742121,64.78996050176426,38.69855069681603,58.948003030391746,34.70707203387276,38.442222746345834,38.05582034652887,831.2358279661917,922.3850116918595,710.3641768729769,850.9969954522928,554.0625095051148,15.726552594531531,17.29095992654093,16.534604628671726,17.235971911659732,30.0,23.0,30.0,23.0,28.0,236.23837362224643,244.15256266351673,210.13722095420277,72
Brussels#0,3205,10.886406784533735,1.0053837963309924,174.52449733759943,19.58401290510249,5.734067157970285,2.723462867257183,42.32473556423118,3.2869917713070897,2.1441879028170696,60.087925373698525,63.259279042637985,57.193238345465545,704.3183169269864,762.1520445840652,743.053562317546,785.8956932907433,716.3434111820835,19.062188706139853,19.780501025236642,18.212999365205658,19.696570959689176,24.0,6.0,30.0,7.0,5.0,39.11139223314915,37.775073213167474,48.97287466134355,72
Copenhagen#0,3150,7.564891456912843,0.9069590306784721,122.71293568570077,45.11675107428998,1.3528683619597146,0.24064917172234956,36.81225156178944,0.3741695282855595,25.888071030291915,36.369507451307555,67.28788650695853,59.08851270059124,722.3456067812785,692.2944933139436,809.4997371175195,689.656910156752,689.9657490895634,15.585207471277037,19.89578135487568,18.354276436656413,19.80356729754136,27.0,1.0,30.0,2.0,25.0,73.77283148979772,19.967328222588577,18.87294491401095,72
Amsterdam#0,3209,11.214971715821235,0.9306273123315529,161.7317651726604,26.49096020348001,33.5826296456497,27.53295034494292,24.658060277778976,27.794840537192577,27.070144918358082,81.7484296360497,82.19194220070216,83.32322129777577,1202.3565486189511,1397.5524283028292,1171.540019141636,1292.7497674774795,1185.9775493816192,17.493400784312424,17.42503352909395,17.628019364511726,17.39976440368129,14.0,14.0,13.0,14.0,14.0,92.21862277295885,196.32099087054,144.96431139359578,72
Zurich_2years#1,1735,10.29701323199298,0.9719249940222462,79.93067165123799,42.38669953637628,41.98442120924064,34.52072506395282,60.83471479751462,36.29179392635105,94.46978654093996,95.5220194067055,97.58760254828191,93.71083556888219,1142.8270663837297,1411.0276298465503,1295.3343454252702,1308.5082578742138,4531.128199261248,17.578121001862492,17.87232327329887,16.9106170663293,17.786951315805712,22.0,21.0,26.0,21.0,30.0,100.86143329386877,204.71457872293263,158.91276413738782,72
Warsaw#0,2673,18.644309734754493,0.962147008004919,146.668310277769,100.8427282671615,56.93574750126727,48.14718076493806,50.84051025499883,51.3857773628639,48.50091387083434,108.45401547408542,113.22680150897945,113.00987856966063,1354.2226822244506,1421.7403041626778,1561.7047804385184,1681.769216121067,1587.8107346712707,13.481005655282223,14.675291715793874,14.582863679641088,14.56414933281621,30.0,21.0,21.0,21.0,21.0,141.94365438372972,91.27806849748325,229.3923995991648,72
Zurich_2years#0,2390,14.764918429105125,1.2403907678566917,76.39479257751341,45.09078143281545,20.961260164834663,16.321521850111278,53.91784483927154,20.918127235843123,91.25139586541962,134.93647326040048,141.24245533018475,134.84119567451523,1292.6336975326326,1334.3138482232137,1441.9903446270296,1322.8604256578728,1749.7284654117693,17.294610950242447,18.118714279134576,17.296765572292216,17.898119308678485,26.0,19.0,26.0,20.0,30.0,115.38569731901808,83.64928387990062,92.6650978209279,72
Belgrade_2years#1,2873,13.389255276118497,1.2208281472191398,129.55496685097634,56.44935957163777,0.9296893611315671,0.0,36.97225404697901,0.12200042772497,27.86469966415438,62.25890192578556,74.97233490028782,65.76421024351201,551.4535679477351,464.6511840757215,500.2794054656703,444.19251543801636,479.68990671335564,16.92735595069723,19.759180664502416,17.701630617722174,19.061393492063836,30.0,0.0,30.0,1.0,28.0,106.60821166951136,6.929849029591203,1.346858516314839,72
Vienna#0,2953,29.15781355112369,1.1041782213773708,205.85872480076677,92.67381071674264,10.448009511127998,6.343640762935692,17.232244641233784,8.572039972122973,79.07180663422044,152.65993870881738,185.04770173728912,183.52053052759456,1856.940613978601,1539.9143379730083,1485.0448651134975,1570.340677937888,1820.4944793321515,16.3274668187808,18.918480239582628,18.002849758066915,18.73878537088611,30.0,6.0,21.0,9.0,30.0,335.90005422071346,13.77962688154659,46.82716216290609,72
Stockholm#0,2778,19.535525404925014,0.998422432633561,111.29953540388311,144.93355852747158,100.56174371782842,92.87464327720518,123.86376805195842,93.86448961242533,149.62770425652968,138.7204285759596,142.33882330395667,135.15585543098874,3648.346842402123,2485.9098221403724,1789.1134461667348,2473.239450743684,3666.6094535195093,13.082766479858149,14.371448942974636,13.41601471890275,14.345536233683015,30.0,30.0,30.0,30.0,30.0,1146.5004834452766,449.501861212809,456.09846759132813,72
Muhldorf#0,2842,28.146457640525668,1.2146090849305955,256.2272849649015,47.98757134611287,11.059771706174693,6.029372786980055,12.644728588028709,9.134743592778015,64.464850847246,204.23999380063742,215.43323270036774,211.34886100130984,2170.2594632810537,1859.9876372688518,1769.1119121478257,1843.119806084604,2261.9720809961973,17.256756138173472,18.7399653600499,18.215732192005976,18.445690349282543,30.0,8.0,15.0,12.0,30.0,281.46584864836393,37.145227353159655,39.932554395485965,72
Rome#0,2108,6.0119733371021145,0.9313802068244248,120.76840731596029,44.63253389961923,14.644744090569331,9.766330589107366,58.534071729340084,10.371534841827188,49.319849603330496,26.81992229044804,33.33576656689805,20.975661977573548,312.74289464746755,267.55400352104317,338.77680067386376,270.68223437392925,306.2723036285864,17.599155131742876,19.139421729883843,16.412505704896567,19.09501274194974,30.0,16.0,30.0,16.0,30.0,60.52676232824446,12.070405244401464,13.552160222315738,72
Dublin#0,2401,14.702941931534477,1.0759694915251767,217.0989486505218,74.69768770520301,31.544063576704517,26.171519314898767,52.88350708163879,27.09856590004857,55.88248804540085,138.11279491472172,149.80784136463527,142.90622541417517,1891.5649260094956,1675.6298943958673,1728.966829610486,1702.7188749771674,1748.5220679252193,16.563020226147888,17.9990929925168,17.11660034805003,17.95067202696268,30.0,18.0,30.0,18.0,30.0,332.6665950224689,80.82692259280618,97.5158235547515,72
Paris#0,2796,10.43867758910829,1.254585669753142,138.2135552364515,10.359502777249158,11.75754373131595,8.010686528825797,6.7138751423828715,9.509982330373902,9.04997634339567,54.44378961700947,54.839880666327616,55.1269618195252,532.8916581922992,533.9855037820203,519.7106844186736,556.2456525900176,482.804718244419,19.833465184474093,19.96455448019913,19.974799063415183,19.883320567481803,16.0,15.0,14.0,16.0,16.0,23.511174043096016,27.521724340990186,37.27272503607746,72
Belgrade_2years#0,1844,11.547062133621305,0.9617522967789798,212.67437186775305,38.614309933651725,32.31603367767029,26.199047593580506,64.9637400133014,27.35214984981801,90.2545660789005,66.82026591990758,71.04061207129776,58.68775161331512,499.346993299616,566.6742783260768,548.5858664582967,592.7039030752553,617.8810900746978,17.876781780327615,18.409111266582105,16.898466680275675,18.358844712547658,26.0,21.0,30.0,22.0,30.0,43.55373108722577,68.60833082458637,79.90597404694506,72
USA_IL_Chicago-OHare.Intl.AP.725300_TMY3#0,2326,13.072368320636016,1.2587847885101608,45.377935886148926,134.56823910806,19.366700367625384,13.432018127960408,46.21590593297369,16.970817103630246,36.04116185283689,62.210289573803166,75.30601423807789,71.64709616086762,1253.782208776537,630.3706580157066,653.6072045130819,663.2220267813218,629.4765797385677,14.791128545367101,19.17431666487193,16.997705481760946,18.660941442900096,30.0,15.0,20.0,19.0,20.0,405.8891110065019,33.19499985372116,58.20074006392483,72
Budapest#0,3060,11.710052462352007,1.1651612315835551,90.6144291428733,51.58455164854339,17.796445039055698,10.036438094118257,34.30570848655276,13.241055411548047,71.78291549181262,74.95766702973195,81.2134652987687,78.04851250658086,940.0308529991479,913.7409269573893,904.5602798613343,956.7675500304608,1352.3277064231079,18.018452469097245,19.401407244715653,18.59727328415734,19.21271272637411,27.0,12.0,26.0,17.0,30.0,122.45031294415844,52.903485202531584,80.8436855562795,72
Brussels#0,3205,13.941236303959403,0.9862229325392803,163.72703296565848,65.89042780467928,32.3757406807988,25.86586994337728,57.81582973072842,26.522576089916562,52.01632354056245,108.4279954713635,165.35695218545231,156.75680040335047,2158.829422586079,2005.211398632546,1991.8390217461988,1994.7247691217626,1918.5082036213266,13.928629415114312,17.673064162828908,16.688740766853595,17.64347604365667,24.0,19.0,29.0,19.0,26.0,282.13910145861894,181.7944393863147,178.07154341494925,72
Copenhagen#0,3150,6.626081146120134,1.180980045713723,41.626678269527346,33.31108622013624,10.789244178140667,3.7575834579911422,81.52177651637922,4.590184945485412,45.78476257231148,36.78441406042923,38.976329318213686,33.73692711009396,698.3522632441504,660.3042376155813,1725.654413080867,685.2262386715856,741.1609766441507,18.048268124881627,18.478289383600035,16.70308534425681,18.98829363251852,22.0,9.0,30.0,11.0,24.0,132.26084710761964,97.52122906448808,112.85813222774078,72
Amsterdam#0,3209,16.093744740817968,1.0412241485953595,149.761142265302,97.50467441903889,22.779400681058185,17.635870699372408,22.058961973097,18.05474013083753,18.658345179185183,119.4522306490885,142.1138994922807,139.31908021078084,2225.7041175341974,2084.0398023132957,1915.025024676862,2141.7465258403117,1865.720285631469,15.21466544412502,17.37894793463589,17.153764994532047,17.34668224567738,30.0,13.0,17.0,13.0,13.0,500.49220668098883,251.76015079810222,285.02420391069865,72
Zurich_2years#1,1735,22.887477230927335,1.0540726247311079,221.63912577675447,100.60566498204021,52.87888310309637,45.825873985090084,94.04565169706999,47.31088486980952,47.31088486980952,134.21252729515842,142.91814721197056,134.64167245027193,4012.5758954154808,1921.4794222351384,2481.575985381962,1892.627864807286,1892.627864807286,15.190570755336367,16.653040706012796,15.37896504209055,16.586324525585937,30.0,19.0,30.0,20.0,20.0,1358.6282851498381,181.7045113615731,174.90334533784417,72
Warsaw#0,2673,21.147533000145977,1.2651538181600406,170.66204143291188,30.371658830213086,38.18735516601792,31.512536351379367,94.24974403545664,36.68676200643975,87.572899224652,165.3343529995367,165.86525667353948,157.3375555745357,1784.4217504891412,1861.4823825680883,3310.8346564829444,1831.4182048094121,3173.976835751727,17.87166021695388,17.823786144391253,16.04938655761819,17.597816578544542,19.0,19.0,30.0,21.0,30.0,86.4214332207348,129.03474208068212,131.64647169800298,72
Zurich_2years#0,2390,8.361187022991055,0.9746079927346175,57.46585009907081,74.38291095854646,70.744211671631,63.77583025973201,112.68875276682745,65.07499129189274,127.09589875371108,77.04312994753121,77.313166968637,75.28348154286408,1143.179571407612,982.0362898015575,1698.7621103583917,1101.4141068473075,2235.6393320169827,15.788637248908325,16.059283826453726,14.854954739962446,16.024440418388757,30.0,30.0,30.0,30.0,30.0,229.39708210202377,139.29384285390802,204.06372909774117,72
Belgrade_2years#1,2873,9.860862388313864,1.0083823153675422,132.48255611802622,52.05543835611459,11.94210166003316,7.884233444605716,15.068076374578052,8.915310501482438,34.90553501568745,58.034867718634175,74.60757847893346,73.37204327529281,508.57679719663736,494.29655169828123,469.5397164703211,507.0908988469926,505.0188475588617,15.588006378484723,18.18538046619335,17.73039942537139,18.067198561414067,30.0,8.0,19.0,8.0,29.0,65.14781476079867,25.023536907616794,34.19261893199527,72
Vienna#0,2953,17.324750121343858,1.049083871112923,96.3344484573518,110.80798993315406,3.513013768360466,1.629013051107414,71.01552475301236,2.0337744817026504,116.97863280564698,92.88936173809205,121.90802785879576,102.6048247562914,2075.688476682366,1054.1092533574458,1672.1433437046658,1048.5341095171127,2125.2927202724686,15.026767654174915,18.64935353310917,16.460816924250935,18.854162553984544,30.0,4.0,30.0,5.0,30.0,659.3102086762824,16.67942792953357,27.71389034179982,72
Stockholm#0,2778,15.432219237333529,1.2976422875044664,117.98080977450978,78.21909060786601,25.762815656793094,21.605941171040854,44.87962700837575,24.802274829696916,48.07109762886515,99.32345011519308,103.08889708647584,100.59367158076124,2379.30200951863,1166.9484998579726,1137.978013264789,1169.4351580367984,1199.505123927699,16.84760737633275,18.38219774720528,17.48155653749684,18.215415970607584,30.0,19.0,30.0,20.0,30.0,736.6392243616747,71.61522737773622,81.15919210350387,72
Muhldorf#0,2842,26.033060942303212,0.91613959999594,223.0560847582259,92.92583900546514,75.60939723690822,68.3401162768662,121.02616440666698,71.21784287001365,115.4878592640359,187.75402180643238,188.47143753440875,182.34896751667364,2235.0911623096385,2112.481458341411,2539.746867114485,2208.5609794833135,2491.3176472323066,13.472632299905085,14.029833261837267,12.909919824779037,13.962943820319024,30.0,29.0,30.0,30.0,30.0,332.73774946536133,185.2282790673234,245.90428214687486,72
Rome#0,2108,6.392752646147403,1.2384844538708086,76.70349515333479,34.81001727235197,8.310342881260809,5.205064461464794,19.537428271039264,5.739255950455551,15.93390885643688,56.75347415751448,58.89909826809698,57.88566855539817,434.3457386600163,377.1848907227712,428.3516323818628,371.4742295524944,397.8111718948056,18.335502344080435,19.024729980557606,18.650377740378975,18.96264284255358,30.0,9.0,29.0,10.0,23.0,67.98284882454814,18.306083397670367,16.47167533451585,72
Dublin#0,2401,5.61286481447312,1.2272294202501055,64.87302776608774,4.404530404584907,9.155497874515513,4.977409671455838,56.5269214659459,5.543685128065118,32.66463387894969,29.843507758398978,30.376504149229465,26.344558503448805,424.56583303717304,399.5680387000564,720.0342366999043,415.14126073020157,500.5557558583405,19.884754486622047,19.816965215867032,17.86391851074004,19.74922135041785,8.0,8.0,30.0,8.0,30.0,24.179668044486714,12.064281537009933,21.238568552617743,72
Paris#0,2796,6.386208787591867,1.0674010859462721,77.3232464786186,59.92893868442524,51.97290987587765,45.6410401994148,44.90624780007614,47.49879046013285,54.87009178137854,46.021396127816864,46.451652906154095,46.33763813857881,895.505161529966,799.6118032786288,764.4100948967728,850.6041060645967,893.7843897527655,17.763388302361776,18.212916043538005,18.23615630114498,18.1543897732143,27.0,26.0,26.0,26.0,26.0,206.33278757877258,133.4889721740546,160.25543344867418,72
Belgrade_2years#0,1844,6.728357046833791,0.9149514111715757,67.24594611507777,106.06540781563744,111.91243340092852,107.6902299404543,115.5458809192288,109.24019549844337,105.96733972948677,70.06759397276733,69.96213721906905,69.84733945613635,1507.5079718166637,1282.101587749165,1195.9502955930886,1352.4949222551813,2101.9720773247177,14.822015967661,14.784653549046652,14.603782196038457,14.748998977410926,30.0,30.0,30.0,30.0,30.0,411.51038866413535,300.1234093815334,336.09422092335507,72
USA_IL_Chicago-OHare.Intl.AP.725300_TMY3#0,2326,28.948017082108425,1.09725832087258,159.17409782091704,25.249923506410656,20.31073439131549,11.614534386836972,94.37619195667473,16.1464627654842,19.17006170903937,195.3817555347533,200.19438611882893,183.75486622050124,1643.7859236081931,1663.8943290585648,1686.4226515883752,1629.3719600807397,1741.7926264266216,16.66159421123075,17.30133798508588,14.932139298032912,16.99156624034312,22.0,13.0,30.0,16.0,17.0,123.57225574397096,101.48961210540523,104.40993104052998,72
Budapest#0,3060,8.517137889625499,1.0254294830156927,67.8286098708244,132.24133011721878,34.47779612012407,26.210747188002944,55.75768421750162,28.15696427878796,55.832453567480755,36.20667768073156,63.46496708299441,62.79966117648613,1751.4345868745904,895.3581921815214,839.1696387027114,916.8139758821399,874.7089488711288,10.752558799692354,17.75939393496713,16.962492765267044,17.670266592024184,30.0,20.0,30.0,20.0,30.0,598.6910058559699,136.65381930843756,150.96910052203143,72
Brussels#0,3205,4.987198715093782,1.1702049948449165,64.17314266360492,34.39800364679928,6.778379085438763,3.493272620016139,10.256816960542132,4.72068779768945,11.74532861358,19.45110725657221,21.46776882715825,20.943121532926007,310.60899607333295,288.333327361482,263.1948609978345,316.92510682057195,268.10952191737346,18.7929668844491,20.177953096530338,19.84538277920081,19.398061927924537,30.0,8.0,18.0,10.0,19.0,47.54468082007236,13.796627791369275,29.186210179392575,72
Copenhagen#0,3150,6.996547901945677,1.1865895880892932,49.61337135135682,1.4157637962750016,4.115142438995022,1.2356067970575673,41.58020430876782,1.4287835672930669,32.25276374635996,34.2576769182784,34.36142845010384,32.148646530052375,427.4269907176393,426.21220507141595,549.9290826857159,410.54662724253853,483.1053339687845,19.524176821702053,19.78703936102142,18.387729951156043,19.52484216681591,5.0,4.0,21.0,5.0,26.0,14.155510139445294,12.26621930057744,7.2411315806338195,72
Amsterdam#0,3209,11.860711342635485,1.1745478580120061,152.18272014365442,50.440959033736476,16.891122773359616,10.916998740016997,33.382612191713875,11.972630300464168,12.006032562359302,73.96580603608128,78.42308522487465,77.90102863592894,894.6760177590922,982.4796412118849,883.1463238283726,1049.7760462683516,936.9317569859236,17.701542415205974,18.995043115636985,18.372393888035358,18.908218132769765,30.0,11.0,27.0,12.0,12.0,84.5631373028625,68.56622698908771,105.27273804206386,72
Zurich_2years#1,1735,11.605944311733836,0.9629508479121048,85.54703892773566,95.57734103190381,37.647947998475956,30.061474993659754,48.58510049369486,31.52278907610255,99.5936554432732,80.65994020063353,89.5645271226248,84.00999267922641,4954.549225768476,1259.4405960775525,1222.4230082868603,1267.9678150323818,5145.195656825707,15.950822131555698,17.819410400841814,17.12372962153377,17.741492713692214,30.0,18.0,20.0,18.0,30.0,2093.7113434863822,165.58320205251408,175.01449878893507,72
Warsaw#0,2673,12.81136453637573,1.1702142319157007,64.20998358338052,116.43678921558028,20.247209220988907,15.333298446072877,57.93677550725938,18.064072976160034,108.37618705234884,75.48116333579264,82.48794624463486,80.02120636516287,3760.589396003738,1228.3207250110195,2385.038834003951,1256.0962246414858,3422.0652046250843,14.02477063034972,16.719336161424327,15.459885060035425,16.579658577617,30.0,15.0,23.0,16.0,30.0,1530.5650261342953,178.9773567808639,200.52367167712777,72
Zurich_2years#0,2390,7.622483638570589,0.9648263459112658,56.435699585092785,109.92306755902032,70.16526665492904,59.98799036559852,82.00574157393764,61.53744652204854,91.18453790422477,59.69930889203028,61.35742917757208,61.1501338499457,1488.7102268447197,808.493706752032,1074.574967748912,930.5754350124196,965.511342758477,15.507335172013846,16.885917732935564,16.269991391089235,16.83826260031139,30.0,28.0,30.0,28.0,30.0,504.4110652342711,116.03401265710679,180.6359983914152,72
Belgrade_2years#1,2873,4.386106804795189,0.9361517530278584,31.64142114902323,44.835873831748586,22.692773943767666,15.687860992417779,88.19102356085185,17.554383588734144,79.07548981721283,45.443513158122684,46.478412311308574,43.22758284935865,479.25105604537157,386.9342019804164,957.0663331792161,385.7266517665073,588.6845601715872,16.388068681691635,17.446386375989842,15.344318008732172,17.329514616606943,29.0,15.0,30.0,16.0,30.0,84.22513551393003,16.411122376075486,18.330586208132964,72
Vienna#0,2953,21.129454607533624,1.0136454792916538,168.75611536861032,44.39518802314571,10.895881500268969,7.244902909309957,10.808787349442174,8.865592174191104,8.417501492321577,152.48172935633661,160.07356795488437,157.43436861260267,1234.4887093137127,1301.5199167818132,1236.106948720998,1297.7173675159497,1250.564186955777,16.694193132590463,17.572810382310966,17.174124479195285,17.393463088270526,30.0,7.0,12.0,7.0,7.0,53.945242143037575,37.159100435363015,48.73398101509082,72
Stockholm#0,2778,16.447147062060917,1.0544969028935522,99.10692061439718,143.54264001838825,85.69544953158655,75.97102931359288,103.4549168781216,78.82003836478238,142.78833841852767,143.8917766685037,155.4757309174158,148.92987057136742,4404.367357451789,2173.5116235727273,2068.9503320657714,2403.980617137293,4404.721948426667,13.824132767738142,15.70652370348759,14.830491537589968,15.626471877732314,30.0,30.0,30.0,30.0,30.0,1476.830548470687,229.6960408662634,361.12331847165433,72
Muhldorf#0,2842,16.432661420267863,1.0579646488502008,131.33649157016896,63.93604204275876,48.781837187138116,43.635185786695324,40.22982158075094,45.982684317916394,82.21354544582437,151.93751798167958,154.09612025241375,152.69544711330104,1512.6204071549382,1610.7333404791648,1499.6852950815687,1622.5767713748755,1966.4596259355033,15.57608087757389,16.117505571368863,16.243377915308233,16.019350524597296,30.0,21.0,20.0,22.0,30.0,157.9386081370312,158.15471999833383,176.92420720208412,72
Rome#0,2108,9.051747125425997,1.2423212175413005,165.69793559108044,44.86228649378535,3.910442483377425,1.7402455158698622,51.833057297821995,1.7778348718536918,5.78494568215563,37.337116955958564,46.65749289729451,41.71936703434919,468.8126247345242,422.8272160381788,556.230439012939,437.81496437796915,437.4903974173252,18.166984482391502,20.130785853547827,18.580379269151447,19.628068893436293,30.0,6.0,30.0,6.0,14.0,66.758996698302,6.268137754285043,9.800608115756916,72
Dublin#0,2401,11.125006270499803,1.1038044039685881,153.7849072183463,28.47609406587889,13.380409159520768,8.078111892842063,10.137791093200548,8.715469818492195,40.92911364663766,61.56083806973271,65.72436492275278,63.37364160399344,783.9259868582216,765.6835013100329,733.29003756551,782.6737120958965,666.0630941933077,18.798798049245114,19.45409754932369,19.014117103576456,19.372881136785896,22.0,10.0,13.0,11.0,27.0,93.67819794324333,46.21231320305709,55.9260139748399,72
Paris#0,2796,9.973227040425074,1.2770018491542865,89.80819196871103,76.95313823043152,15.79822716010817,10.518276348270888,46.36584176419134,11.770488653876455,31.7904795352034,65.31465767012294,73.1764858841137,70.10612587159764,1009.9693802641696,748.0851625402031,819.5090754712647,765.8600798185099,752.6252958232484,17.296093163415325,19.398794750569998,18.25362663649245,19.301614348300518,30.0,14.0,25.0,14.0,25.0,238.12172551219086,40.02388903316217,52.66504819914834,72
Belgrade_2years#0,1844,19.245170712827623,1.0485664131565533,194.97775323033383,67.1337398996129,35.73180851480566,29.742168732206714,36.591540618578186,31.438590931839038,75.12260151781834,169.14357932015892,172.06683663864405,171.77727696042533,1654.8927044397797,1471.8640341775613,1519.1470652934047,1527.6702750503125,1580.057121209,16.48206586302667,17.292339261128454,17.05384240474912,17.227311050450318,30.0,20.0,25.0,23.0,30.0,237.2680514953969,64.90105469557402,99.0990742356603,72
USA_IL_Chicago-OHare.Intl.AP.725300_TMY3#0,2326,30.312492376920478,1.1269059139121558,152.49736840214626,89.20083778976777,12.650936108283814,8.348236628964848,43.71173185238703,8.924405796299666,104.2892343241836,197.2261599333517,222.7096568452727,211.60241362935324,2012.7406929978547,1825.8053156313913,1769.1539186416112,1839.3398730709891,2065.4023891539327,16.592920695973458,19.276223815857634,18.040766911451772,18.858710147102798,30.0,12.0,22.0,9.0,30.0,262.7537721180666,23.48366825038861,50.09129447870039,72
Budapest#0,3060,10.470969446784949,1.2461314013195777,66.6853794752252,67.8882310972017,11.336604427247542,4.56601592330701,66.47940658231349,6.134136844528857,74.48067423132133,76.58651591123872,86.32520808629383,76.47154494172452,1228.8201633803933,858.0792324813832,987.4106590044213,877.5710386670764,1075.544293616621,16.926479560073947,19.134889790759082,16.985368707641488,18.923947870123392,30.0,6.0,30.0,9.0,30.0,282.9621997141313,28.09468808936158,46.247073249769436,72
Brussels#0,3205,13.09194670446952,1.1176283534213896,180.72004996183375,5.814218901996821,8.732479626632887,5.203514834453088,36.7740191025716,5.734419327062504,7.42998768944333,89.83636246500404,89.93928256937251,82.09325140612331,1032.7219605052483,1035.1292900908559,1112.046502175154,1114.159927472746,996.6072247136531,19.524252754970682,19.57516174163176,19.1608646890592,20.138257014985836,12.0,12.0,29.0,12.0,14.0,29.594441262452914,31.364783949384943,70.52168410119488,72
Copenhagen#0,3150,15.552591697036977,1.074139074923498,121.1573710275316,67.93016003861254,20.76723508408321,15.25338790814546,96.98777523761547,16.13421181929585,23.48901505478568,109.70991830550574,118.76634242833553,100.95100208796937,1848.1438518479674,1911.3360577298404,2554.1934339863187,2020.4008093787481,1598.7170815492677,16.632585526558973,17.730081957769713,15.558657865520992,17.69822810308964,30.0,17.0,30.0,17.0,22.0,343.34461770082066,301.4356887769344,362.2445678242668,72
Amsterdam#0,3209,4.097738549615921,1.2191391531657578,41.012486575326264,5.559472472368075,3.705939258270604,0.8865697051309169,44.62519674959396,1.4464929764946923,45.78008453878307,25.876361136530736,29.874987710034368,27.25891261855084,334.19529528700855,287.8839023317166,324.00485813944164,288.0876585174404,325.60786306603916,17.60101551606629,19.833088463383163,18.15014709521946,19.258511252121412,8.0,3.0,30.0,6.0,30.0,16.70505985851698,2.1051458904338674,4.313926354307011,72
Zurich_2years#1,1735,12.171700743421567,1.2343318468072069,61.93811538402731,88.18058643551275,29.616231924048165,19.907962680596828,19.907962680596828,34.516702018744034,34.522370631722694,73.74651287953056,83.5716829736557,83.5716829736557,3195.357209617454,962.6308620818808,962.6308620818808,1005.6017348030871,1054.7391588612418,16.215017462030445,18.33060639956991,18.33060639956991,17.349234125904683,30.0,13.0,13.0,25.0,25.0,1278.1971418812848,83.72377671217886,112.53453399605205,72
Warsaw#0,2673,32.505406536627255,0.9604784487960526,241.11242833646781,135.86370157304805,83.26251851856337,75.58317130873748,132.64792915146717,77.85698342537101,84.0073490505569,209.2335857744673,218.6279145368816,209.7368658421358,2410.376842781012,2898.0762889417138,4397.631815568006,2829.0911700970146,2981.770816365197,11.664659706664619,12.674352274867625,11.700920819485587,12.617518462501558,30.0,22.0,30.0,23.0,24.0,197.38897505036127,244.64080408595368,224.87355195799208,72
Zurich_2years#0,2390,20.04809839533917,1.2423254229729581,159.86213225645773,92.30406493540079,16.179039811241253,9.588662790663157,10.065445555809777,12.61338401170407,58.12473966409013,130.64762077420505,148.12379483247216,147.8883533296165,1575.725282736114,1087.4044925519645,1107.931623551376,1124.0645664057945,1116.999847818622,16.772960426597884,19.166711538013146,19.133744687958117,18.952857132753362,30.0,13.0,14.0,15.0,28.0,399.2093870882707,36.00492366512064,59.51376601634516,72
Belgrade_2years#1,2873,4.443215149950469,0.9270153899209971,89.11301830813201,27.858320514265866,5.8363000141922114,3.9764763064498716,19.303635616158616,4.516899850540092,20.659325933631017,24.309805058555163,33.64608017075763,29.843365301685164,235.04434696413642,207.59814379042012,219.50348826564374,210.75448589919404,219.47175183653383,17.907963891279806,20.02500631751784,18.954684059975786,19.94949584593495,25.0,9.0,24.0,9.0,22.0,28.40919973270744,4.430009276285354,4.99533508771334,72
Vienna#0,2953,8.52407581330063,1.0165016435797696,52.91396848257692,46.24401469905391,15.504754015691493,9.517649908385994,40.44599034981144,12.638637067262149,47.615773017121654,51.776702646858965,53.536532903203764,52.36548330945082,634.4254124177302,489.1522872744153,614.8824138697219,512.8588709288803,642.7265973578428,17.29572946366995,18.174105098230882,17.453087633055766,17.94824059734838,30.0,12.0,30.0,12.0,30.0,122.18259407719876,34.259785103164965,50.058270632062495,72
Stockholm#0,2778,22.01135920300644,1.0173361015673854,154.70475537803495,137.58129853111072,111.23201418479798,104.05669814846452,100.2681383180259,105.91077773453411,101.76685983947608,124.43669597737991,124.86919219893966,124.86919219893966,3412.260526377312,2223.6277758446463,2007.9451777085533,2408.9263477788954,2012.1076122496675,13.336820274944696,14.137628645393233,14.223811314624948,14.09544282788558,30.0,30.0,30.0,30.0,30.0,1044.7380282646516,364.5800026066687,468.47555431408034,72
Muhldorf#0,2842,20.544222972211088,1.1737530888659005,114.78283224725057,125.93617515620328,47.814938600059115,40.709913248034766,142.3228660227938,44.10913304369185,57.72768174808887,145.36060020054623,162.98225093703215,142.2834310019534,2292.2150443804458,1849.2288768604624,2460.972045273398,1821.635923586361,1786.0224078034796,13.64354858249989,15.814417486105995,13.200351538670773,15.664341607340681,30.0,21.0,30.0,22.0,25.0,590.1968164972973,221.13481510200356,221.66906741985412,72
Rome#0,2108,3.9012713996881474,1.0487409512717245,70.42266195420147,8.622011110841775,0.6607034314023448,0.3378076671977155,15.781281986233228,0.2830416669641487,36.48931362374893,17.898694104675393,17.425910368134847,17.34576953062934,107.02814372370614,92.36695617698282,122.94373751178063,96.02389028538406,214.8702413454664,19.78301892940071,19.843003128132263,19.547211996142078,20.347226086957516,15.0,1.0,23.0,1.0,30.0,15.640015866319622,0.7682079716590131,0.6188928348532095,72
Dublin#0,2401,5.482460646875242,0.9524120908925895,192.69131946412716,39.162576869730785,9.662065156995935,6.9058143288840625,31.746044259261275,6.73560003168955,24.386379857282225,18.52836718938645,29.390983974669343,17.351180199788853,431.3693385536066,380.3089353382994,423.55377813052564,390.7370008301308,407.21031115417634,17.223726570019018,19.99202694894849,17.62150579378264,19.991361272641587,30.0,14.0,25.0,14.0,24.0,50.70882742054803,6.9058143288840625,6.73560003168955,72
Paris#0,2796,4.95291763118448,0.9205864087215383,67.19662830862809,85.37691685134429,103.07918301683284,93.54178008410075,88.77392038169785,93.37770444278522,88.95662529269687,39.342929714650055,39.8455345324369,39.20644345056896,732.3778996162964,978.8984734772694,737.3934136136334,971.7254203374048,738.3481895977964,16.123856570872093,15.88448918113855,16.02539135270305,15.889680004624534,26.0,26.0,26.0,26.0,26.0,130.06271649887054,261.6249955307385,258.306371405179,72
Belgrade_2years#0,1844,9.123359137277317,1.0803385976044122,142.9168253840661,93.36257315294013,54.899264253910815,50.56737903431275,44.28168158263264,52.96202616492156,45.39752574395138,81.25939175249137,92.20594892514826,91.7271784701809,1056.877128536512,1122.9804510420086,1190.5254290713108,1172.1493999676607,1221.8185878710306,16.27425599249711,17.74006700228946,17.917292819762043,17.67156175101396,30.0,30.0,30.0,30.0,30.0,140.06372676537688,127.29361760374093,154.8043950970573,72
USA_IL_Chicago-OHare.Intl.AP.725300_TMY3#0,2326,12.924448498520162,1.1766922001093159,43.41316378670306,71.34933898100505,15.405491918470913,13.928568052360284,90.78722923375943,13.677392735490276,99.2922711828688,53.642796646697036,58.75534203399827,48.6113314960091,586.4386026891332,479.2461411606526,862.4553852468745,527.988687463195,621.0960041934969,16.665309926747526,18.931917080107098,14.913252498563885,17.907543000706106,30.0,14.0,30.0,17.0,30.0,103.93653734720425,18.8957032484632,50.4241503647215,72
Budapest#0,3060,11.035214707207828,1.2661031533630722,79.61987289879849,19.358099866827118,19.783193719540424,11.901981330574085,38.241452494391496,15.462862747593448,17.22431694730484,70.82516006238684,72.43508108972381,69.07279695128125,897.8893852890126,904.3481667209062,899.3846854863725,1109.0990907674347,904.8239086562857,18.550218575707948,19.461626594224636,18.429581019459995,19.27239900021448,23.0,17.0,27.0,19.0,22.0,71.44497696975984,69.82158468836019,178.2046026445283,72
Brussels#0,3205,7.639082986258444,1.2026206379299906,60.11070958790087,34.11509021520585,36.45517282766237,31.493314403455088,39.06916572907512,35.05756288892756,31.995773292565584,58.359588934764474,58.61715356708441,57.97734661016119,804.0295991384027,884.7065017418424,782.377372663222,943.6316796870206,814.298013401176,18.56481261857801,18.685238780552734,18.518846447250688,18.537018147087743,24.0,23.0,27.0,25.0,23.0,89.82070444687116,133.07956149470087,165.80490274138484,72
Copenhagen#0,3150,9.931349250746374,1.198419077496213,93.51641938423815,60.08447057859922,4.430414427220027,0.9948001562946018,1.011206429201863,1.776117501878396,7.765234513059237,41.54027244679466,46.26260154535816,46.70721616573668,892.7285179748774,633.2220304773924,597.8730720682593,644.2556185490689,602.5629555708992,17.876084366596977,19.860136322614753,19.93082830831663,19.69005292865449,30.0,3.0,3.0,5.0,15.0,209.11612837112733,31.91573377542036,39.3859672232891,72
Amsterdam#0,3209,10.461350473305478,1.0307080174171026,115.25265144931736,99.38341589906977,33.01538444877845,25.427105708615358,64.50196945035115,27.057476622475317,25.07295531401938,47.20637025323653,81.9272707920764,75.70939507277602,2079.0037980059924,1253.0771973302844,1031.4090175269212,1271.5124223628952,1136.285872050213,14.219738336796157,18.557483408454996,17.47579208538241,18.481705662938253,29.0,19.0,30.0,20.0,19.0,654.6344631251459,167.57826558574564,179.2204518239578,72
Zurich_2years#1,1735,8.65786139321055,1.2744204398374817,50.55310661916045,86.3266446010926,19.63150387904374,12.091848244872676,92.8030265596116,14.152710808787212,94.74979591847605,49.15697380343931,56.80502285108153,48.40264012322395,3612.561300159912,623.5765523488922,3876.741119739189,664.5275440490095,3964.192244884009,16.582405553259697,17.974436955902537,16.306100563323643,18.873413176879822,30.0,12.0,30.0,13.0,30.0,1601.7419764931788,58.01043830954585,83.14759108677191,72
Warsaw#0,2673,16.398291768078348,1.1113096157269589,202.1037445271716,57.650829947971886,15.145292051458231,9.145094339772761,9.315784161714443,13.274467166314931,55.380793083518014,95.99869791558903,101.8720503786913,102.40006685525843,2008.6876099010578,981.5908380744888,940.5121814636519,999.382323606342,1954.9819004204478,17.1964967518148,18.68877060825982,18.67440979742003,18.443451810855457,30.0,13.0,13.0,17.0,30.0,604.0400807491143,38.539936466629875,51.968415860056695,72
Zurich_2years#0,2390,9.664511223902453,1.1980701692724627,71.02416513833246,12.809458857448515,2.1831673719880786,0.021620412305811243,30.76472473620223,0.43302913288083644,44.32597119645389,65.17779947015748,81.94013429092068,74.6957093089995,685.3825538550627,522.2864558491733,607.0653905635356,514.17993670068,631.4149192153018,15.310394845373274,19.934666847897688,17.90412516464178,19.740046635481292,13.0,2.0,30.0,2.0,25.0,77.99488550836624,4.051720997687628,6.129131632153808,72
Belgrade_2years#1,2873,22.534727497492554,1.2234048723206712,160.0542420206979,92.07479230899413,23.613107842772894,16.936094350382238,94.38215613783365,18.979659569775464,66.9224353559404,146.85531966494068,203.68462711972862,181.58720619518854,2295.456573809822,1579.3706102026151,1923.3461573501609,1578.3942738987453,1540.5018194902866,11.732714015254171,17.833220922377386,15.487549830469064,17.681853369055624,30.0,11.0,30.0,15.0,30.0,413.2576883649601,27.654279324637322,40.530975780006784,72
Vienna#0,2953,26.51079781422557,1.1382467028791994,182.09614155252422,86.12678666671353,5.730792047112983,3.4534808813109947,61.68343057113372,4.0003730772363895,76.93752246291884,142.34363773919054,174.2584862480007,164.57354731836182,1799.924273390092,1359.4792278887442,1447.222615825907,1336.1087043091031,1737.7683257974836,16.233580414880795,18.86003310396207,17.842986152235166,18.84113217367138,30.0,8.0,30.0,7.0,30.0,370.6915927199839,9.903208076525218,16.258904284178154,72
Stockholm#0,2778,23.521592471255254,1.1211439274374726,184.40872453074792,133.57641196730006,82.26665837949821,69.73847393765936,64.25283826114087,74.96618214091973,99.38636237074961,139.95645733116393,146.966868015437,146.966868015437,2356.6437161815325,2093.878430164784,1902.4923803242418,2125.4851528945824,1905.8364647891701,14.346405928401378,16.118601865610945,16.26364279745133,15.94401826780648,30.0,30.0,30.0,30.0,30.0,511.0787411390693,252.48988016694503,281.44602201087673,72
Muhldorf#0,2842,24.47110271306839,1.197555631436703,172.44001948357587,67.92714184490755,26.38945611000991,20.486345118750847,25.729272969806633,23.235058838276125,77.84634200938868,181.74842877587,193.9815619173664,192.36334064974716,2214.615238701319,1851.4702755689038,1822.3231322980068,1842.2564132493083,2412.091045757067,14.882074212561854,16.141092975955175,15.91067851175126,16.01625856547214,30.0,17.0,20.0,18.0,30.0,392.4399789568951,111.61411988820858,125.71580430548582,72
Rome#0,2108,12.10579472987689,1.159759082967616,226.6529527000895,37.649483632377944,5.356413631466205,2.450727365728305,48.82559487208952,2.636206805897416,35.65922822495901,54.78114603913184,60.88458623769979,43.096427908519594,524.2871403872821,490.08084002468314,510.5331569517954,495.9003854441312,524.1136034085011,18.70464107110805,19.972607889787387,17.175004606646688,19.495699365207155,30.0,6.0,30.0,6.0,30.0,87.89330149448213,11.357084600884242,13.529801404545918,72
Dublin#0,2401,9.021432870395744,0.9060280299668501,218.25733553389756,77.0290777028158,43.21415239620315,34.18421371669396,75.33845691284101,35.15730897829211,73.85483959781448,54.766489087027026,61.62479675464548,55.99960575296415,858.7704236874774,854.0581032642585,868.4873002039162,871.0423543503432,845.0191062901067,16.419186816290722,17.826452097976627,16.51640346471012,17.790845077412555,30.0,23.0,30.0,24.0,30.0,94.71814311972511,43.0363869150992,52.10886968993127,72
Paris#0,2796,4.792910155434659,0.9349976490756978,51.20747184532157,101.08170719293832,75.38855548328053,70.93903678337992,73.1021294163922,71.43072584013717,71.43072584013717,28.238357578289413,34.473071917547884,33.961147769591875,989.1147430818268,842.0526716286493,723.6487419251191,739.7234536273609,739.7234536273609,15.23601587979323,16.41483353804177,16.353162752432613,16.40094440782971,25.0,25.0,25.0,25.0,25.0,296.28723430147727,221.5041880706959,171.00353024538123,72
Belgrade_2years#0,1844,9.778142660043667,1.2465711568277655,101.21587485888722,18.238617950990978,18.268459319374124,14.804441431925163,14.628299588661648,17.196819883656016,24.935669971267096,67.30087857457019,67.99914183169824,67.14908176806225,669.5628161055158,675.5072340975295,675.3568056370154,679.6315738153585,726.2848430419317,18.84759023478678,19.160250532351277,18.711160418511266,19.01072020832325,20.0,16.0,16.0,16.0,25.0,67.40565462154572,66.56700478523574,71.88829585610443,72
USA_IL_Chicago-OHare.Intl.AP.725300_TMY3#0,2326,17.35349609981821,1.0032724180263826,113.94615808498224,88.39956008549635,30.642424801977175,21.20637491204573,74.2379174759404,25.47368231497705,81.87192561211492,129.43631119844156,142.09038387171574,132.2661512093298,1378.003351894998,1292.4260442323193,1180.9143129916256,1262.0397674749388,1360.9275379973242,15.898002354519843,17.908797570373252,16.29415779574468,17.667496944631274,30.0,16.0,30.0,19.0,30.0,230.4122724950501,106.8836615265926,100.0064847815458,72
Budapest#0,3060,5.319119488737835,0.9551541250548167,43.45241438432791,69.32014407159116,43.70867771317255,37.94264119251247,33.320318896817184,39.82854123829981,68.70285772486432,43.27018751107579,44.47006696286769,44.41555451397066,750.8441122828538,1105.5810419962954,763.9797377969107,1124.5916384444288,745.5784142541067,15.758725014616642,16.485360247315878,16.63668477758094,16.42618901703125,30.0,24.0,23.0,25.0,30.0,170.7105053516919,326.1534688912818,337.7924762421318,72
Brussels#0,3205,11.31026296869644,1.2035380955083042,133.5445589757937,45.89582672748786,15.388367882958566,9.57971528746155,16.161484289449845,11.137588583353672,10.299392650714541,57.450716332584655,61.31748547454648,59.65615991794804,831.3238284669983,798.3462669766011,783.9206472195849,840.4845441026856,776.604372056983,18.45879320825253,19.67726488141526,19.125749429330146,19.5562350450013,30.0,13.0,20.0,13.0,15.0,103.16793029511865,35.87240549272421,60.53812442692277,72
Copenhagen#0,3150,16.860128022722662,1.2579265848106755,130.1139647351951,27.39975957264848,5.945008380920882,2.2541281610058306,22.993801167438736,2.38482836711043,59.997701439370864,104.5939516231581,112.76023817947508,106.91030497399555,1419.719921160688,1447.9427961582358,1377.9871966272403,1494.7071342358408,1544.4525617071326,18.056497332506456,18.498819389687952,18.205119201220963,19.85736674726567,23.0,7.0,18.0,7.0,30.0,122.65216953608189,67.1139626102616,97.76540617974175,72
Amsterdam#0,3209,6.998054161072482,1.050182840042112,65.41868488471387,65.07196306618968,15.265589612823712,9.461536383471582,54.34648264294856,10.467595915818201,71.12561041690307,48.290802191223904,51.45608516481189,46.96067903508949,808.6413959995434,735.9811529954911,583.9911560960293,752.3740860591424,1037.1558059950637,17.49255262543322,18.741022476445103,17.164289572173132,18.659377492587254,30.0,11.0,30.0,12.0,30.0,163.58074120157033,89.59982657769612,100.20232952665633,72
Zurich_2years#1,1735,12.729013184158156,0.9732233701709706,126.22862045343408,38.456509238624875,20.13605273108515,13.433431268830418,66.64081833882764,14.574599461632388,36.422025053042155,77.57887825813175,82.0117452221129,74.65486114463205,942.8791790099632,948.0553607144659,1170.2964031124511,943.9137743213937,863.0346178824566,17.745269899496886,18.867686419734415,17.059296155344228,18.77793466538017,30.0,13.0,30.0,13.0,20.0,140.64919822565741,97.77431442781328,99.99456579460654,72
Warsaw#0,2673,11.48622776920389,1.2240906114792325,59.92686575635726,26.630838943491273,9.572254538331853,6.464797285038337,24.62387763271033,9.811331082792737,91.27587767971015,68.32828836890977,71.34173673462074,68.6252664249695,964.6590380780718,888.2662552798475,956.5460031924689,910.2416412500972,2681.789600640631,17.569473189921474,18.656954340398453,17.795625735314815,18.381786833949544,21.0,11.0,23.0,16.0,30.0,168.26538019431467,109.81854624025401,127.94614739484945,72
Zurich_2years#0,2390,16.604054009640016,1.2926751293258483,154.57861666973943,32.57242550365779,6.635015162697895,2.2685774841624493,24.207988121642778,4.151836680833309,14.50103726450008,98.77468650840405,105.10001047862421,99.04746519923896,769.2826368501815,697.322411380151,726.1867404319036,709.1181151652391,698.0551985032091,19.113689455130817,19.985320703101184,19.25480404103994,19.739191088579854,26.0,7.0,26.0,9.0,23.0,86.64449714108245,12.726324434552623,26.48164422865782,72
Belgrade_2years#1,2873,12.262037573968142,1.1577655776194882,76.78430657543848,107.26307196657227,26.64739875117551,20.083549858331846,61.82142515387852,21.250810786386925,72.35881417488008,64.79146557027074,74.44787008094141,71.31117758546448,782.873068503498,635.9383417364472,676.3701311747043,642.147409638934,695.8940510419097,15.602772456567426,18.09565412334596,17.368837964465992,17.978163896243778,30.0,13.0,30.0,13.0,30.0,189.08878077039336,40.36768499783346,47.44964551027982,72
Vienna#0,2953,12.188296671341744,0.9070125440697195,106.86574767094703,114.44903702933904,26.26008247735841,18.941409310270203,23.60201061002914,23.01778178946438,29.43965569920355,29.301053620089192,66.28006866645102,66.57468509452019,2040.379083719161,730.0051623291804,650.6692498788655,715.3768842686648,751.6919082190243,12.03782903834255,18.3849165917826,18.20267450319072,18.206761326784743,30.0,23.0,26.0,26.0,30.0,754.4671553239957,56.076192618116686,53.49656557374297,72
Stockholm#0,2778,11.807645938186727,0.9339501169604044,68.8739465527673,133.0583422971584,113.42712029988917,103.34434821370597,91.46676471868305,106.12532477833051,136.3186323210797,91.94986337375639,92.18624426960473,92.13628138190163,1556.190028314776,2015.8972480502903,1663.0161633368762,1941.461564821941,2382.3691815997645,13.038401198769401,13.799188183455419,14.102465647262978,13.727157484668075,30.0,30.0,30.0,30.0,30.0,277.78987911562376,472.3292301030193,444.365490240352,72
Muhldorf#0,2842,21.77502419852167,0.9309619618755272,182.90900055928918,121.49285618986966,88.42589692849384,85.41519919572431,86.549018422071,88.15567337720547,117.62070073266095,140.0349609036348,142.02377684931193,142.02377684931193,2284.140581555557,1773.5868152891285,1723.1515769461437,1849.238947354876,2225.254155232032,12.564212808174315,13.35544721828023,13.329078709240454,13.291764612941696,30.0,30.0,30.0,30.0,30.0,523.9513222414646,162.13314953459286,209.38606425112727,72
Rome#0,2108,12.235662535940241,1.2941973206864952,184.10593118824875,43.93764368319465,0.1706673208810674,0.0,37.155741273081475,0.0,6.979198871845103,32.37075870456577,60.55562364535189,50.48552006931079,298.7658077516437,261.87118104354965,292.21492002519585,262.59458405598957,226.53675538456747,15.596666599396649,19.383932162407095,18.54600711002566,19.2465212233356,29.0,0.0,30.0,0.0,15.0,69.14768682471932,0.0,0.19235376781069036,72
Dublin#0,2401,5.785126249130348,1.1601532838335795,80.86285225651427,63.06905069884761,24.763927353509505,19.750462672188643,17.62255716375055,20.65277939136734,16.487331589177554,42.105411847166714,49.50304820019046,49.80265326673589,589.0842777854318,658.9418383234447,576.6783993493608,681.6758249169845,610.5830081514042,16.839296134268466,18.86668284370506,18.988643840573786,18.812370260895012,30.0,16.0,16.0,16.0,15.0,86.99969119288268,88.52283086999446,101.35680118884966,72
Paris#0,2796,5.665813802271192,1.02541515561368,55.1133108400933,43.769859337694996,39.30868550723862,32.265766938483935,30.361487121936015,33.63169705913646,65.2976365191632,50.29720140322156,51.361805628268115,51.23437911325719,709.9013880188584,760.6223851969243,641.5629208950563,714.738851771263,794.77918282105,17.34454990635609,17.726135255586954,17.78930583269772,17.68083143205681,24.0,24.0,24.0,24.0,30.0,122.81363110697987,133.09507833425852,111.61275324481122,72
Belgrade_2years#0,1844,29.98825452185381,1.2980970159260412,236.67430722972088,43.117508882901845,40.00130230760713,35.932013949066544,41.779074728720595,38.91868448653624,38.88269012388089,199.57328063399402,202.5428369892791,201.358761941282,2154.896604053631,2089.323851338574,2097.1200529470584,2119.116851919132,2055.1638448896547,16.921737369810465,17.143095444886665,16.96306879330307,17.044721808671927,27.0,22.0,27.0,26.0,28.0,227.5116972839391,145.94060547777417,170.6291701324626,72
USA_IL_Chicago-OHare.Intl.AP.725300_TMY3#0,2326,14.879430786288651,0.9392248356174843,99.98261286630297,56.2770769235137,18.65962375899486,12.753947194348942,32.38013487037668,15.169038135216002,12.124823929706988,102.04293860608874,110.895502705947,104.8002321741587,933.0247957663848,1005.9491036784461,928.4963769915499,1012.2459905947536,909.0298195321739,17.040994073886765,18.555399171349066,17.929685952987803,18.300863506486863,30.0,9.0,25.0,10.0,9.0,98.31246436695,82.10304386809997,90.37137916500194,72
Budapest#0,3060,5.428861255904946,0.9835089120605695,43.10928934563224,44.019492361691356,10.286252329107974,5.457621069698806,35.96689127654334,6.469381777791817,39.65205004773708,30.510452081095693,33.38325955109884,31.03279062615313,472.78249521752775,397.8116683483384,424.96640058244475,406.39650891196925,452.0398334407842,17.948342536033124,19.105340792309413,18.102041002551886,19.351294548754055,30.0,10.0,26.0,10.0,26.0,97.75982632406702,31.131795741019495,37.46165396872478,72
Brussels#0,3205,8.078402405688493,1.2387022950903082,94.30729441059148,1.9303483441400324,6.0996461433989815,2.6339725536505334,1.738322697634576,3.7610631507380887,1.6019589268660432,43.9092473225456,44.19750336034592,43.91831186545349,524.3592448957473,579.5067129232516,518.9968081889257,610.2659070600455,523.6522714943744,19.144669780336084,19.529012175261567,19.18376793917095,20.26533725174567,7.0,7.0,7.0,8.0,7.0,6.49020962052052,37.50692384845645,56.19629304587433,72
Copenhagen#0,3150,17.28651759614925,1.2187541925100702,153.4217581654862,44.7892087256717,4.938133498985817,1.3449054572293946,38.989695677517574,2.0103427083941163,67.15809130361811,111.47704890824009,120.07457420421477,111.22159981711637,1265.8968714268153,1293.986153209418,1278.5520004922953,1376.5182930067047,1387.105119908586,18.296525903213148,18.738430761126256,18.206792076862094,19.55888205582354,24.0,4.0,30.0,7.0,30.0,82.48495816194207,15.583494397496157,67.67156120378743,72
Amsterdam#0,3209,8.215516419926145,1.2637052287539778,125.02031415740304,56.63354189113004,12.78444944027916,6.883664116022068,38.9518240220502,8.324043576914619,4.84954925820281,44.12147895635706,47.722457585511926,46.354902580045646,670.8046680221446,622.4469901659902,621.7573557608818,693.8490390536704,591.2437915385747,18.08833801122275,19.64330677563272,18.724419837290387,19.621858283747496,30.0,11.0,30.0,12.0,7.0,105.32979761405304,37.11753330734744,75.41249088323644,72
Zurich_2years#1,1735,9.600692902018277,1.1395946475103658,94.61814556427916,43.20478046085982,7.24621713284059,4.11389940443831,13.08858924609806,5.328778870788387,21.806194151001684,36.03532367541249,57.256382682028196,56.27991043692067,724.7372871537416,481.64772754125585,478.7178203425208,511.8261019974773,502.66350305452903,14.232888268997916,20.11958452819256,19.692200336688256,19.117383043714696,21.0,6.0,20.0,7.0,21.0,160.97700866384005,28.474143770989638,47.02773858312897,72
Warsaw#0,2673,6.848103940093487,0.9742892679459406,53.698696056298594,67.93139558560583,55.252259235357585,48.113705311343224,48.245872010338076,51.40963575261439,51.40963575261439,48.99132231766358,50.17231983880303,50.235914315716634,660.9651351910384,915.1146064232491,814.3462934827037,832.3917335477221,832.3917335477221,14.621808711013731,15.209995261926098,15.205344465902048,15.090606132322561,28.0,20.0,20.0,20.0,20.0,89.76795005565852,200.0340108281836,162.1745528542397,72
Zurich_2years#0,2390,18.102918969244634,1.000776999666737,153.19783921407435,46.32247310298952,47.72367259642113,41.37314478305552,50.93761944485689,43.63197963369835,50.71179132203659,176.28241322191639,175.7376230347405,175.59438425926012,1635.557371443103,1555.433938032418,1669.4472570526696,1608.2115100977749,1587.573991266761,17.112405998829903,17.277004254126272,16.96240627995638,17.196821214561762,26.0,24.0,28.0,25.0,28.0,151.9189578536669,79.00177340931114,115.32458928077028,72
Belgrade_2years#1,2873,17.567233193705786,1.050910617014937,220.86461836660948,59.53177149403804,25.03853371545044,20.52820432970738,21.680289560222086,23.147186200013508,18.954632410961835,123.92031454995255,128.80938709944076,127.64416956721665,989.8346643283908,1065.3122624837915,1033.9587711070271,1091.0101113759454,1043.4795755802984,16.858630532404987,17.908252937061544,17.854037033578194,17.78673903518835,30.0,17.0,19.0,21.0,15.0,98.99675931834213,68.26098396014757,86.38986336088381,72
Vienna#0,2953,12.25721836933248,1.0587896009968176,86.02183790925474,81.82102192629117,6.103004299680341,3.9630035932411722,36.040752418545566,5.108493859800998,65.67714567714599,69.31255671579193,86.5771999016801,83.39489275168637,1093.7401788290126,717.1054080652482,793.1373763258734,695.2397385884843,906.6874004026572,16.8624852609383,19.58329669484888,18.2569666762929,19.33072018645536,30.0,4.0,30.0,5.0,30.0,277.3529049324488,12.555322473573291,10.155871236841488,72
Stockholm#0,2778,8.817364755123645,1.0462502790775359,58.45227337299157,61.84196476127383,48.632211767280346,39.05658727913392,47.426416345458094,44.592042306462474,109.27361733186555,73.24152050234929,74.15982349717885,74.62359451704506,905.107377551517,1029.1854326426874,803.6873636320364,1035.8241422679926,1148.30454127001,16.40427791756562,17.032146297358462,16.828660164533954,16.79502213540899,30.0,25.0,30.0,26.0,30.0,117.39608495456017,160.81672538069728,170.81191370598881,72
Muhldorf#0,2842,8.3049785683976,0.9838480375309057,78.0691579842987,66.73996250648439,28.32719185520147,20.976978175420484,71.23357728186518,23.86398761251715,66.87959706510681,86.8176617725075,91.63195777672024,86.91112245037439,1131.8357347398846,845.6201000147555,1147.4439323203949,859.4931066676843,1192.9721206429508,15.401588742553113,16.604198075666105,15.31951510360707,16.494859179686706,30.0,19.0,30.0,22.0,30.0,239.80067831973162,57.66100178912236,71.83528252728084,72
Rome#0,2108,4.89728117212251,1.0874116500019602,131.68319535107884,23.844621824392476,0.8149756135593584,0.25128110165207573,3.262469341418587,0.30020706158532207,5.767737401247846,17.737007530881232,26.743556148393814,28.61185721621826,185.6094764011402,154.1156189420007,140.86060084930423,155.09452745519732,149.5480917628056,17.80507652848654,20.133041963246395,19.96465376739888,19.851187231603394,26.0,2.0,15.0,2.0,21.0,35.69341205464095,0.25128110165207573,0.30020706158532207,72
Dublin#0,2401,4.442857153352279,0.9784649391477229,67.23251880883281,21.175281444886007,27.439839880399965,22.367479754374664,54.41006634458736,23.114400593760955,18.809878103323967,30.369922321823402,30.74320547340312,27.063526713139144,428.28959753868537,477.69614319080017,449.99548063432906,538.6127651215222,422.9747005717571,18.596904192092083,18.538916448654085,16.91896804136418,18.50117487415105,16.0,17.0,30.0,17.0,16.0,28.845534312673195,57.0815055190606,88.19482914492988,72
Paris#0,2796,14.858262794798952,1.0944104047426846,217.8744660112846,70.40131056442652,36.73551665421935,30.343691493661467,41.21225060728415,32.809728135887674,30.157574506987817,77.18360248942746,104.11589265253218,103.57737539063407,1261.9219058645942,1132.6127628339993,1145.9114420227097,1197.4586345867215,1098.99870428246,16.52927184517975,18.658549901010513,18.35414620754106,18.57634575424708,25.0,25.0,30.0,25.0,25.0,151.85679197141627,74.8313759003447,106.01598382207087,72
Belgrade_2years#0,1844,8.354913652986504,0.9021150134184783,86.65821057363834,189.14379115335106,113.78899323249655,109.37122642794665,142.5127742066466,111.36969031860971,107.46364066360016,50.53887600920098,64.66230966736269,63.91312367953581,1727.3794522961625,1212.492658208276,1370.9729710383729,1206.5547226375784,1130.1831562667603,12.025483223938204,14.314262501457959,13.589379273315371,14.270909838400822,30.0,30.0,30.0,30.0,30.0,612.7678124091834,304.2121483234656,302.069327743008,72
USA_IL_Chicago-OHare.Intl.AP.725300_TMY3#0,2326,18.476066892670413,1.1899890219449207,62.14185238204662,130.0801475860084,31.36395476571633,27.655541676958265,36.2643952076527,27.16658721844346,27.302875479207444,101.98976058551489,121.1812259365707,117.3586747683718,1541.735570917237,1157.8258650341288,1145.285677873841,1138.5655746088087,1201.6806189014346,14.770213857202409,16.461687108843527,16.63066572729402,16.995698875798308,30.0,20.0,19.0,19.0,17.0,388.9848056518802,82.13683881649762,93.23794235801181,72
Budapest#0,3060,5.9972287328882095,0.9412242192025501,62.759582036394896,57.95941078437727,44.8436667476394,36.37393528164309,57.41194557097873,38.76653874962762,37.01902527019867,44.000677466173734,43.25152081281876,44.676821574371836,635.5595764349237,720.9455661796352,634.6667834991592,778.9247701270662,624.7625813599088,17.471722296808792,18.07052045922449,17.552597310137113,17.96878215677356,27.0,23.0,27.0,23.0,23.0,115.37221326171017,136.34896702524884,167.13699861953765,72
Brussels#0,3205,7.995766470692614,0.9771025801583825,78.37809547829829,61.30350906541487,22.645460601977376,17.81589514601994,52.49239288107251,18.603655321895367,14.28041217063435,60.32723416982737,69.98717877299289,62.876814041340936,861.1385645948467,1141.3823818638748,856.7934404736211,1201.5959210428728,1020.9484572414384,17.263797745797508,18.84852388366163,17.71575196063942,18.79415040444571,30.0,13.0,26.0,13.0,12.0,118.47099000999438,194.46388697234238,227.35716796417353,72
Copenhagen#0,3150,20.805353372417247,1.0934805128357534,199.16425459715916,81.47188588324545,28.047422795203392,20.5191394550832,21.621709325569718,22.71917666422599,76.59132305780768,157.75607239886062,170.29886820444622,170.69849737849609,3735.307499349695,1977.0728447462393,2070.2217867028235,2041.1662165428727,3241.4514508818975,16.83013563015363,18.19812122790132,18.149219612996074,18.09793291995338,30.0,22.0,22.0,22.0,30.0,1065.7787432462392,50.966095572729785,93.89037286830208,72
Amsterdam#0,3209,10.286758021442482,1.1283327212298535,133.26760901158633,58.606499967613004,25.08266452355418,19.779286687594993,19.706246499689488,20.91700822377009,16.973375547210896,59.693873614709986,65.1802209015801,63.64550297373283,1001.5526264205135,1015.7606962076455,963.163040954488,1164.510700192327,950.831812065215,17.745478335834875,18.97289211004248,18.942087087884687,18.90375767790694,30.0,17.0,17.0,17.0,17.0,173.2439573041957,113.13989434669793,190.04851794686226,72
Zurich_2years#1,1735,7.912516224206937,0.9616246499394813,63.21062666789043,77.79908820150067,40.847177575929756,34.73462496418692,43.72463238572725,36.09401006892913,32.39858599576492,61.2778740318998,66.49722787194663,64.54820415804353,1178.8993597479068,1240.0939564781775,769.7870365459928,1115.7031735878297,996.011966264901,16.38014257852815,17.57871098330343,17.178080106110226,17.507111419096294,30.0,18.0,20.0,18.0,18.0,297.6809268348096,281.6846604519805,222.8388447128922,72
Warsaw#0,2673,8.59328397243111,1.02348686104985,110.54348011150003,25.307242896031404,26.859312485134417,21.417423384025177,18.963187177040105,24.887851945917035,19.15852184267165,87.09394902597847,88.2032232738091,88.00605914504266,806.6030610550339,818.7294780448306,795.8448669610234,850.580827580826,807.7709127622775,18.643097686144998,18.781014896530216,18.895554009620522,18.591608732713187,23.0,18.0,17.0,19.0,17.0,43.46821168435406,38.52603708408921,55.87589279714385,72
Zurich_2years#0,2390,27.72406055182778,1.149186344629617,215.0064950460803,69.46216569496619,63.50002246847332,58.80354686608483,59.90086590507891,61.66668685812356,60.42837130090261,165.37996433103157,166.37566968350973,166.83666677187745,1822.251508581364,1858.8302093047762,1775.2556940502773,1805.8657986856072,1777.2652297376253,16.000496107921748,16.260778641618934,16.23627712787982,16.184987859454996,30.0,28.0,28.0,28.0,28.0,181.14187766947282,155.6580417054729,141.78471602304816,72
Belgrade_2years#1,2873,10.212064677199958,1.0821428269947946,118.56016097399885,72.95694691527098,32.69318926574624,27.89384049053173,54.1429653686894,31.028418154257306,65.09407909298149,59.28716809037076,79.61815944621189,79.44751317439207,801.1408924933605,714.2828844817002,645.6401979894782,689.4283019576937,691.5565132595137,14.549634758061634,17.613511576352842,16.98896895069435,17.485676948068576,27.0,21.0,30.0,22.0,30.0,119.58961285052791,85.28196680080761,76.48562484359182,72
Vienna#0,2953,15.190027093005904,1.2085742572002118,105.93191050409051,52.56305662324114,3.689714693697674,2.208372072412235,34.26133455581156,3.331153090355425,83.01224765935937,91.93582540366182,97.23465701843962,94.9237853230844,1104.2181519247908,848.4899430890708,1009.2515815924787,849.9119684467719,1294.5889948125946,18.097403212571614,20.0892325712333,18.30808526393144,19.804117078287074,27.0,4.0,25.0,4.0,30.0,184.21179470499484,8.181018616947178,11.986761616062328,72
Stockholm#0,2778,12.875273044386889,1.261663511642331,124.56765404845277,138.46208874485143,19.137481862017793,15.245582555357547,40.52569015068524,19.39083082120386,36.02355154323206,30.189532423866293,56.09501962808075,55.56781388339165,1433.0132501564249,607.1830962792976,659.3778537846836,680.4090705896242,641.742128561971,12.10818132195254,18.991054520277295,18.463712426474345,18.7339556346125,30.0,14.0,30.0,19.0,30.0,475.32253999350473,33.08269426337921,75.48114473410797,72
Muhldorf#0,2842,24.25150126837217,1.2291928687681026,140.85990323326325,11.098235310775973,13.775229377744925,7.109969861597186,87.55948266374466,9.774660805339693,13.887374005788221,192.40362616802057,193.37783349476007,175.31887515167162,1792.7388496528222,1877.1982176843344,2383.3372909885948,1787.9582194347688,1793.4720523500014,17.383138778866947,17.760382082934537,15.292887174214513,17.516639845380087,12.0,9.0,30.0,10.0,14.0,76.87367542140849,102.66227449154417,80.07966953948561,72
Rome#0,2108,2.352232251038766,1.011438344675032,46.07449609501146,11.336746911793618,10.33128301799873,7.099733246663099,31.7856015900967,7.7502791741497745,25.973864272548322,12.659525137729851,12.288942370127286,5.9202047637869715,156.20939853020545,127.77492221323611,220.64431499068098,129.78122940162422,167.0726550242249,19.899795177412344,20.07009400699146,17.135706903327453,19.91336856201528,27.0,17.0,25.0,17.0,25.0,29.52798544123669,7.49427326919087,8.34801987070012,72
Dublin#0,2401,5.5473170863191426,1.0868711906572353,140.5530762794772,20.55692805465755,23.220848259470497,17.62921849292219,69.43125461040938,18.61475562668951,65.70714901384517,36.72175838578329,36.469322039996484,28.04363821638309,598.9870659689794,464.0203540995296,560.32256607679,468.63090947058447,556.4225992807434,19.13026946197132,19.231923306713373,17.167604197844362,19.18107325746075,22.0,17.0,30.0,17.0,30.0,96.60220086679338,17.94005108727533,20.43276878862008,72
Paris#0,2796,6.894207550454922,1.2060656532381944,54.932278013834576,27.699638982688338,33.126378655568374,26.918424036786764,63.0411141172358,29.091212751122896,92.41882345104617,63.57895502895081,62.96462713821195,61.86894768070776,752.6144507919234,775.4643394816111,882.8918046345622,739.0867578489206,814.7877015545288,18.46330166019952,18.436430571697123,17.3778598809741,18.350480021734764,30.0,26.0,26.0,26.0,30.0,86.40386759073496,90.80520188871067,75.42261935972418,72
Belgrade_2years#0,1844,11.517219683349369,1.1302165892016782,116.1126402318078,51.517033581237754,24.759174390305862,20.58090760949568,83.19201452120419,23.03960554819411,23.325372994140935,95.48709389695269,96.8328649100623,81.43005760312798,1049.7826278569942,922.337534480211,920.9680687048731,879.4164719173739,954.5523180939174,17.61631417078536,18.24349564498436,15.895803407571567,18.128504938115928,30.0,19.0,30.0,20.0,20.0,172.6183199018501,74.47205568941638,57.15800295223105,72
USA_IL_Chicago-OHare.Intl.AP.725300_TMY3#0,2326,28.722277599818717,1.0438965283232988,147.97646892148123,35.18516042208922,25.334447149844365,18.177418612268074,87.54598882125342,21.914758305753942,113.97945594951702,190.47026212076423,194.2663570434962,178.22921896920397,1767.1504835855717,1576.307786657671,1463.0040662006518,1704.3468531433978,1475.4252808937201,16.182643729061276,16.75514288360903,14.760776656570078,16.51314020085709,25.0,13.0,30.0,14.0,30.0,198.36955759270955,76.32488022350125,158.63292926617038,72
Budapest#0,3060,11.372638154537647,1.190459115072653,72.21397280599712,68.84825681727796,20.261814833078844,14.031600307961007,47.40071043250486,15.948101512684271,56.427605343889525,53.15047680965342,58.25825485568264,55.29672465214331,843.1828115064332,713.9597737541428,758.2395933880446,738.9519926777596,781.6212302480808,17.48787999291553,18.774878439005057,18.1074313404773,18.620035417403653,25.0,14.0,25.0,14.0,25.0,159.36942321699624,50.82823991301558,67.5603147528964,72
Brussels#0,3205,5.264400403995015,0.9000791021136806,94.20142613199792,68.88808097373641,31.38347044068667,22.390836253419387,41.480993722904714,23.610091074480778,56.24382236560683,45.56683705821293,55.832684055883234,57.168235894265955,682.4019420591337,658.534273073278,705.1704347011316,678.5348158960637,651.2209150671886,17.01929314459636,18.887998531370556,18.271833446019173,18.824007825132817,27.0,21.0,27.0,22.0,27.0,75.23736628147387,38.537437544967446,49.955578572262255,72
Copenhagen#0,3150,8.648367906727335,1.203972367548256,54.90038523503336,30.180612276029542,6.400226397558159,1.3710324342513402,37.81336883779632,2.321789443481972,65.9444949094296,42.738642100538776,45.020636081741685,41.27172798432252,692.887569174712,744.2299841298749,1141.4341129594975,740.161151257968,1576.774003000959,18.63110957639691,19.57758922153937,18.00541338901065,19.402226195109645,20.0,6.0,24.0,8.0,30.0,86.88538854246775,98.61544125938683,100.41523872178442,72
Amsterdam#0,3209,17.908101329132123,1.1960726865222018,193.43485267184406,61.918404119051004,16.76568948165984,10.253118191072957,66.93896285422522,11.75346042695109,76.6466763242948,75.79875697387284,83.39095481722926,74.45475541953131,1475.7340521020049,1206.2917422773737,1513.4957884515893,1369.7667321833583,1777.1108029031827,17.804136947592813,19.32701082583622,17.597972068444005,19.213099501295165,30.0,10.0,30.0,14.0,30.0,268.9172676533363,31.612515762301385,118.89891335226079,72
Zurich_2years#1,1735,9.287421362735063,1.2944023481877167,52.46077007228151,75.64203137151691,18.72641664776687,9.944919873968093,83.3781515264078,14.476306246787153,84.3961509268045,46.69166434777182,54.56724172815333,46.11433929867655,912.8359223299095,596.5745092319794,970.2050081462862,634.289215426181,979.2268166552988,16.62131293957545,19.25726908261023,16.423294440130217,17.879117989202708,30.0,10.0,30.0,15.0,30.0,269.8652838611642,57.69557016230471,80.62041905012268,72
Warsaw#0,2673,11.525442422438015,0.9364752952629576,98.56410303764181,13.791286406416575,23.04254577206838,17.03801165248381,14.47432060459942,19.653395122526277,15.017032956383208,79.05332049067005,78.58294680240373,79.18813640892249,879.279739203212,1046.3145530898873,898.3215019065087,1090.418348263342,881.9026037512227,17.008049257743217,16.831812801976604,16.971015735909706,16.693549421803183,15.0,15.0,15.0,17.0,15.0,26.75417165811552,119.56498077437703,147.43015900859655,72
Zurich_2years#0,2390,5.642712087682035,1.1947999312235058,35.76411742052261,86.20289586227108,26.910867651878398,20.004608195954066,17.053603309180133,27.06914364340478,38.52737372174343,24.875313707848587,36.496150870088414,36.511702399155396,1045.5809362779605,406.3532486828242,426.9412120462495,476.60037705128906,547.7558894285819,12.807673014996048,18.772852995141587,18.89604102070917,18.506830757673065,27.0,23.0,23.0,27.0,27.0,362.4168326018,45.7082331538098,83.31252978948018,72
Belgrade_2years#1,2873,6.634940548582083,1.1615287352265224,55.295053240018625,13.300799525314005,2.414059428379323,0.36781026590195154,39.012989521631546,0.534537869274935,58.98647105004045,30.898157977020766,33.35444645843494,31.950135569833357,263.0231791638854,233.14836911856867,304.61124568211494,233.34056525822834,647.047232646828,18.355005603248348,19.682835283837097,18.7682273701115,19.51332782097192,28.0,1.0,28.0,1.0,30.0,32.67105289534978,2.413864421584858,4.430747764943007,72
Vienna#0,2953,29.23599376108957,1.2025335059504219,243.4058978816072,90.10399911925899,7.211152690625827,4.274411530921071,31.532946950798895,6.317140380043682,97.01463894005141,148.5824022536712,178.3549608219203,176.1715083175262,1919.3121532706427,1449.1200621780215,1561.0298068910201,1470.0445271729727,2052.0835858592363,16.457718779562967,19.045927181336545,18.18987102540776,18.75793421623652,30.0,5.0,30.0,8.0,30.0,375.8862875843733,12.29171948156236,32.64660025096015,72
Stockholm#0,2778,12.773168938549233,1.2272870867462051,79.13210398105574,118.83552272737816,32.02078755188687,28.405780977294064,29.196209324224476,34.06257054950072,96.63251124827268,101.95313831021342,110.67459593547494,110.90942420370945,4080.277070689445,1254.1429406190452,1225.1773052400838,1246.1050065248542,2490.2223479709055,15.777191599633902,18.041344068060525,18.105331722065003,17.77989426846493,30.0,20.0,21.0,22.0,30.0,1579.6631423434158,75.80930715030468,83.85547822378967,72
Muhldorf#0,2842,11.953354731267739,1.0138266126777924,71.15124440469096,67.13949528745651,52.06409621977074,45.71484348810948,53.41834245176703,49.5527251820469,129.0755732810788,84.36760864194949,86.55697690379795,85.03287435663263,1488.3371585563589,1144.9970164181805,1300.829157634842,1187.6064425050117,1923.2089517599366,15.707698063268335,16.328671987621032,16.083624359708516,16.196940153503466,30.0,25.0,25.0,25.0,30.0,385.1462949012799,174.46047372094785,202.42590455526124,72
Rome#0,2108,6.939595441386078,1.125991801933226,149.95729184277806,39.06778985353501,5.0189137671657065,2.670329114043131,22.002993321300664,2.3825258294256706,10.729378904110451,30.69214797885104,37.485442479193864,39.22291216174572,300.91488771507085,237.6482308398344,301.8434671371522,244.53830505753533,248.81094647725007,18.715736776298883,20.436014742189098,19.7441466022248,19.74645903118523,29.0,10.0,30.0,10.0,22.0,62.75702324904458,3.4766467999592514,2.946483284944378,72
Dublin#0,2401,6.457956229327021,1.2430058798357513,63.13935418855931,35.540710276124535,20.770323065289908,13.741159116469554,15.021982646144032,14.640234962357205,11.718083205073619,50.87319397711667,53.61498747903242,52.95958437149964,655.8797240549042,607.397310295406,669.7713055730113,670.5807562221005,642.2236002743614,18.323664048928034,19.068540355631892,18.99644946073442,19.00365545841776,22.0,15.0,16.0,16.0,13.0,99.21936609819313,40.831535187972804,74.40246812182579,72
Paris#0,2796,4.333681354165827,1.182846295411228,47.66991398412832,22.50778534519294,30.600528519152526,24.320323269417432,21.081650148791258,27.373066157508582,23.6274281896063,43.481568140757226,43.19131569591995,43.01994113919893,517.5504236885552,476.75930402761924,446.189502026156,486.4242955143019,505.81455713050565,19.320175569401787,19.289394188532356,19.420905279664034,19.172729996730933,26.0,27.0,20.0,27.0,27.0,82.83963932886978,56.232099737077974,62.55255954223704,72
Belgrade_2years#0,1844,7.412498312285154,1.2166063316252738,70.4010138455016,19.033503723500484,9.437432669272036,4.043592634466393,19.844824496858532,5.468191073899753,21.12413909055824,43.33249744860389,44.942930972090664,43.36257955140231,403.0320523737728,360.27478633279316,404.72260256901507,371.9059201699734,414.7997835146629,19.245349340030856,19.834308945906876,19.238686289431318,19.668347315225304,20.0,7.0,20.0,10.0,20.0,43.13516509370855,4.999405357421999,13.03772543613783,72
USA_IL_Chicago-OHare.Intl.AP.725300_TMY3#0,2326,7.6801376533962085,0.9356964444270897,43.36112559275055,17.48952736330679,23.40111986914412,16.911417249812263,71.77827819932702,19.687596287730493,86.87216818032414,63.63278031880815,64.0995951680707,57.72903613921443,567.2400725756864,583.3283375986556,598.5686136007366,628.3583582253516,634.336218557869,17.69123128293652,17.750374297572137,15.968499094524383,17.527318372575458,11.0,10.0,30.0,13.0,30.0,60.229127909658445,72.60552740617406,100.15355106200926,72
Budapest#0,3060,12.560334477248132,1.0290197107279844,163.19958715967311,80.88096437335142,45.330322873052914,39.083161561028305,33.90515133071467,40.22388611152594,81.57249440186285,110.77582266831386,127.6322168739541,127.30518720440101,1658.6968393916363,1643.3775777503943,1457.1903322466887,1604.641642549277,1509.662641032841,15.744874488529335,17.227316483047623,17.404283511170796,17.18607488926481,30.0,24.0,24.0,24.0,30.0,254.9495544235137,175.88027197671454,162.6791860909322,72
Brussels#0,3205,6.4150291259424375,1.258878344827162,69.27083944681101,53.1931282280004,7.112526820349897,2.7124105551504556,35.619218740805024,3.7008856846824187,36.17522839461071,38.87970149384538,43.45710893857107,40.399144378990044,882.5763484544373,477.5415980542521,531.1839309180243,482.384325484057,602.2951289133937,17.99408862893132,19.94188773943695,18.628583340792034,19.80481724252497,30.0,7.0,30.0,8.0,30.0,254.9324530979126,13.671177161395171,18.923833632382134,72
Copenhagen#0,3150,4.8902947176530684,0.957639951497996,47.88774131632728,66.0680635041019,7.131401562106804,2.049240560844982,57.67157067976541,2.892992145826227,0.9033026747980912,20.826518857124196,26.1673476457293,23.378592468444577,654.1874284749799,410.62390124205075,680.3032931707769,428.90939760522645,370.9071143751188,16.042719670201564,19.200179773706072,17.27989754895317,19.07468216017403,30.0,6.0,30.0,8.0,4.0,189.56476093223628,41.60662412301499,52.38983345529657,72
Amsterdam#0,3209,16.808095877836507,1.015713377734373,229.1554556611427,55.6545005493449,18.392976265312235,13.612684539842654,11.167611104432112,14.12409814641817,53.35204414548204,84.61038397038801,92.96539196796073,93.68848819467331,1351.3806032747796,1609.9359476477334,1423.240514032154,1665.5308561226166,1318.860928508529,16.732631699250057,18.257542648578553,18.47668819361825,18.21100090998884,30.0,11.0,9.0,11.0,29.0,153.3368293601433,172.03429289383587,203.0734833620668,72
Zurich_2years#1,1735,7.458976800957668,1.1639926241230318,63.49715626403802,49.453804617115956,11.41430105731169,6.9420370975515695,15.014794905358556,8.134419336638615,5.774251651997378,54.76026347453939,66.94195114564494,64.95857382415466,1076.6891547614077,580.2993480520563,573.1635389241508,648.5370791821605,549.3316045211161,16.774386737248076,19.518646838860693,18.764033943910675,19.3474141800892,23.0,6.0,17.0,9.0,6.0,311.3347525130406,41.96778296484669,80.35421067867325,72
Warsaw#0,2673,15.767166221458249,0.9352302465842065,141.40047620314937,85.94785901683932,46.7232306602479,39.866779999966475,42.91091794519377,43.39081611144982,36.51059320911602,127.9864580829123,133.64616417732847,133.46920773234828,1576.6136624407911,1933.9250416650284,1802.0392044194232,2098.1465992316503,1880.119381445096,14.512657911004133,15.718409144383587,15.601139179619768,15.582671415838185,30.0,21.0,21.0,21.0,21.0,120.76133677487913,224.16506364975248,316.7027479981895,72
Zurich_2years#0,2390,5.964134023786261,1.0872499285733412,52.737964394208745,45.47261388099258,18.670258454011677,13.350725690977072,20.695911332883846,18.382813300247186,22.978023654626206,51.05342517408221,53.201250586710586,52.304849819233674,516.507565260363,444.3967534557144,413.13295133713,445.2970172245109,422.0012604440109,18.212711218642397,19.104888380568358,18.93353353134859,18.865794068861753,28.0,19.0,27.0,21.0,28.0,104.24372975054075,43.8964602085812,47.47286295653378,72
Belgrade_2years#1,2873,7.262920192302434,1.0467421350287716,56.188998151776524,37.609712031683515,29.02101750641614,24.19085822198287,47.42593354668027,27.48501244169037,81.69102839311613,46.05547234919645,46.934577625573965,46.197282595907055,538.8148719879442,533.0549888689835,542.5045498685263,561.087740313802,1006.3388011736599,17.91773472480193,18.077098882832768,17.64010207106247,17.921646507610784,28.0,19.0,30.0,22.0,30.0,75.96438453894756,63.65596582997922,80.11308824986438,72
Vienna#0,2953,15.89289186597749,1.2186514216715492,70.0262065960333,54.57679123373163,13.921816763221383,9.51902558253984,30.67955550713706,11.460034323041143,22.63781672552211,134.1033197016371,140.3318738122928,132.11305386749638,1406.5535441129405,1299.1692566618926,1384.547878387377,1113.3200398921476,1340.484118394564,17.108162287464555,18.50769201091848,17.541918198836854,18.480592863549262,30.0,7.0,28.0,7.0,21.0,189.77428681392365,90.95725291925237,13.88215918794954,72
Stockholm#0,2778,12.998444778303842,1.06765563711996,74.62276234205994,108.5255281767518,84.13649213673526,73.3911389857424,116.86453609409979,76.72165000658849,122.06757589867914,82.6882421731696,89.87546416392617,86.88893239161031,1295.931348135944,1445.1688825993656,1105.3668168769238,1662.5038275201325,2607.337538007926,14.363708276423187,15.506265354340474,14.300222042925904,15.394141168715592,30.0,30.0,30.0,30.0,30.0,205.70815827377177,241.2754308686632,358.07001113919966,72
Muhldorf#0,2842,19.0086912358572,1.0711204892231945,129.22698085117543,57.73888457310262,59.26630435680865,53.15029689744108,84.03983917477937,55.621113927616626,112.0657972664325,141.69654848676254,141.86767166100265,138.0590878533287,1661.6261872964856,1475.0465446587461,2035.132584876764,1636.791234448979,2141.8325426348056,14.959685195919262,15.09629799730458,14.319306736983757,15.005528789228515,25.0,23.0,30.0,24.0,30.0,209.32871357613766,104.9526170856308,196.94227235269673,72
Rome#0,2108,9.684668407544503,1.240554875643506,126.48792968685822,46.204829280146384,1.6224500879904316,0.6163416038611764,15.559931811658576,0.7184659486655747,8.9466215305598,37.863263570519294,68.61864747809086,64.41338716177077,377.3893461677162,350.27251346368365,370.5997575977985,357.9075819932969,334.1332460272211,15.454444304837173,20.283304770957418,19.427324659682228,20.23138577920184,28.0,2.0,25.0,2.0,20.0,72.99067392206642,5.990915645885824,10.714949275920073,72
Dublin#0,2401,10.573069679192049,1.0263007597975702,142.33281772519894,81.08171284807318,46.39887800160597,41.88101344765931,63.235430400448415,43.29408523375361,91.73467389159491,57.81286558321944,61.38635843195639,58.54477809863463,2724.981324767554,1406.8684230659142,1309.4902932880004,1413.168592273812,3361.49664441931,16.52335392896942,17.43900612891124,16.86950839580007,17.39535845976612,30.0,26.0,30.0,26.0,30.0,1001.1548545963749,270.0507470597425,274.2711455763047,72
Paris#0,2796,6.902366356367323,1.2257608056894918,53.78018592592561,66.99202924516072,40.82035368444772,31.61918984195487,75.61775125250016,33.07339510091769,31.50512739670364,45.11822185974568,46.556554534276245,44.43239754195607,866.6342466041651,734.0999660775209,1608.2129253683313,773.4597896431037,671.1041518144616,16.51848847202627,17.8033721736966,16.397667804428437,17.744525802572802,28.0,23.0,30.0,23.0,23.0,233.59880302540503,123.76522708478207,145.32439107991132,72
Belgrade_2years#0,1844,8.038479475555423,0.9595437179124621,106.66946747535434,39.54464417445977,16.952246794181953,12.700853090391973,44.33716655964727,14.257298435669796,50.77975827348343,54.271463082691525,55.327288867144716,52.29571719563367,582.6547971840595,479.4539368181741,694.4624062992986,490.418049423694,644.4926214474841,18.09045585568884,18.80719270293726,17.666725620012787,18.71636295990454,30.0,16.0,30.0,18.0,30.0,113.51149437548494,39.134804632246166,44.41917891970359,72
USA_IL_Chicago-OHare.Intl.AP.725300_TMY3#0,2326,16.036939482895455,1.0964737495254242,98.41918910514346,98.34832447242121,30.496822180273746,21.51956565270225,20.379648342725638,27.14207011765042,77.11540211808835,98.57986895379487,109.71895654585792,109.97581227402597,1215.344194038567,1002.4820824449803,917.3174803820793,1016.9483093681367,942.867716796086,16.093010273507808,18.34624936012563,18.40494475372903,18.02483545398523,30.0,15.0,14.0,17.0,30.0,278.62242901948014,103.65051012356668,121.28520613537206,72
Budapest#0,3060,22.727003371333474,0.9276390067820223,189.46431549235263,79.51009707117075,45.82405442374639,37.789436770274236,36.90115215972797,37.97887086601625,37.406892093027835,160.37353171733682,176.49515228610946,180.47658436709725,2041.8041714931392,2785.2920112061747,2361.8564440046866,2703.191619136112,2425.9101829843835,15.084746569855183,16.524003895942588,16.585318608164734,16.467626351446604,30.0,17.0,15.0,15.0,15.0,213.39136461318307,421.8442165680408,387.9013653431615,72
Brussels#0,3205,14.089362826870895,1.223997045833445,115.66886973524375,76.7265715057996,10.324152092005379,5.615868524719161,83.16095774942738,6.7756058635478595,15.712828825267579,90.11148296446987,103.58819633273846,88.1335035768642,1853.5492847254377,1183.5779202938713,2040.718650720764,1256.1897110160685,1139.735927266989,16.70079170127917,18.964623665865453,16.407085349557907,18.848432123937197,30.0,7.0,30.0,8.0,14.0,501.0516668358366,51.86242313314055,94.88007525866621,72
Copenhagen#0,3150,9.787937912841764,1.1800539796414586,72.16481512371767,14.631693389877888,20.571932516350742,11.46928788192897,19.62457012336843,14.02364986033124,89.76178078676179,89.81288098483046,91.90553292140164,91.21481172187885,1254.2364258741002,1289.2517303890008,1213.5997118648497,1372.479015928682,3296.2283777734106,18.77681842479146,19.042124295562502,18.337616905544056,18.873280569225834,16.0,14.0,20.0,17.0,30.0,132.59681669594772,142.22064120544434,190.63259229550422,72
Amsterdam#0,3209,6.94896958828144,1.161294776459764,60.840894352084945,68.25171556328188,28.876788583401158,21.95388569607722,19.545762370020146,24.3772738013054,69.20503934565414,43.81259107597965,47.65718225559882,47.90093693193643,728.5382822989076,782.4418986160399,680.0802106482122,774.437742028884,1014.0760796323482,17.454981648809273,18.821248103968355,18.850857220481064,18.70674537687017,30.0,20.0,20.0,21.0,30.0,132.6857250083139,119.61596777581714,118.11880775414656,72
Zurich_2years#1,1735,5.994808627792473,0.9795515988722012,51.00989888869821,16.264346430524633,22.736664076190742,16.966798006349478,61.37742844089935,18.488568519387247,16.53106873515927,32.162492075667444,31.917234926360567,30.04281155038774,453.2023695143615,458.3181077585143,642.1052236439155,475.0339929285452,437.45849648456823,18.56791389686139,18.705572326339993,17.122203940998173,18.59660992736154,13.0,14.0,30.0,14.0,14.0,72.8260168208185,77.83987566133902,87.70548560053457,72
Warsaw#0,2673,28.825408617428938,1.2085281200528517,172.82339875778848,61.36604252705233,42.18921620061194,35.271850064777404,35.74457301890075,41.05951121122521,110.08814051906987,238.2866547275714,246.04244388980013,247.62992368178212,2786.5659454411784,2953.6202651991825,2572.92959983901,2745.310600670886,4315.626076888428,15.404720102129122,16.665727640495486,16.581149942262467,16.498774345968148,27.0,22.0,21.0,22.0,30.0,321.9745508440788,282.0215885604352,201.4777206875974,72
Zurich_2years#0,2390,14.989292217694935,0.9412786177923115,167.50799156418861,86.0277306589603,99.13724602877815,89.8530864990988,95.63801207406694,90.52452206720147,123.92913524192335,106.51308996370642,107.28476652520948,107.68104402796851,1328.5468129746464,1327.107145411818,1392.3225642408506,1354.5247738683179,1601.8623545569062,15.368498171170275,15.273132068700653,15.141442170936559,15.255015196496432,27.0,29.0,30.0,29.0,30.0,157.64661309733464,161.82351340840748,181.53541167967805,72
Belgrade_2years#1,2873,12.705643256053593,0.9863996245900022,186.5755805442133,40.20006707992062,2.21954421317424,0.720065349204237,41.58298694364716,0.8856554581423133,36.16419439428199,82.35660639026487,93.72114886792508,68.77384893874155,615.8048299713269,602.0129433371318,567.4064791413944,608.6297061515769,602.7680469069498,17.242973911157293,18.88568550810405,15.730803890476764,18.80735817430123,30.0,2.0,30.0,2.0,30.0,74.3665238182146,22.050747923152638,25.843305422945743,72
Vienna#0,2953,22.25837981029467,1.0862861012499199,141.58040761241818,57.371268712644806,21.029872578063273,13.954340717449291,42.52771343527502,17.60498426436317,60.3936111821061,146.71159031072662,152.84286183369667,146.39676662635304,1344.6572648934095,1213.8546467544654,1323.0330401544898,1247.2291718345548,1372.3023203208604,17.02854686992738,17.801646371714362,17.011105804848093,17.527696949259575,30.0,11.0,24.0,13.0,30.0,133.76611316337537,18.426082179607494,49.80395018617188,72
Stockholm#0,2778,9.160287337448326,1.0897022947300377,58.75009609927183,185.55261573616232,72.32671685308712,59.984676664409456,55.63385213310451,64.75245888872304,49.54412977056849,54.45466863655683,73.57509338602927,71.66950674874668,3035.8288037744733,1218.8022170501426,1002.6251297592963,1369.2979150508195,914.1951930261846,12.566138452403308,16.774305041641018,16.819098989710252,16.593390002617806,30.0,30.0,30.0,30.0,30.0,1199.5932773929142,227.55645313849635,308.5943341795614,72
Muhldorf#0,2842,28.68377957244109,1.0465692727441813,199.8885768616788,60.17832953388312,62.991847791178536,57.67820147395935,60.14551516404633,59.49377260826611,125.55607734116808,182.50009526687498,182.70656618576788,182.49956498679867,1784.8954926689214,1967.8583504833416,2066.263337159762,1951.0436075591624,2464.084483213015,14.907216430703487,14.987639958785588,14.908237760045557,14.924373155385673,23.0,22.0,23.0,22.0,30.0,87.62453697190828,171.76828285349248,176.73626679043056,72
Rome#0,2108,3.3155137151248355,1.1916814001262892,40.069231841153105,36.65078164192131,0.12596783888971252,0.0,15.357560217950049,0.0,29.240975450316274,12.901894543277669,14.070161637886423,13.358871107973092,208.99440729904143,111.82623234108085,145.79051127030297,115.73148436048731,197.55558453588156,19.21969377707405,20.486092046725595,18.71772762983194,20.506149340925447,30.0,0.0,24.0,0.0,30.0,65.81525704558473,1.75433543847263,2.3900822023028994,72
Dublin#0,2401,7.330084584335626,1.032381571311405,164.1052756619328,29.315227985889777,25.286565727705693,20.079286418446525,67.04300688894925,20.84212130114092,91.94374773910704,48.44940068868827,48.1029537427519,39.28164939539843,737.3330836259411,569.3875010484379,587.9523769369378,582.9176201330171,772.224290828513,18.624719319491014,19.025165875257784,16.99161668313742,18.981912576881513,25.0,18.0,29.0,18.0,30.0,130.3413903385229,27.615758421425074,34.529808800465,72
Paris#0,2796,4.221862497876673,1.0343973493757865,69.20179500321764,51.401871503363694,51.50944939685019,45.00336573630722,77.25877135882766,45.9404795851967,62.996667867838624,30.528571112372962,31.16264785682354,29.030362959018994,413.63718526680947,432.84954344988654,468.12030809494127,460.7917234758139,430.971153056273,17.190372434382216,17.408124092579726,16.389388692962534,17.376232375260777,23.0,23.0,30.0,23.0,25.0,52.878728816741784,63.33759987456518,77.79851402925117,72
Belgrade_2years#0,1844,15.055254701051785,1.2048243547915205,151.1544410352197,103.02318403778948,63.754733168864014,58.434266945188114,73.53847164811503,61.913560300381505,122.04759803097782,96.44949800753821,98.55188660305905,98.29994209572959,3003.691939048909,1239.6257557692036,1449.6430494293638,1343.2573514678443,4372.916922050802,15.505293408921734,16.60128161708247,16.21477453017129,16.51448944573125,30.0,30.0,30.0,30.0,30.0,1092.942172317893,119.34415697589148,175.84842949793736,72
USA_IL_Chicago-OHare.Intl.AP.725300_TMY3#0,2326,38.31618330017001,1.2824550825082288,159.28250481248153,125.74866473723267,14.07612825920002,7.216941494274799,29.27152942529235,13.278971624612158,96.44636344085421,249.0974358057425,287.955077893745,281.5060092243569,4890.769868088682,2217.330091655936,2257.999384600343,2396.1825404552637,3531.8291222385537,15.03849352501721,18.597188089594525,16.375416438822967,18.165336414566426,30.0,11.0,19.0,16.0,30.0,1549.782186998418,13.982303846802598,141.05336301443788,72
Budapest#0,3060,4.705347642824087,1.0007910573644088,44.14229172319583,18.45965114119754,5.590499949079758,2.145526362769928,22.243631566225844,2.986273531880215,35.515240141371685,29.817621430822467,33.91467427374633,33.766107520742175,349.6122039045304,363.83028216525514,374.9957698747397,376.3793920093522,401.1421699982238,17.994283287289626,19.67054335137593,18.88512108347724,19.551834533342152,16.0,4.0,25.0,7.0,30.0,22.52906408173621,15.09641450700866,23.794852405307342,72
Brussels#0,3205,8.039728613907318,1.1408688497905723,67.60127169600953,90.85999448783284,36.37385542534343,31.78624738116363,29.623853898253802,35.00780304254114,84.3469723167041,71.93995054595896,79.01088807555584,79.32361957477247,1074.0501010505373,1028.3310083521387,940.5310789598974,1010.6888933627129,1287.3894956234358,16.90401586177816,18.695600037204677,18.77874771485669,18.568601054627194,30.0,25.0,24.0,26.0,30.0,223.39713032296447,122.22853092356496,117.45312893462945,72
Copenhagen#0,3150,19.76346827013005,0.9900987938870837,196.5739261628617,97.21118750285817,59.636372444477225,58.44097328627302,85.42987560547627,59.1322300398595,55.262678184760176,121.61436385158925,125.4980564783014,123.03728260300839,3399.1746421096163,2707.1012552410307,3040.5111531956286,2190.426869703275,2115.216541452626,15.052520707900975,15.86907976034566,15.322721131791141,15.855086210199357,30.0,30.0,30.0,30.0,30.0,1010.6223291723076,526.2465720106109,273.06465396568603,72
Amsterdam#0,3209,9.661750603875817,1.0069328670570865,154.07959337858298,11.145504533741686,18.71277348855785,12.614115721128993,49.41840471358444,13.478354249552375,9.075403616094142,52.55770228723088,53.89749345211503,51.08615296379767,802.4107150639534,893.0629244235525,878.9722980851,911.5142455703557,786.2692254232703,19.185863422872238,19.11901066265689,17.78745324425161,19.047334487410367,12.0,12.0,30.0,13.0,11.0,38.375997433683764,94.99121823888936,105.69897504064284,72
Zurich_2years#1,1735,24.372053538938125,1.0884957099828831,210.78651151976138,29.7295669242454,33.2768218449868,27.165615560302335,33.160556658685465,29.41968448972046,32.40609109832556,216.7828877569542,216.5038270095476,210.32194942637045,2090.454825301662,2030.7034034554238,1977.8873207064623,2111.9185247428545,2171.198159386422,17.775754100219523,17.91088715738564,17.721696961693333,17.801123773347722,18.0,18.0,21.0,19.0,20.0,124.59947329361228,98.92667827417188,150.41828224141366,72
Warsaw#0,2673,33.433947001052594,1.0188370924813768,223.97556168328978,100.47474688128567,107.19147911440149,99.67268519350068,104.93046588854612,102.52247087007159,153.1425799405211,325.15811833185415,327.52735395202615,326.95691612982887,4318.794121675152,4413.814242046937,4193.710547874939,4270.296975176641,6040.182502202437,13.385835660975602,13.405754035675152,13.27585708256758,13.33901041965835,24.0,24.0,25.0,25.0,30.0,328.3042285379842,399.2192118362188,352.01631414892245,72
Zurich_2years#0,2390,20.63402913041692,1.107771948865419,161.87042788952755,102.93361043670991,30.594476600718046,25.03039487705708,100.00994010573137,29.444432389825494,27.28148964934525,117.41084317103335,133.46759327171128,117.5935711425687,1310.7645559724283,1232.8772599003223,1412.5702819259177,1253.4877820686638,1126.2381386611519,16.32710474561827,18.555322105297112,16.345004444105744,18.36591053661796,30.0,21.0,30.0,23.0,21.0,284.65884786752724,128.57567828687849,147.22521978619383,72
Belgrade_2years#1,2873,12.557712608627359,1.0725018217142426,119.93818079687571,53.29894038148801,12.109227845861188,7.91484930790585,81.61034742706678,8.726538338169863,23.87724208795883,66.99029000282206,72.9568890693021,61.614641985512826,637.3645717315235,543.81055071169,623.2652580636397,570.6534303288025,548.0604731076264,17.44566111909345,18.949680488391806,16.39569342825648,18.8410083858746,30.0,7.0,30.0,7.0,27.0,117.03390197936108,25.92596769424817,42.6862655520533,72
Vienna#0,2953,19.036904881762368,1.167089285790797,111.66556820137819,28.365622530905636,17.550622431172492,11.26407669214813,65.74998397285202,14.6126931524417,70.68202064207826,127.40622796974263,129.16694053965546,117.5381774767647,1171.5622358302614,1058.8321204519232,1257.097758960398,1044.1840509319022,1263.7315538298537,17.92480220539022,18.54473010383158,16.942706793987515,18.262351114721437,22.0,10.0,30.0,12.0,30.0,101.74891841228782,23.875170826759124,29.126940057038258,72
Stockholm#0,2778,8.17912831850035,0.9362051275486729,59.33449408299448,117.4623966660549,93.76041524232892,80.58973658224586,76.9227184425906,84.15967927366532,123.3304218954894,74.66355758560329,74.79278810123938,74.87403462732571,1035.768755492536,1471.7289048602092,1152.686032136399,1481.834218145646,2606.8422121974986,14.289748548531566,15.269703828254976,15.36707226369749,15.174245666871657,30.0,30.0,30.0,30.0,30.0,124.24755540620627,319.46047751456854,330.4187574734042,72
Muhldorf#0,2842,18.858168092654363,1.1534893678973819,162.40681154238672,26.545415986099435,26.903026858004942,20.140330376224767,25.68372188228251,24.61314264807694,21.35882354921599,119.91138792683275,122.16270548181649,119.98367332839786,1262.3079366474735,1132.3119640552397,1069.4728469050644,1149.3522491064632,1082.8975234963518,17.88538785479595,18.03625149680805,17.76459012437377,17.800748490703775,19.0,16.0,20.0,17.0,16.0,146.3122204661721,67.80514213710279,87.43698290227694,72
Rome#0,2108,3.5137162590160296,1.025113007017544,65.35176862143395,5.9085440707745285,0.0,0.0,9.499595425533307,0.0,12.288907321145171,12.22114483473546,11.714478162534002,12.507902805563656,57.99881222603902,44.10054004482457,63.838381008888575,44.85621189025519,69.99632943835032,19.723068776627613,20.134905479415966,19.585644248269436,20.807116436311844,21.0,0.0,21.0,0.0,20.0,14.535558469158381,0.0,0.0,72
Dublin#0,2401,8.838283843147535,0.9806112446928702,132.74470328387545,93.96431183389113,38.29818254779517,34.13051602203863,72.60532362830351,35.198437869831,127.00164142017996,47.36933076281165,51.13948819531145,48.84749978412302,4393.754729281565,1012.5378791736118,3339.7445942630216,1110.728172495355,1384.85609068765,16.395712812477466,17.80830683188546,16.942852319948468,17.767289302374387,30.0,22.0,30.0,24.0,30.0,1906.5075767379244,130.24840318506716,180.74329620881085,72
Paris#0,2796,5.006712745573425,0.9529645787104465,83.76392617740674,68.01806509415296,48.810003030608506,41.35640063653035,57.319795163894554,41.631828559592705,63.48055264141597,40.18232174517932,43.490215162324546,40.70397087285798,490.8007893690245,490.0425161915067,473.6787160581804,510.30770767215535,525.4070620064629,17.08049545250475,17.94998917131692,17.427324875011557,17.94108687211675,26.0,26.0,26.0,26.0,30.0,72.17266985468527,65.10809784941942,73.20508170430833,72
Belgrade_2years#0,1844,5.9375419572288415,1.1140119121658927,49.3661076092058,54.97083094073527,15.63559448345036,10.173454910189076,8.418471656427538,11.711458914630875,26.668310383960574,38.578209075144144,56.430154366766594,56.359032391026446,797.3164335550375,501.22571419905404,466.0729845072643,516.7772135164936,567.3973577813119,14.700905785371551,18.769054093177914,18.897534492623386,18.658143692994386,30.0,14.0,14.0,14.0,29.0,206.81585996084613,52.385233063662724,62.82834813062756,72
USA_IL_Chicago-OHare.Intl.AP.725300_TMY3#0,2326,31.26181139065925,1.2530808013559025,150.91105556831957,56.36854426526595,24.892773334159557,15.52492842580978,32.75527631852269,21.712755958647882,19.647639020413475,245.38091425410133,255.74379392116336,251.97549060943584,2037.5805097609077,2157.3110287171467,2152.5977954582963,2012.058093367526,2037.425984150071,17.684280111245705,18.925668593564392,18.19633407570124,18.48896066781363,26.0,14.0,23.0,16.0,15.0,175.89686955716945,127.329767920723,85.06880162087208,72
Budapest#0,3060,12.755369833491743,1.1187769920635842,152.1997225813701,30.638651189958733,7.3196844812698405,4.655198965373444,39.54554527414349,6.087509588539589,3.682911774618219,42.609567843303566,47.59716564446532,41.35596623779482,589.2343870971247,596.4427230954547,609.1435124808146,627.5739515079081,574.5654849336912,18.770154226249232,19.40752593076171,18.2563537531765,19.38358307890314,27.0,9.0,30.0,9.0,9.0,80.32630084594587,40.78834943096648,60.21767404142568,72
Brussels#0,3205,12.903733274740368,1.0774299621964065,112.47325273275479,92.48363812137913,35.2222450722494,27.72105137514523,88.51033729685287,30.31314181501394,83.69432515773279,88.47712830574353,103.13550948206617,89.1837119143839,1693.8469880147213,1805.1919554340457,1689.6094018159408,1685.1190924897114,1196.2240849797367,16.772882231437258,18.64354747431946,16.868718604503858,18.323405949240342,30.0,19.0,30.0,21.0,30.0,409.93628955813057,345.9642488575078,290.9054223192592,72
Copenhagen#0,3150,11.06216197138243,1.195458631900435,149.17760624703243,26.987391027258024,3.3372192057876333,0.8792937163718513,1.0827304030048168,1.350019183478821,36.54350791763592,79.01756024492082,84.63176179746046,85.60253450851054,897.4904637577085,907.9273267908316,891.500385139974,915.2707770056586,940.3999700690813,18.728058663051428,20.068470495464826,20.061158770886134,19.91494108962182,30.0,3.0,3.0,4.0,30.0,56.45474499171753,13.613392122261715,19.500109795326903,72
Amsterdam#0,3209,4.597622418227567,1.2098689631347175,47.29765767747985,44.45653679106974,6.652749163392354,3.9296882916127487,3.7569110480085257,4.622494041521513,2.65152800706095,20.534045520996397,24.132793809892195,24.50041174717837,447.7760414152343,400.9964759761713,344.4977328194783,443.48297673361606,336.1033747801152,17.993225750192835,19.30553386103162,19.336092857065978,19.163402469352004,30.0,6.0,7.0,7.0,6.0,106.645393504211,53.86144490978557,76.64696297860108,72
Zurich_2years#1,1735,12.845515828420318,0.9774867946715123,146.18560080227854,81.79404662442533,85.01962083258866,78.87121157865683,74.15610157908948,80.34920313172539,82.10299733755812,114.00296929703413,112.48871418068605,111.96840129115085,1882.0199280053703,1771.1285479379974,1693.112157734451,1829.8021127509446,1964.4120709844997,15.354629013190408,15.408413458777101,15.581057684038264,15.351314115391276,27.0,25.0,22.0,25.0,27.0,355.12704742230386,292.0403002253188,325.7289546437486,72
Warsaw#0,2673,14.147963964406735,1.061663021614158,101.75823644823376,118.19528170525362,60.2044270558615,53.442449427524,110.71954010887212,58.35852997952588,54.72626242605661,125.97626477625363,132.27227962084515,126.52933689257493,3434.5671250956593,1666.8044103408388,3221.044413136904,1666.0008471762912,1576.096920535187,14.722570451948467,16.333215115266395,14.86262844979536,16.181806666794646,30.0,24.0,30.0,24.0,24.0,1157.5050357927205,164.48751455324464,176.42805387776642,72
Zurich_2years#0,2390,11.779161661079279,0.9418012195066038,81.02718205999183,89.71216687149592,108.96905001264939,103.77830127828675,108.39228788159842,104.24495379546893,101.02952279017491,101.62406295749166,101.60172282621679,101.51233777717327,1489.8437427628437,1772.9666249742406,1806.4155559614599,1822.2315438693704,1710.6142000187247,15.054568138226909,14.697995068150886,14.581032607905643,14.686112691428347,30.0,30.0,30.0,30.0,30.0,205.92552800218226,358.8133732184675,389.6304823913534,72
Belgrade_2years#1,2873,8.971810031646507,1.023420867699025,82.70932773579868,52.20439432906126,17.134743790434285,11.595035288745912,67.20887176668336,12.722666885394556,43.072571739339054,59.87728731893209,66.11040996948122,57.7331262374718,506.97592867023974,524.9751999276234,529.6839529731913,497.1229978540477,457.4571182549845,17.01761231429206,18.532366665548498,16.567486090397036,18.444812801278886,30.0,8.0,30.0,12.0,30.0,86.68349396324388,56.06986933829445,44.72562506753326,72
